Electoral wards and divisions Code,Electoral wards and divisions,Ethnic group (20 categories) Code,Ethnic group (20 categories),National Statistics Socio-economic Classification (NS-SeC) (10 categories) Code,National Statistics Socio-economic Classification (NS-SeC) (10 categories),Observation
E05013967,Beam Park,-8,Does not apply,-8,Does not apply,0
E05013967,Beam Park,-8,Does not apply,1,"L1, L2 and L3: Higher managerial, administrative and professional occupations",0
E05013967,Beam Park,-8,Does not apply,2,"L4, L5 and L6: Lower managerial, administrative and professional occupations",0
E05013967,Beam Park,-8,Does not apply,3,L7: Intermediate occupations,0
E05013967,Beam Park,-8,Does not apply,4,L8 and L9: Small employers and own account workers,0
E05013967,Beam Park,-8,Does not apply,5,L10 and L11: Lower supervisory and technical occupations,0
E05013967,Beam Park,-8,Does not apply,6,L12: Semi-routine occupations,0
E05013967,Beam Park,-8,Does not apply,7,L13: Routine occupations,0
E05013967,Beam Park,-8,Does not apply,8,L14.1 and L14.2: Never worked and long-term unemployed,0
E05013967,Beam Park,-8,Does not apply,9,L15: Full-time students,0
E05013967,Beam Park,1,"Asian, Asian British or Asian Welsh: Bangladeshi",-8,Does not apply,104
E05013967,Beam Park,1,"Asian, Asian British or Asian Welsh: Bangladeshi",1,"L1, L2 and L3: Higher managerial, administrative and professional occupations",23
E05013967,Beam Park,1,"Asian, Asian British or Asian Welsh: Bangladeshi",2,"L4, L5 and L6: Lower managerial, administrative and professional occupations",37
E05013967,Beam Park,1,"Asian, Asian British or Asian Welsh: Bangladeshi",3,L7: Intermediate occupations,28
E05013967,Beam Park,1,"Asian, Asian British or Asian Welsh: Bangladeshi",4,L8 and L9: Small employers and own account workers,19
E05013967,Beam Park,1,"Asian, Asian British or Asian Welsh: Bangladeshi",5,L10 and L11: Lower supervisory and technical occupations,5
E05013967,Beam Park,1,"Asian, Asian British or Asian Welsh: Bangladeshi",6,L12: Semi-routine occupations,17
E05013967,Beam Park,1,"Asian, Asian British or Asian Welsh: Bangladeshi",7,L13: Routine occupations,14
E05013967,Beam Park,1,"Asian, Asian British or Asian Welsh: Bangladeshi",8,L14.1 and L14.2: Never worked and long-term unemployed,38
E05013967,Beam Park,1,"Asian, Asian British or Asian Welsh: Bangladeshi",9,L15: Full-time students,36
E05013967,Beam Park,2,"Asian, Asian British or Asian Welsh: Chinese",-8,Does not apply,2
E05013967,Beam Park,2,"Asian, Asian British or Asian Welsh: Chinese",1,"L1, L2 and L3: Higher managerial, administrative and professional occupations",0
E05013967,Beam Park,2,"Asian, Asian British or Asian Welsh: Chinese",2,"L4, L5 and L6: Lower managerial, administrative and professional occupations",5
E05013967,Beam Park,2,"Asian, Asian British or Asian Welsh: Chinese",3,L7: Intermediate occupations,2
E05013967,Beam Park,2,"Asian, Asian British or Asian Welsh: Chinese",4,L8 and L9: Small employers and own account workers,0
E05013967,Beam Park,2,"Asian, Asian British or Asian Welsh: Chinese",5,L10 and L11: Lower supervisory and technical occupations,1
E05013967,Beam Park,2,"Asian, Asian British or Asian Welsh: Chinese",6,L12: Semi-routine occupations,4
E05013967,Beam Park,2,"Asian, Asian British or Asian Welsh: Chinese",7,L13: Routine occupations,1
E05013967,Beam Park,2,"Asian, Asian British or Asian Welsh: Chinese",8,L14.1 and L14.2: Never worked and long-term unemployed,1
E05013967,Beam Park,2,"Asian, Asian British or Asian Welsh: Chinese",9,L15: Full-time students,1
E05013967,Beam Park,3,"Asian, Asian British or Asian Welsh: Indian",-8,Does not apply,30
E05013967,Beam Park,3,"Asian, Asian British or Asian Welsh: Indian",1,"L1, L2 and L3: Higher managerial, administrative and professional occupations",20
E05013967,Beam Park,3,"Asian, Asian British or Asian Welsh: Indian",2,"L4, L5 and L6: Lower managerial, administrative and professional occupations",20
E05013967,Beam Park,3,"Asian, Asian British or Asian Welsh: Indian",3,L7: Intermediate occupations,8
E05013967,Beam Park,3,"Asian, Asian British or Asian Welsh: Indian",4,L8 and L9: Small employers and own account workers,9
E05013967,Beam Park,3,"Asian, Asian British or Asian Welsh: Indian",5,L10 and L11: Lower supervisory and technical occupations,3
E05013967,Beam Park,3,"Asian, Asian British or Asian Welsh: Indian",6,L12: Semi-routine occupations,7
E05013967,Beam Park,3,"Asian, Asian British or Asian Welsh: Indian",7,L13: Routine occupations,7
E05013967,Beam Park,3,"Asian, Asian British or Asian Welsh: Indian",8,L14.1 and L14.2: Never worked and long-term unemployed,11
E05013967,Beam Park,3,"Asian, Asian British or Asian Welsh: Indian",9,L15: Full-time students,11
E05013967,Beam Park,4,"Asian, Asian British or Asian Welsh: Pakistani",-8,Does not apply,40
E05013967,Beam Park,4,"Asian, Asian British or Asian Welsh: Pakistani",1,"L1, L2 and L3: Higher managerial, administrative and professional occupations",19
E05013967,Beam Park,4,"Asian, Asian British or Asian Welsh: Pakistani",2,"L4, L5 and L6: Lower managerial, administrative and professional occupations",24
E05013967,Beam Park,4,"Asian, Asian British or Asian Welsh: Pakistani",3,L7: Intermediate occupations,19
E05013967,Beam Park,4,"Asian, Asian British or Asian Welsh: Pakistani",4,L8 and L9: Small employers and own account workers,9
E05013967,Beam Park,4,"Asian, Asian British or Asian Welsh: Pakistani",5,L10 and L11: Lower supervisory and technical occupations,1
E05013967,Beam Park,4,"Asian, Asian British or Asian Welsh: Pakistani",6,L12: Semi-routine occupations,9
E05013967,Beam Park,4,"Asian, Asian British or Asian Welsh: Pakistani",7,L13: Routine occupations,11
E05013967,Beam Park,4,"Asian, Asian British or Asian Welsh: Pakistani",8,L14.1 and L14.2: Never worked and long-term unemployed,10
E05013967,Beam Park,4,"Asian, Asian British or Asian Welsh: Pakistani",9,L15: Full-time students,16
E05013967,Beam Park,5,"Asian, Asian British or Asian Welsh: Other Asian",-8,Does not apply,37
E05013967,Beam Park,5,"Asian, Asian British or Asian Welsh: Other Asian",1,"L1, L2 and L3: Higher managerial, administrative and professional occupations",6
E05013967,Beam Park,5,"Asian, Asian British or Asian Welsh: Other Asian",2,"L4, L5 and L6: Lower managerial, administrative and professional occupations",17
E05013967,Beam Park,5,"Asian, Asian British or Asian Welsh: Other Asian",3,L7: Intermediate occupations,9
E05013967,Beam Park,5,"Asian, Asian British or Asian Welsh: Other Asian",4,L8 and L9: Small employers and own account workers,7
E05013967,Beam Park,5,"Asian, Asian British or Asian Welsh: Other Asian",5,L10 and L11: Lower supervisory and technical occupations,2
E05013967,Beam Park,5,"Asian, Asian British or Asian Welsh: Other Asian",6,L12: Semi-routine occupations,9
E05013967,Beam Park,5,"Asian, Asian British or Asian Welsh: Other Asian",7,L13: Routine occupations,9
E05013967,Beam Park,5,"Asian, Asian British or Asian Welsh: Other Asian",8,L14.1 and L14.2: Never worked and long-term unemployed,7
E05013967,Beam Park,5,"Asian, Asian British or Asian Welsh: Other Asian",9,L15: Full-time students,6
E05013967,Beam Park,6,"Black, Black British, Black Welsh, Caribbean or African: African",-8,Does not apply,153
E05013967,Beam Park,6,"Black, Black British, Black Welsh, Caribbean or African: African",1,"L1, L2 and L3: Higher managerial, administrative and professional occupations",59
E05013967,Beam Park,6,"Black, Black British, Black Welsh, Caribbean or African: African",2,"L4, L5 and L6: Lower managerial, administrative and professional occupations",136
E05013967,Beam Park,6,"Black, Black British, Black Welsh, Caribbean or African: African",3,L7: Intermediate occupations,32
E05013967,Beam Park,6,"Black, Black British, Black Welsh, Caribbean or African: African",4,L8 and L9: Small employers and own account workers,35
E05013967,Beam Park,6,"Black, Black British, Black Welsh, Caribbean or African: African",5,L10 and L11: Lower supervisory and technical occupations,19
E05013967,Beam Park,6,"Black, Black British, Black Welsh, Caribbean or African: African",6,L12: Semi-routine occupations,52
E05013967,Beam Park,6,"Black, Black British, Black Welsh, Caribbean or African: African",7,L13: Routine occupations,23
E05013967,Beam Park,6,"Black, Black British, Black Welsh, Caribbean or African: African",8,L14.1 and L14.2: Never worked and long-term unemployed,33
E05013967,Beam Park,6,"Black, Black British, Black Welsh, Caribbean or African: African",9,L15: Full-time students,75
E05013967,Beam Park,7,"Black, Black British, Black Welsh, Caribbean or African: Caribbean",-8,Does not apply,27
E05013967,Beam Park,7,"Black, Black British, Black Welsh, Caribbean or African: Caribbean",1,"L1, L2 and L3: Higher managerial, administrative and professional occupations",13
E05013967,Beam Park,7,"Black, Black British, Black Welsh, Caribbean or African: Caribbean",2,"L4, L5 and L6: Lower managerial, administrative and professional occupations",35
E05013967,Beam Park,7,"Black, Black British, Black Welsh, Caribbean or African: Caribbean",3,L7: Intermediate occupations,14
E05013967,Beam Park,7,"Black, Black British, Black Welsh, Caribbean or African: Caribbean",4,L8 and L9: Small employers and own account workers,14
E05013967,Beam Park,7,"Black, Black British, Black Welsh, Caribbean or African: Caribbean",5,L10 and L11: Lower supervisory and technical occupations,6
E05013967,Beam Park,7,"Black, Black British, Black Welsh, Caribbean or African: Caribbean",6,L12: Semi-routine occupations,16
E05013967,Beam Park,7,"Black, Black British, Black Welsh, Caribbean or African: Caribbean",7,L13: Routine occupations,15
E05013967,Beam Park,7,"Black, Black British, Black Welsh, Caribbean or African: Caribbean",8,L14.1 and L14.2: Never worked and long-term unemployed,16
E05013967,Beam Park,7,"Black, Black British, Black Welsh, Caribbean or African: Caribbean",9,L15: Full-time students,12
E05013967,Beam Park,8,"Black, Black British, Black Welsh, Caribbean or African: Other Black",-8,Does not apply,45
E05013967,Beam Park,8,"Black, Black British, Black Welsh, Caribbean or African: Other Black",1,"L1, L2 and L3: Higher managerial, administrative and professional occupations",7
E05013967,Beam Park,8,"Black, Black British, Black Welsh, Caribbean or African: Other Black",2,"L4, L5 and L6: Lower managerial, administrative and professional occupations",6
E05013967,Beam Park,8,"Black, Black British, Black Welsh, Caribbean or African: Other Black",3,L7: Intermediate occupations,6
E05013967,Beam Park,8,"Black, Black British, Black Welsh, Caribbean or African: Other Black",4,L8 and L9: Small employers and own account workers,4
E05013967,Beam Park,8,"Black, Black British, Black Welsh, Caribbean or African: Other Black",5,L10 and L11: Lower supervisory and technical occupations,1
E05013967,Beam Park,8,"Black, Black British, Black Welsh, Caribbean or African: Other Black",6,L12: Semi-routine occupations,5
E05013967,Beam Park,8,"Black, Black British, Black Welsh, Caribbean or African: Other Black",7,L13: Routine occupations,5
E05013967,Beam Park,8,"Black, Black British, Black Welsh, Caribbean or African: Other Black",8,L14.1 and L14.2: Never worked and long-term unemployed,4
E05013967,Beam Park,8,"Black, Black British, Black Welsh, Caribbean or African: Other Black",9,L15: Full-time students,14
E05013967,Beam Park,9,Mixed or Multiple ethnic groups: White and Asian,-8,Does not apply,19
E05013967,Beam Park,9,Mixed or Multiple ethnic groups: White and Asian,1,"L1, L2 and L3: Higher managerial, administrative and professional occupations",4
E05013967,Beam Park,9,Mixed or Multiple ethnic groups: White and Asian,2,"L4, L5 and L6: Lower managerial, administrative and professional occupations",5
E05013967,Beam Park,9,Mixed or Multiple ethnic groups: White and Asian,3,L7: Intermediate occupations,2
E05013967,Beam Park,9,Mixed or Multiple ethnic groups: White and Asian,4,L8 and L9: Small employers and own account workers,1
E05013967,Beam Park,9,Mixed or Multiple ethnic groups: White and Asian,5,L10 and L11: Lower supervisory and technical occupations,0
E05013967,Beam Park,9,Mixed or Multiple ethnic groups: White and Asian,6,L12: Semi-routine occupations,2
E05013967,Beam Park,9,Mixed or Multiple ethnic groups: White and Asian,7,L13: Routine occupations,0
E05013967,Beam Park,9,Mixed or Multiple ethnic groups: White and Asian,8,L14.1 and L14.2: Never worked and long-term unemployed,2
E05013967,Beam Park,9,Mixed or Multiple ethnic groups: White and Asian,9,L15: Full-time students,1
E05013967,Beam Park,10,Mixed or Multiple ethnic groups: White and Black African,-8,Does not apply,17
E05013967,Beam Park,10,Mixed or Multiple ethnic groups: White and Black African,1,"L1, L2 and L3: Higher managerial, administrative and professional occupations",0
E05013967,Beam Park,10,Mixed or Multiple ethnic groups: White and Black African,2,"L4, L5 and L6: Lower managerial, administrative and professional occupations",2
E05013967,Beam Park,10,Mixed or Multiple ethnic groups: White and Black African,3,L7: Intermediate occupations,2
E05013967,Beam Park,10,Mixed or Multiple ethnic groups: White and Black African,4,L8 and L9: Small employers and own account workers,2
E05013967,Beam Park,10,Mixed or Multiple ethnic groups: White and Black African,5,L10 and L11: Lower supervisory and technical occupations,0
E05013967,Beam Park,10,Mixed or Multiple ethnic groups: White and Black African,6,L12: Semi-routine occupations,0
E05013967,Beam Park,10,Mixed or Multiple ethnic groups: White and Black African,7,L13: Routine occupations,3
E05013967,Beam Park,10,Mixed or Multiple ethnic groups: White and Black African,8,L14.1 and L14.2: Never worked and long-term unemployed,0
E05013967,Beam Park,10,Mixed or Multiple ethnic groups: White and Black African,9,L15: Full-time students,4
E05013967,Beam Park,11,Mixed or Multiple ethnic groups: White and Black Caribbean,-8,Does not apply,46
E05013967,Beam Park,11,Mixed or Multiple ethnic groups: White and Black Caribbean,1,"L1, L2 and L3: Higher managerial, administrative and professional occupations",5
E05013967,Beam Park,11,Mixed or Multiple ethnic groups: White and Black Caribbean,2,"L4, L5 and L6: Lower managerial, administrative and professional occupations",9
E05013967,Beam Park,11,Mixed or Multiple ethnic groups: White and Black Caribbean,3,L7: Intermediate occupations,11
E05013967,Beam Park,11,Mixed or Multiple ethnic groups: White and Black Caribbean,4,L8 and L9: Small employers and own account workers,5
E05013967,Beam Park,11,Mixed or Multiple ethnic groups: White and Black Caribbean,5,L10 and L11: Lower supervisory and technical occupations,4
E05013967,Beam Park,11,Mixed or Multiple ethnic groups: White and Black Caribbean,6,L12: Semi-routine occupations,7
E05013967,Beam Park,11,Mixed or Multiple ethnic groups: White and Black Caribbean,7,L13: Routine occupations,5
E05013967,Beam Park,11,Mixed or Multiple ethnic groups: White and Black Caribbean,8,L14.1 and L14.2: Never worked and long-term unemployed,9
E05013967,Beam Park,11,Mixed or Multiple ethnic groups: White and Black Caribbean,9,L15: Full-time students,14
E05013967,Beam Park,12,Mixed or Multiple ethnic groups: Other Mixed or Multiple ethnic groups,-8,Does not apply,22
E05013967,Beam Park,12,Mixed or Multiple ethnic groups: Other Mixed or Multiple ethnic groups,1,"L1, L2 and L3: Higher managerial, administrative and professional occupations",0
E05013967,Beam Park,12,Mixed or Multiple ethnic groups: Other Mixed or Multiple ethnic groups,2,"L4, L5 and L6: Lower managerial, administrative and professional occupations",7
E05013967,Beam Park,12,Mixed or Multiple ethnic groups: Other Mixed or Multiple ethnic groups,3,L7: Intermediate occupations,0
E05013967,Beam Park,12,Mixed or Multiple ethnic groups: Other Mixed or Multiple ethnic groups,4,L8 and L9: Small employers and own account workers,2
E05013967,Beam Park,12,Mixed or Multiple ethnic groups: Other Mixed or Multiple ethnic groups,5,L10 and L11: Lower supervisory and technical occupations,1
E05013967,Beam Park,12,Mixed or Multiple ethnic groups: Other Mixed or Multiple ethnic groups,6,L12: Semi-routine occupations,2
E05013967,Beam Park,12,Mixed or Multiple ethnic groups: Other Mixed or Multiple ethnic groups,7,L13: Routine occupations,1
E05013967,Beam Park,12,Mixed or Multiple ethnic groups: Other Mixed or Multiple ethnic groups,8,L14.1 and L14.2: Never worked and long-term unemployed,4
E05013967,Beam Park,12,Mixed or Multiple ethnic groups: Other Mixed or Multiple ethnic groups,9,L15: Full-time students,6
E05013967,Beam Park,13,"White: English, Welsh, Scottish, Northern Irish or British",-8,Does not apply,527
E05013967,Beam Park,13,"White: English, Welsh, Scottish, Northern Irish or British",1,"L1, L2 and L3: Higher managerial, administrative and professional occupations",115
E05013967,Beam Park,13,"White: English, Welsh, Scottish, Northern Irish or British",2,"L4, L5 and L6: Lower managerial, administrative and professional occupations",313
E05013967,Beam Park,13,"White: English, Welsh, Scottish, Northern Irish or British",3,L7: Intermediate occupations,287
E05013967,Beam Park,13,"White: English, Welsh, Scottish, Northern Irish or British",4,L8 and L9: Small employers and own account workers,220
E05013967,Beam Park,13,"White: English, Welsh, Scottish, Northern Irish or British",5,L10 and L11: Lower supervisory and technical occupations,125
E05013967,Beam Park,13,"White: English, Welsh, Scottish, Northern Irish or British",6,L12: Semi-routine occupations,300
E05013967,Beam Park,13,"White: English, Welsh, Scottish, Northern Irish or British",7,L13: Routine occupations,312
E05013967,Beam Park,13,"White: English, Welsh, Scottish, Northern Irish or British",8,L14.1 and L14.2: Never worked and long-term unemployed,212
E05013967,Beam Park,13,"White: English, Welsh, Scottish, Northern Irish or British",9,L15: Full-time students,95
E05013967,Beam Park,14,White: Irish,-8,Does not apply,6
E05013967,Beam Park,14,White: Irish,1,"L1, L2 and L3: Higher managerial, administrative and professional occupations",3
E05013967,Beam Park,14,White: Irish,2,"L4, L5 and L6: Lower managerial, administrative and professional occupations",2
E05013967,Beam Park,14,White: Irish,3,L7: Intermediate occupations,3
E05013967,Beam Park,14,White: Irish,4,L8 and L9: Small employers and own account workers,5
E05013967,Beam Park,14,White: Irish,5,L10 and L11: Lower supervisory and technical occupations,1
E05013967,Beam Park,14,White: Irish,6,L12: Semi-routine occupations,2
E05013967,Beam Park,14,White: Irish,7,L13: Routine occupations,3
E05013967,Beam Park,14,White: Irish,8,L14.1 and L14.2: Never worked and long-term unemployed,8
E05013967,Beam Park,14,White: Irish,9,L15: Full-time students,0
E05013967,Beam Park,15,White: Gypsy or Irish Traveller,-8,Does not apply,9
E05013967,Beam Park,15,White: Gypsy or Irish Traveller,1,"L1, L2 and L3: Higher managerial, administrative and professional occupations",0
E05013967,Beam Park,15,White: Gypsy or Irish Traveller,2,"L4, L5 and L6: Lower managerial, administrative and professional occupations",0
E05013967,Beam Park,15,White: Gypsy or Irish Traveller,3,L7: Intermediate occupations,0
E05013967,Beam Park,15,White: Gypsy or Irish Traveller,4,L8 and L9: Small employers and own account workers,0
E05013967,Beam Park,15,White: Gypsy or Irish Traveller,5,L10 and L11: Lower supervisory and technical occupations,0
E05013967,Beam Park,15,White: Gypsy or Irish Traveller,6,L12: Semi-routine occupations,2
E05013967,Beam Park,15,White: Gypsy or Irish Traveller,7,L13: Routine occupations,1
E05013967,Beam Park,15,White: Gypsy or Irish Traveller,8,L14.1 and L14.2: Never worked and long-term unemployed,2
E05013967,Beam Park,15,White: Gypsy or Irish Traveller,9,L15: Full-time students,1
E05013967,Beam Park,16,White: Roma,-8,Does not apply,2
E05013967,Beam Park,16,White: Roma,1,"L1, L2 and L3: Higher managerial, administrative and professional occupations",0
E05013967,Beam Park,16,White: Roma,2,"L4, L5 and L6: Lower managerial, administrative and professional occupations",0
E05013967,Beam Park,16,White: Roma,3,L7: Intermediate occupations,0
E05013967,Beam Park,16,White: Roma,4,L8 and L9: Small employers and own account workers,4
E05013967,Beam Park,16,White: Roma,5,L10 and L11: Lower supervisory and technical occupations,0
E05013967,Beam Park,16,White: Roma,6,L12: Semi-routine occupations,0
E05013967,Beam Park,16,White: Roma,7,L13: Routine occupations,1
E05013967,Beam Park,16,White: Roma,8,L14.1 and L14.2: Never worked and long-term unemployed,1
E05013967,Beam Park,16,White: Roma,9,L15: Full-time students,0
E05013967,Beam Park,17,White: Other White,-8,Does not apply,60
E05013967,Beam Park,17,White: Other White,1,"L1, L2 and L3: Higher managerial, administrative and professional occupations",22
E05013967,Beam Park,17,White: Other White,2,"L4, L5 and L6: Lower managerial, administrative and professional occupations",40
E05013967,Beam Park,17,White: Other White,3,L7: Intermediate occupations,13
E05013967,Beam Park,17,White: Other White,4,L8 and L9: Small employers and own account workers,101
E05013967,Beam Park,17,White: Other White,5,L10 and L11: Lower supervisory and technical occupations,20
E05013967,Beam Park,17,White: Other White,6,L12: Semi-routine occupations,19
E05013967,Beam Park,17,White: Other White,7,L13: Routine occupations,52
E05013967,Beam Park,17,White: Other White,8,L14.1 and L14.2: Never worked and long-term unemployed,17
E05013967,Beam Park,17,White: Other White,9,L15: Full-time students,39
E05013967,Beam Park,18,Other ethnic group: Arab,-8,Does not apply,6
E05013967,Beam Park,18,Other ethnic group: Arab,1,"L1, L2 and L3: Higher managerial, administrative and professional occupations",0
E05013967,Beam Park,18,Other ethnic group: Arab,2,"L4, L5 and L6: Lower managerial, administrative and professional occupations",0
E05013967,Beam Park,18,Other ethnic group: Arab,3,L7: Intermediate occupations,0
E05013967,Beam Park,18,Other ethnic group: Arab,4,L8 and L9: Small employers and own account workers,3
E05013967,Beam Park,18,Other ethnic group: Arab,5,L10 and L11: Lower supervisory and technical occupations,0
E05013967,Beam Park,18,Other ethnic group: Arab,6,L12: Semi-routine occupations,0
E05013967,Beam Park,18,Other ethnic group: Arab,7,L13: Routine occupations,0
E05013967,Beam Park,18,Other ethnic group: Arab,8,L14.1 and L14.2: Never worked and long-term unemployed,3
E05013967,Beam Park,18,Other ethnic group: Arab,9,L15: Full-time students,3
E05013967,Beam Park,19,Other ethnic group: Any other ethnic group,-8,Does not apply,14
E05013967,Beam Park,19,Other ethnic group: Any other ethnic group,1,"L1, L2 and L3: Higher managerial, administrative and professional occupations",7
E05013967,Beam Park,19,Other ethnic group: Any other ethnic group,2,"L4, L5 and L6: Lower managerial, administrative and professional occupations",15
E05013967,Beam Park,19,Other ethnic group: Any other ethnic group,3,L7: Intermediate occupations,7
E05013967,Beam Park,19,Other ethnic group: Any other ethnic group,4,L8 and L9: Small employers and own account workers,7
E05013967,Beam Park,19,Other ethnic group: Any other ethnic group,5,L10 and L11: Lower supervisory and technical occupations,9
E05013967,Beam Park,19,Other ethnic group: Any other ethnic group,6,L12: Semi-routine occupations,4
E05013967,Beam Park,19,Other ethnic group: Any other ethnic group,7,L13: Routine occupations,13
E05013967,Beam Park,19,Other ethnic group: Any other ethnic group,8,L14.1 and L14.2: Never worked and long-term unemployed,6
E05013967,Beam Park,19,Other ethnic group: Any other ethnic group,9,L15: Full-time students,2
E05013968,Cranham,-8,Does not apply,-8,Does not apply,0
E05013968,Cranham,-8,Does not apply,1,"L1, L2 and L3: Higher managerial, administrative and professional occupations",0
E05013968,Cranham,-8,Does not apply,2,"L4, L5 and L6: Lower managerial, administrative and professional occupations",0
E05013968,Cranham,-8,Does not apply,3,L7: Intermediate occupations,0
E05013968,Cranham,-8,Does not apply,4,L8 and L9: Small employers and own account workers,0
E05013968,Cranham,-8,Does not apply,5,L10 and L11: Lower supervisory and technical occupations,0
E05013968,Cranham,-8,Does not apply,6,L12: Semi-routine occupations,0
E05013968,Cranham,-8,Does not apply,7,L13: Routine occupations,0
E05013968,Cranham,-8,Does not apply,8,L14.1 and L14.2: Never worked and long-term unemployed,0
E05013968,Cranham,-8,Does not apply,9,L15: Full-time students,0
E05013968,Cranham,1,"Asian, Asian British or Asian Welsh: Bangladeshi",-8,Does not apply,18
E05013968,Cranham,1,"Asian, Asian British or Asian Welsh: Bangladeshi",1,"L1, L2 and L3: Higher managerial, administrative and professional occupations",9
E05013968,Cranham,1,"Asian, Asian British or Asian Welsh: Bangladeshi",2,"L4, L5 and L6: Lower managerial, administrative and professional occupations",4
E05013968,Cranham,1,"Asian, Asian British or Asian Welsh: Bangladeshi",3,L7: Intermediate occupations,2
E05013968,Cranham,1,"Asian, Asian British or Asian Welsh: Bangladeshi",4,L8 and L9: Small employers and own account workers,4
E05013968,Cranham,1,"Asian, Asian British or Asian Welsh: Bangladeshi",5,L10 and L11: Lower supervisory and technical occupations,1
E05013968,Cranham,1,"Asian, Asian British or Asian Welsh: Bangladeshi",6,L12: Semi-routine occupations,3
E05013968,Cranham,1,"Asian, Asian British or Asian Welsh: Bangladeshi",7,L13: Routine occupations,3
E05013968,Cranham,1,"Asian, Asian British or Asian Welsh: Bangladeshi",8,L14.1 and L14.2: Never worked and long-term unemployed,1
E05013968,Cranham,1,"Asian, Asian British or Asian Welsh: Bangladeshi",9,L15: Full-time students,4
E05013968,Cranham,2,"Asian, Asian British or Asian Welsh: Chinese",-8,Does not apply,21
E05013968,Cranham,2,"Asian, Asian British or Asian Welsh: Chinese",1,"L1, L2 and L3: Higher managerial, administrative and professional occupations",24
E05013968,Cranham,2,"Asian, Asian British or Asian Welsh: Chinese",2,"L4, L5 and L6: Lower managerial, administrative and professional occupations",15
E05013968,Cranham,2,"Asian, Asian British or Asian Welsh: Chinese",3,L7: Intermediate occupations,5
E05013968,Cranham,2,"Asian, Asian British or Asian Welsh: Chinese",4,L8 and L9: Small employers and own account workers,10
E05013968,Cranham,2,"Asian, Asian British or Asian Welsh: Chinese",5,L10 and L11: Lower supervisory and technical occupations,4
E05013968,Cranham,2,"Asian, Asian British or Asian Welsh: Chinese",6,L12: Semi-routine occupations,2
E05013968,Cranham,2,"Asian, Asian British or Asian Welsh: Chinese",7,L13: Routine occupations,5
E05013968,Cranham,2,"Asian, Asian British or Asian Welsh: Chinese",8,L14.1 and L14.2: Never worked and long-term unemployed,8
E05013968,Cranham,2,"Asian, Asian British or Asian Welsh: Chinese",9,L15: Full-time students,8
E05013968,Cranham,3,"Asian, Asian British or Asian Welsh: Indian",-8,Does not apply,61
E05013968,Cranham,3,"Asian, Asian British or Asian Welsh: Indian",1,"L1, L2 and L3: Higher managerial, administrative and professional occupations",72
E05013968,Cranham,3,"Asian, Asian British or Asian Welsh: Indian",2,"L4, L5 and L6: Lower managerial, administrative and professional occupations",57
E05013968,Cranham,3,"Asian, Asian British or Asian Welsh: Indian",3,L7: Intermediate occupations,26
E05013968,Cranham,3,"Asian, Asian British or Asian Welsh: Indian",4,L8 and L9: Small employers and own account workers,16
E05013968,Cranham,3,"Asian, Asian British or Asian Welsh: Indian",5,L10 and L11: Lower supervisory and technical occupations,5
E05013968,Cranham,3,"Asian, Asian British or Asian Welsh: Indian",6,L12: Semi-routine occupations,9
E05013968,Cranham,3,"Asian, Asian British or Asian Welsh: Indian",7,L13: Routine occupations,7
E05013968,Cranham,3,"Asian, Asian British or Asian Welsh: Indian",8,L14.1 and L14.2: Never worked and long-term unemployed,15
E05013968,Cranham,3,"Asian, Asian British or Asian Welsh: Indian",9,L15: Full-time students,13
E05013968,Cranham,4,"Asian, Asian British or Asian Welsh: Pakistani",-8,Does not apply,29
E05013968,Cranham,4,"Asian, Asian British or Asian Welsh: Pakistani",1,"L1, L2 and L3: Higher managerial, administrative and professional occupations",13
E05013968,Cranham,4,"Asian, Asian British or Asian Welsh: Pakistani",2,"L4, L5 and L6: Lower managerial, administrative and professional occupations",8
E05013968,Cranham,4,"Asian, Asian British or Asian Welsh: Pakistani",3,L7: Intermediate occupations,8
E05013968,Cranham,4,"Asian, Asian British or Asian Welsh: Pakistani",4,L8 and L9: Small employers and own account workers,12
E05013968,Cranham,4,"Asian, Asian British or Asian Welsh: Pakistani",5,L10 and L11: Lower supervisory and technical occupations,2
E05013968,Cranham,4,"Asian, Asian British or Asian Welsh: Pakistani",6,L12: Semi-routine occupations,11
E05013968,Cranham,4,"Asian, Asian British or Asian Welsh: Pakistani",7,L13: Routine occupations,3
E05013968,Cranham,4,"Asian, Asian British or Asian Welsh: Pakistani",8,L14.1 and L14.2: Never worked and long-term unemployed,5
E05013968,Cranham,4,"Asian, Asian British or Asian Welsh: Pakistani",9,L15: Full-time students,6
E05013968,Cranham,5,"Asian, Asian British or Asian Welsh: Other Asian",-8,Does not apply,21
E05013968,Cranham,5,"Asian, Asian British or Asian Welsh: Other Asian",1,"L1, L2 and L3: Higher managerial, administrative and professional occupations",10
E05013968,Cranham,5,"Asian, Asian British or Asian Welsh: Other Asian",2,"L4, L5 and L6: Lower managerial, administrative and professional occupations",18
E05013968,Cranham,5,"Asian, Asian British or Asian Welsh: Other Asian",3,L7: Intermediate occupations,7
E05013968,Cranham,5,"Asian, Asian British or Asian Welsh: Other Asian",4,L8 and L9: Small employers and own account workers,9
E05013968,Cranham,5,"Asian, Asian British or Asian Welsh: Other Asian",5,L10 and L11: Lower supervisory and technical occupations,4
E05013968,Cranham,5,"Asian, Asian British or Asian Welsh: Other Asian",6,L12: Semi-routine occupations,15
E05013968,Cranham,5,"Asian, Asian British or Asian Welsh: Other Asian",7,L13: Routine occupations,8
E05013968,Cranham,5,"Asian, Asian British or Asian Welsh: Other Asian",8,L14.1 and L14.2: Never worked and long-term unemployed,9
E05013968,Cranham,5,"Asian, Asian British or Asian Welsh: Other Asian",9,L15: Full-time students,9
E05013968,Cranham,6,"Black, Black British, Black Welsh, Caribbean or African: African",-8,Does not apply,70
E05013968,Cranham,6,"Black, Black British, Black Welsh, Caribbean or African: African",1,"L1, L2 and L3: Higher managerial, administrative and professional occupations",32
E05013968,Cranham,6,"Black, Black British, Black Welsh, Caribbean or African: African",2,"L4, L5 and L6: Lower managerial, administrative and professional occupations",47
E05013968,Cranham,6,"Black, Black British, Black Welsh, Caribbean or African: African",3,L7: Intermediate occupations,12
E05013968,Cranham,6,"Black, Black British, Black Welsh, Caribbean or African: African",4,L8 and L9: Small employers and own account workers,23
E05013968,Cranham,6,"Black, Black British, Black Welsh, Caribbean or African: African",5,L10 and L11: Lower supervisory and technical occupations,3
E05013968,Cranham,6,"Black, Black British, Black Welsh, Caribbean or African: African",6,L12: Semi-routine occupations,13
E05013968,Cranham,6,"Black, Black British, Black Welsh, Caribbean or African: African",7,L13: Routine occupations,11
E05013968,Cranham,6,"Black, Black British, Black Welsh, Caribbean or African: African",8,L14.1 and L14.2: Never worked and long-term unemployed,5
E05013968,Cranham,6,"Black, Black British, Black Welsh, Caribbean or African: African",9,L15: Full-time students,46
E05013968,Cranham,7,"Black, Black British, Black Welsh, Caribbean or African: Caribbean",-8,Does not apply,19
E05013968,Cranham,7,"Black, Black British, Black Welsh, Caribbean or African: Caribbean",1,"L1, L2 and L3: Higher managerial, administrative and professional occupations",8
E05013968,Cranham,7,"Black, Black British, Black Welsh, Caribbean or African: Caribbean",2,"L4, L5 and L6: Lower managerial, administrative and professional occupations",21
E05013968,Cranham,7,"Black, Black British, Black Welsh, Caribbean or African: Caribbean",3,L7: Intermediate occupations,7
E05013968,Cranham,7,"Black, Black British, Black Welsh, Caribbean or African: Caribbean",4,L8 and L9: Small employers and own account workers,9
E05013968,Cranham,7,"Black, Black British, Black Welsh, Caribbean or African: Caribbean",5,L10 and L11: Lower supervisory and technical occupations,1
E05013968,Cranham,7,"Black, Black British, Black Welsh, Caribbean or African: Caribbean",6,L12: Semi-routine occupations,5
E05013968,Cranham,7,"Black, Black British, Black Welsh, Caribbean or African: Caribbean",7,L13: Routine occupations,6
E05013968,Cranham,7,"Black, Black British, Black Welsh, Caribbean or African: Caribbean",8,L14.1 and L14.2: Never worked and long-term unemployed,6
E05013968,Cranham,7,"Black, Black British, Black Welsh, Caribbean or African: Caribbean",9,L15: Full-time students,3
E05013968,Cranham,8,"Black, Black British, Black Welsh, Caribbean or African: Other Black",-8,Does not apply,20
E05013968,Cranham,8,"Black, Black British, Black Welsh, Caribbean or African: Other Black",1,"L1, L2 and L3: Higher managerial, administrative and professional occupations",3
E05013968,Cranham,8,"Black, Black British, Black Welsh, Caribbean or African: Other Black",2,"L4, L5 and L6: Lower managerial, administrative and professional occupations",3
E05013968,Cranham,8,"Black, Black British, Black Welsh, Caribbean or African: Other Black",3,L7: Intermediate occupations,1
E05013968,Cranham,8,"Black, Black British, Black Welsh, Caribbean or African: Other Black",4,L8 and L9: Small employers and own account workers,1
E05013968,Cranham,8,"Black, Black British, Black Welsh, Caribbean or African: Other Black",5,L10 and L11: Lower supervisory and technical occupations,0
E05013968,Cranham,8,"Black, Black British, Black Welsh, Caribbean or African: Other Black",6,L12: Semi-routine occupations,2
E05013968,Cranham,8,"Black, Black British, Black Welsh, Caribbean or African: Other Black",7,L13: Routine occupations,0
E05013968,Cranham,8,"Black, Black British, Black Welsh, Caribbean or African: Other Black",8,L14.1 and L14.2: Never worked and long-term unemployed,1
E05013968,Cranham,8,"Black, Black British, Black Welsh, Caribbean or African: Other Black",9,L15: Full-time students,11
E05013968,Cranham,9,Mixed or Multiple ethnic groups: White and Asian,-8,Does not apply,71
E05013968,Cranham,9,Mixed or Multiple ethnic groups: White and Asian,1,"L1, L2 and L3: Higher managerial, administrative and professional occupations",11
E05013968,Cranham,9,Mixed or Multiple ethnic groups: White and Asian,2,"L4, L5 and L6: Lower managerial, administrative and professional occupations",11
E05013968,Cranham,9,Mixed or Multiple ethnic groups: White and Asian,3,L7: Intermediate occupations,11
E05013968,Cranham,9,Mixed or Multiple ethnic groups: White and Asian,4,L8 and L9: Small employers and own account workers,0
E05013968,Cranham,9,Mixed or Multiple ethnic groups: White and Asian,5,L10 and L11: Lower supervisory and technical occupations,1
E05013968,Cranham,9,Mixed or Multiple ethnic groups: White and Asian,6,L12: Semi-routine occupations,5
E05013968,Cranham,9,Mixed or Multiple ethnic groups: White and Asian,7,L13: Routine occupations,3
E05013968,Cranham,9,Mixed or Multiple ethnic groups: White and Asian,8,L14.1 and L14.2: Never worked and long-term unemployed,1
E05013968,Cranham,9,Mixed or Multiple ethnic groups: White and Asian,9,L15: Full-time students,14
E05013968,Cranham,10,Mixed or Multiple ethnic groups: White and Black African,-8,Does not apply,33
E05013968,Cranham,10,Mixed or Multiple ethnic groups: White and Black African,1,"L1, L2 and L3: Higher managerial, administrative and professional occupations",4
E05013968,Cranham,10,Mixed or Multiple ethnic groups: White and Black African,2,"L4, L5 and L6: Lower managerial, administrative and professional occupations",3
E05013968,Cranham,10,Mixed or Multiple ethnic groups: White and Black African,3,L7: Intermediate occupations,2
E05013968,Cranham,10,Mixed or Multiple ethnic groups: White and Black African,4,L8 and L9: Small employers and own account workers,1
E05013968,Cranham,10,Mixed or Multiple ethnic groups: White and Black African,5,L10 and L11: Lower supervisory and technical occupations,0
E05013968,Cranham,10,Mixed or Multiple ethnic groups: White and Black African,6,L12: Semi-routine occupations,0
E05013968,Cranham,10,Mixed or Multiple ethnic groups: White and Black African,7,L13: Routine occupations,1
E05013968,Cranham,10,Mixed or Multiple ethnic groups: White and Black African,8,L14.1 and L14.2: Never worked and long-term unemployed,0
E05013968,Cranham,10,Mixed or Multiple ethnic groups: White and Black African,9,L15: Full-time students,7
E05013968,Cranham,11,Mixed or Multiple ethnic groups: White and Black Caribbean,-8,Does not apply,30
E05013968,Cranham,11,Mixed or Multiple ethnic groups: White and Black Caribbean,1,"L1, L2 and L3: Higher managerial, administrative and professional occupations",2
E05013968,Cranham,11,Mixed or Multiple ethnic groups: White and Black Caribbean,2,"L4, L5 and L6: Lower managerial, administrative and professional occupations",5
E05013968,Cranham,11,Mixed or Multiple ethnic groups: White and Black Caribbean,3,L7: Intermediate occupations,3
E05013968,Cranham,11,Mixed or Multiple ethnic groups: White and Black Caribbean,4,L8 and L9: Small employers and own account workers,5
E05013968,Cranham,11,Mixed or Multiple ethnic groups: White and Black Caribbean,5,L10 and L11: Lower supervisory and technical occupations,3
E05013968,Cranham,11,Mixed or Multiple ethnic groups: White and Black Caribbean,6,L12: Semi-routine occupations,2
E05013968,Cranham,11,Mixed or Multiple ethnic groups: White and Black Caribbean,7,L13: Routine occupations,1
E05013968,Cranham,11,Mixed or Multiple ethnic groups: White and Black Caribbean,8,L14.1 and L14.2: Never worked and long-term unemployed,0
E05013968,Cranham,11,Mixed or Multiple ethnic groups: White and Black Caribbean,9,L15: Full-time students,10
E05013968,Cranham,12,Mixed or Multiple ethnic groups: Other Mixed or Multiple ethnic groups,-8,Does not apply,40
E05013968,Cranham,12,Mixed or Multiple ethnic groups: Other Mixed or Multiple ethnic groups,1,"L1, L2 and L3: Higher managerial, administrative and professional occupations",9
E05013968,Cranham,12,Mixed or Multiple ethnic groups: Other Mixed or Multiple ethnic groups,2,"L4, L5 and L6: Lower managerial, administrative and professional occupations",18
E05013968,Cranham,12,Mixed or Multiple ethnic groups: Other Mixed or Multiple ethnic groups,3,L7: Intermediate occupations,5
E05013968,Cranham,12,Mixed or Multiple ethnic groups: Other Mixed or Multiple ethnic groups,4,L8 and L9: Small employers and own account workers,5
E05013968,Cranham,12,Mixed or Multiple ethnic groups: Other Mixed or Multiple ethnic groups,5,L10 and L11: Lower supervisory and technical occupations,0
E05013968,Cranham,12,Mixed or Multiple ethnic groups: Other Mixed or Multiple ethnic groups,6,L12: Semi-routine occupations,3
E05013968,Cranham,12,Mixed or Multiple ethnic groups: Other Mixed or Multiple ethnic groups,7,L13: Routine occupations,6
E05013968,Cranham,12,Mixed or Multiple ethnic groups: Other Mixed or Multiple ethnic groups,8,L14.1 and L14.2: Never worked and long-term unemployed,2
E05013968,Cranham,12,Mixed or Multiple ethnic groups: Other Mixed or Multiple ethnic groups,9,L15: Full-time students,12
E05013968,Cranham,13,"White: English, Welsh, Scottish, Northern Irish or British",-8,Does not apply,1881
E05013968,Cranham,13,"White: English, Welsh, Scottish, Northern Irish or British",1,"L1, L2 and L3: Higher managerial, administrative and professional occupations",1524
E05013968,Cranham,13,"White: English, Welsh, Scottish, Northern Irish or British",2,"L4, L5 and L6: Lower managerial, administrative and professional occupations",2085
E05013968,Cranham,13,"White: English, Welsh, Scottish, Northern Irish or British",3,L7: Intermediate occupations,1742
E05013968,Cranham,13,"White: English, Welsh, Scottish, Northern Irish or British",4,L8 and L9: Small employers and own account workers,918
E05013968,Cranham,13,"White: English, Welsh, Scottish, Northern Irish or British",5,L10 and L11: Lower supervisory and technical occupations,377
E05013968,Cranham,13,"White: English, Welsh, Scottish, Northern Irish or British",6,L12: Semi-routine occupations,868
E05013968,Cranham,13,"White: English, Welsh, Scottish, Northern Irish or British",7,L13: Routine occupations,608
E05013968,Cranham,13,"White: English, Welsh, Scottish, Northern Irish or British",8,L14.1 and L14.2: Never worked and long-term unemployed,470
E05013968,Cranham,13,"White: English, Welsh, Scottish, Northern Irish or British",9,L15: Full-time students,413
E05013968,Cranham,14,White: Irish,-8,Does not apply,6
E05013968,Cranham,14,White: Irish,1,"L1, L2 and L3: Higher managerial, administrative and professional occupations",21
E05013968,Cranham,14,White: Irish,2,"L4, L5 and L6: Lower managerial, administrative and professional occupations",33
E05013968,Cranham,14,White: Irish,3,L7: Intermediate occupations,26
E05013968,Cranham,14,White: Irish,4,L8 and L9: Small employers and own account workers,14
E05013968,Cranham,14,White: Irish,5,L10 and L11: Lower supervisory and technical occupations,8
E05013968,Cranham,14,White: Irish,6,L12: Semi-routine occupations,11
E05013968,Cranham,14,White: Irish,7,L13: Routine occupations,13
E05013968,Cranham,14,White: Irish,8,L14.1 and L14.2: Never worked and long-term unemployed,7
E05013968,Cranham,14,White: Irish,9,L15: Full-time students,7
E05013968,Cranham,15,White: Gypsy or Irish Traveller,-8,Does not apply,6
E05013968,Cranham,15,White: Gypsy or Irish Traveller,1,"L1, L2 and L3: Higher managerial, administrative and professional occupations",0
E05013968,Cranham,15,White: Gypsy or Irish Traveller,2,"L4, L5 and L6: Lower managerial, administrative and professional occupations",0
E05013968,Cranham,15,White: Gypsy or Irish Traveller,3,L7: Intermediate occupations,2
E05013968,Cranham,15,White: Gypsy or Irish Traveller,4,L8 and L9: Small employers and own account workers,1
E05013968,Cranham,15,White: Gypsy or Irish Traveller,5,L10 and L11: Lower supervisory and technical occupations,0
E05013968,Cranham,15,White: Gypsy or Irish Traveller,6,L12: Semi-routine occupations,1
E05013968,Cranham,15,White: Gypsy or Irish Traveller,7,L13: Routine occupations,1
E05013968,Cranham,15,White: Gypsy or Irish Traveller,8,L14.1 and L14.2: Never worked and long-term unemployed,1
E05013968,Cranham,15,White: Gypsy or Irish Traveller,9,L15: Full-time students,0
E05013968,Cranham,16,White: Roma,-8,Does not apply,0
E05013968,Cranham,16,White: Roma,1,"L1, L2 and L3: Higher managerial, administrative and professional occupations",0
E05013968,Cranham,16,White: Roma,2,"L4, L5 and L6: Lower managerial, administrative and professional occupations",0
E05013968,Cranham,16,White: Roma,3,L7: Intermediate occupations,0
E05013968,Cranham,16,White: Roma,4,L8 and L9: Small employers and own account workers,0
E05013968,Cranham,16,White: Roma,5,L10 and L11: Lower supervisory and technical occupations,0
E05013968,Cranham,16,White: Roma,6,L12: Semi-routine occupations,1
E05013968,Cranham,16,White: Roma,7,L13: Routine occupations,0
E05013968,Cranham,16,White: Roma,8,L14.1 and L14.2: Never worked and long-term unemployed,0
E05013968,Cranham,16,White: Roma,9,L15: Full-time students,0
E05013968,Cranham,17,White: Other White,-8,Does not apply,83
E05013968,Cranham,17,White: Other White,1,"L1, L2 and L3: Higher managerial, administrative and professional occupations",74
E05013968,Cranham,17,White: Other White,2,"L4, L5 and L6: Lower managerial, administrative and professional occupations",73
E05013968,Cranham,17,White: Other White,3,L7: Intermediate occupations,52
E05013968,Cranham,17,White: Other White,4,L8 and L9: Small employers and own account workers,80
E05013968,Cranham,17,White: Other White,5,L10 and L11: Lower supervisory and technical occupations,19
E05013968,Cranham,17,White: Other White,6,L12: Semi-routine occupations,18
E05013968,Cranham,17,White: Other White,7,L13: Routine occupations,29
E05013968,Cranham,17,White: Other White,8,L14.1 and L14.2: Never worked and long-term unemployed,20
E05013968,Cranham,17,White: Other White,9,L15: Full-time students,23
E05013968,Cranham,18,Other ethnic group: Arab,-8,Does not apply,0
E05013968,Cranham,18,Other ethnic group: Arab,1,"L1, L2 and L3: Higher managerial, administrative and professional occupations",1
E05013968,Cranham,18,Other ethnic group: Arab,2,"L4, L5 and L6: Lower managerial, administrative and professional occupations",0
E05013968,Cranham,18,Other ethnic group: Arab,3,L7: Intermediate occupations,0
E05013968,Cranham,18,Other ethnic group: Arab,4,L8 and L9: Small employers and own account workers,1
E05013968,Cranham,18,Other ethnic group: Arab,5,L10 and L11: Lower supervisory and technical occupations,0
E05013968,Cranham,18,Other ethnic group: Arab,6,L12: Semi-routine occupations,0
E05013968,Cranham,18,Other ethnic group: Arab,7,L13: Routine occupations,0
E05013968,Cranham,18,Other ethnic group: Arab,8,L14.1 and L14.2: Never worked and long-term unemployed,0
E05013968,Cranham,18,Other ethnic group: Arab,9,L15: Full-time students,0
E05013968,Cranham,19,Other ethnic group: Any other ethnic group,-8,Does not apply,17
E05013968,Cranham,19,Other ethnic group: Any other ethnic group,1,"L1, L2 and L3: Higher managerial, administrative and professional occupations",15
E05013968,Cranham,19,Other ethnic group: Any other ethnic group,2,"L4, L5 and L6: Lower managerial, administrative and professional occupations",18
E05013968,Cranham,19,Other ethnic group: Any other ethnic group,3,L7: Intermediate occupations,8
E05013968,Cranham,19,Other ethnic group: Any other ethnic group,4,L8 and L9: Small employers and own account workers,12
E05013968,Cranham,19,Other ethnic group: Any other ethnic group,5,L10 and L11: Lower supervisory and technical occupations,3
E05013968,Cranham,19,Other ethnic group: Any other ethnic group,6,L12: Semi-routine occupations,4
E05013968,Cranham,19,Other ethnic group: Any other ethnic group,7,L13: Routine occupations,4
E05013968,Cranham,19,Other ethnic group: Any other ethnic group,8,L14.1 and L14.2: Never worked and long-term unemployed,10
E05013968,Cranham,19,Other ethnic group: Any other ethnic group,9,L15: Full-time students,2
E05013969,Elm Park,-8,Does not apply,-8,Does not apply,0
E05013969,Elm Park,-8,Does not apply,1,"L1, L2 and L3: Higher managerial, administrative and professional occupations",0
E05013969,Elm Park,-8,Does not apply,2,"L4, L5 and L6: Lower managerial, administrative and professional occupations",0
E05013969,Elm Park,-8,Does not apply,3,L7: Intermediate occupations,0
E05013969,Elm Park,-8,Does not apply,4,L8 and L9: Small employers and own account workers,0
E05013969,Elm Park,-8,Does not apply,5,L10 and L11: Lower supervisory and technical occupations,0
E05013969,Elm Park,-8,Does not apply,6,L12: Semi-routine occupations,0
E05013969,Elm Park,-8,Does not apply,7,L13: Routine occupations,0
E05013969,Elm Park,-8,Does not apply,8,L14.1 and L14.2: Never worked and long-term unemployed,0
E05013969,Elm Park,-8,Does not apply,9,L15: Full-time students,0
E05013969,Elm Park,1,"Asian, Asian British or Asian Welsh: Bangladeshi",-8,Does not apply,129
E05013969,Elm Park,1,"Asian, Asian British or Asian Welsh: Bangladeshi",1,"L1, L2 and L3: Higher managerial, administrative and professional occupations",46
E05013969,Elm Park,1,"Asian, Asian British or Asian Welsh: Bangladeshi",2,"L4, L5 and L6: Lower managerial, administrative and professional occupations",80
E05013969,Elm Park,1,"Asian, Asian British or Asian Welsh: Bangladeshi",3,L7: Intermediate occupations,31
E05013969,Elm Park,1,"Asian, Asian British or Asian Welsh: Bangladeshi",4,L8 and L9: Small employers and own account workers,24
E05013969,Elm Park,1,"Asian, Asian British or Asian Welsh: Bangladeshi",5,L10 and L11: Lower supervisory and technical occupations,11
E05013969,Elm Park,1,"Asian, Asian British or Asian Welsh: Bangladeshi",6,L12: Semi-routine occupations,33
E05013969,Elm Park,1,"Asian, Asian British or Asian Welsh: Bangladeshi",7,L13: Routine occupations,22
E05013969,Elm Park,1,"Asian, Asian British or Asian Welsh: Bangladeshi",8,L14.1 and L14.2: Never worked and long-term unemployed,45
E05013969,Elm Park,1,"Asian, Asian British or Asian Welsh: Bangladeshi",9,L15: Full-time students,53
E05013969,Elm Park,2,"Asian, Asian British or Asian Welsh: Chinese",-8,Does not apply,35
E05013969,Elm Park,2,"Asian, Asian British or Asian Welsh: Chinese",1,"L1, L2 and L3: Higher managerial, administrative and professional occupations",34
E05013969,Elm Park,2,"Asian, Asian British or Asian Welsh: Chinese",2,"L4, L5 and L6: Lower managerial, administrative and professional occupations",48
E05013969,Elm Park,2,"Asian, Asian British or Asian Welsh: Chinese",3,L7: Intermediate occupations,14
E05013969,Elm Park,2,"Asian, Asian British or Asian Welsh: Chinese",4,L8 and L9: Small employers and own account workers,18
E05013969,Elm Park,2,"Asian, Asian British or Asian Welsh: Chinese",5,L10 and L11: Lower supervisory and technical occupations,12
E05013969,Elm Park,2,"Asian, Asian British or Asian Welsh: Chinese",6,L12: Semi-routine occupations,19
E05013969,Elm Park,2,"Asian, Asian British or Asian Welsh: Chinese",7,L13: Routine occupations,12
E05013969,Elm Park,2,"Asian, Asian British or Asian Welsh: Chinese",8,L14.1 and L14.2: Never worked and long-term unemployed,26
E05013969,Elm Park,2,"Asian, Asian British or Asian Welsh: Chinese",9,L15: Full-time students,9
E05013969,Elm Park,3,"Asian, Asian British or Asian Welsh: Indian",-8,Does not apply,148
E05013969,Elm Park,3,"Asian, Asian British or Asian Welsh: Indian",1,"L1, L2 and L3: Higher managerial, administrative and professional occupations",94
E05013969,Elm Park,3,"Asian, Asian British or Asian Welsh: Indian",2,"L4, L5 and L6: Lower managerial, administrative and professional occupations",127
E05013969,Elm Park,3,"Asian, Asian British or Asian Welsh: Indian",3,L7: Intermediate occupations,59
E05013969,Elm Park,3,"Asian, Asian British or Asian Welsh: Indian",4,L8 and L9: Small employers and own account workers,40
E05013969,Elm Park,3,"Asian, Asian British or Asian Welsh: Indian",5,L10 and L11: Lower supervisory and technical occupations,14
E05013969,Elm Park,3,"Asian, Asian British or Asian Welsh: Indian",6,L12: Semi-routine occupations,27
E05013969,Elm Park,3,"Asian, Asian British or Asian Welsh: Indian",7,L13: Routine occupations,27
E05013969,Elm Park,3,"Asian, Asian British or Asian Welsh: Indian",8,L14.1 and L14.2: Never worked and long-term unemployed,41
E05013969,Elm Park,3,"Asian, Asian British or Asian Welsh: Indian",9,L15: Full-time students,38
E05013969,Elm Park,4,"Asian, Asian British or Asian Welsh: Pakistani",-8,Does not apply,91
E05013969,Elm Park,4,"Asian, Asian British or Asian Welsh: Pakistani",1,"L1, L2 and L3: Higher managerial, administrative and professional occupations",26
E05013969,Elm Park,4,"Asian, Asian British or Asian Welsh: Pakistani",2,"L4, L5 and L6: Lower managerial, administrative and professional occupations",29
E05013969,Elm Park,4,"Asian, Asian British or Asian Welsh: Pakistani",3,L7: Intermediate occupations,18
E05013969,Elm Park,4,"Asian, Asian British or Asian Welsh: Pakistani",4,L8 and L9: Small employers and own account workers,19
E05013969,Elm Park,4,"Asian, Asian British or Asian Welsh: Pakistani",5,L10 and L11: Lower supervisory and technical occupations,4
E05013969,Elm Park,4,"Asian, Asian British or Asian Welsh: Pakistani",6,L12: Semi-routine occupations,17
E05013969,Elm Park,4,"Asian, Asian British or Asian Welsh: Pakistani",7,L13: Routine occupations,5
E05013969,Elm Park,4,"Asian, Asian British or Asian Welsh: Pakistani",8,L14.1 and L14.2: Never worked and long-term unemployed,31
E05013969,Elm Park,4,"Asian, Asian British or Asian Welsh: Pakistani",9,L15: Full-time students,20
E05013969,Elm Park,5,"Asian, Asian British or Asian Welsh: Other Asian",-8,Does not apply,58
E05013969,Elm Park,5,"Asian, Asian British or Asian Welsh: Other Asian",1,"L1, L2 and L3: Higher managerial, administrative and professional occupations",32
E05013969,Elm Park,5,"Asian, Asian British or Asian Welsh: Other Asian",2,"L4, L5 and L6: Lower managerial, administrative and professional occupations",43
E05013969,Elm Park,5,"Asian, Asian British or Asian Welsh: Other Asian",3,L7: Intermediate occupations,24
E05013969,Elm Park,5,"Asian, Asian British or Asian Welsh: Other Asian",4,L8 and L9: Small employers and own account workers,19
E05013969,Elm Park,5,"Asian, Asian British or Asian Welsh: Other Asian",5,L10 and L11: Lower supervisory and technical occupations,9
E05013969,Elm Park,5,"Asian, Asian British or Asian Welsh: Other Asian",6,L12: Semi-routine occupations,31
E05013969,Elm Park,5,"Asian, Asian British or Asian Welsh: Other Asian",7,L13: Routine occupations,15
E05013969,Elm Park,5,"Asian, Asian British or Asian Welsh: Other Asian",8,L14.1 and L14.2: Never worked and long-term unemployed,27
E05013969,Elm Park,5,"Asian, Asian British or Asian Welsh: Other Asian",9,L15: Full-time students,14
E05013969,Elm Park,6,"Black, Black British, Black Welsh, Caribbean or African: African",-8,Does not apply,250
E05013969,Elm Park,6,"Black, Black British, Black Welsh, Caribbean or African: African",1,"L1, L2 and L3: Higher managerial, administrative and professional occupations",131
E05013969,Elm Park,6,"Black, Black British, Black Welsh, Caribbean or African: African",2,"L4, L5 and L6: Lower managerial, administrative and professional occupations",184
E05013969,Elm Park,6,"Black, Black British, Black Welsh, Caribbean or African: African",3,L7: Intermediate occupations,58
E05013969,Elm Park,6,"Black, Black British, Black Welsh, Caribbean or African: African",4,L8 and L9: Small employers and own account workers,45
E05013969,Elm Park,6,"Black, Black British, Black Welsh, Caribbean or African: African",5,L10 and L11: Lower supervisory and technical occupations,21
E05013969,Elm Park,6,"Black, Black British, Black Welsh, Caribbean or African: African",6,L12: Semi-routine occupations,63
E05013969,Elm Park,6,"Black, Black British, Black Welsh, Caribbean or African: African",7,L13: Routine occupations,52
E05013969,Elm Park,6,"Black, Black British, Black Welsh, Caribbean or African: African",8,L14.1 and L14.2: Never worked and long-term unemployed,64
E05013969,Elm Park,6,"Black, Black British, Black Welsh, Caribbean or African: African",9,L15: Full-time students,108
E05013969,Elm Park,7,"Black, Black British, Black Welsh, Caribbean or African: Caribbean",-8,Does not apply,34
E05013969,Elm Park,7,"Black, Black British, Black Welsh, Caribbean or African: Caribbean",1,"L1, L2 and L3: Higher managerial, administrative and professional occupations",25
E05013969,Elm Park,7,"Black, Black British, Black Welsh, Caribbean or African: Caribbean",2,"L4, L5 and L6: Lower managerial, administrative and professional occupations",54
E05013969,Elm Park,7,"Black, Black British, Black Welsh, Caribbean or African: Caribbean",3,L7: Intermediate occupations,30
E05013969,Elm Park,7,"Black, Black British, Black Welsh, Caribbean or African: Caribbean",4,L8 and L9: Small employers and own account workers,15
E05013969,Elm Park,7,"Black, Black British, Black Welsh, Caribbean or African: Caribbean",5,L10 and L11: Lower supervisory and technical occupations,7
E05013969,Elm Park,7,"Black, Black British, Black Welsh, Caribbean or African: Caribbean",6,L12: Semi-routine occupations,16
E05013969,Elm Park,7,"Black, Black British, Black Welsh, Caribbean or African: Caribbean",7,L13: Routine occupations,19
E05013969,Elm Park,7,"Black, Black British, Black Welsh, Caribbean or African: Caribbean",8,L14.1 and L14.2: Never worked and long-term unemployed,12
E05013969,Elm Park,7,"Black, Black British, Black Welsh, Caribbean or African: Caribbean",9,L15: Full-time students,14
E05013969,Elm Park,8,"Black, Black British, Black Welsh, Caribbean or African: Other Black",-8,Does not apply,79
E05013969,Elm Park,8,"Black, Black British, Black Welsh, Caribbean or African: Other Black",1,"L1, L2 and L3: Higher managerial, administrative and professional occupations",12
E05013969,Elm Park,8,"Black, Black British, Black Welsh, Caribbean or African: Other Black",2,"L4, L5 and L6: Lower managerial, administrative and professional occupations",15
E05013969,Elm Park,8,"Black, Black British, Black Welsh, Caribbean or African: Other Black",3,L7: Intermediate occupations,10
E05013969,Elm Park,8,"Black, Black British, Black Welsh, Caribbean or African: Other Black",4,L8 and L9: Small employers and own account workers,2
E05013969,Elm Park,8,"Black, Black British, Black Welsh, Caribbean or African: Other Black",5,L10 and L11: Lower supervisory and technical occupations,0
E05013969,Elm Park,8,"Black, Black British, Black Welsh, Caribbean or African: Other Black",6,L12: Semi-routine occupations,7
E05013969,Elm Park,8,"Black, Black British, Black Welsh, Caribbean or African: Other Black",7,L13: Routine occupations,3
E05013969,Elm Park,8,"Black, Black British, Black Welsh, Caribbean or African: Other Black",8,L14.1 and L14.2: Never worked and long-term unemployed,6
E05013969,Elm Park,8,"Black, Black British, Black Welsh, Caribbean or African: Other Black",9,L15: Full-time students,19
E05013969,Elm Park,9,Mixed or Multiple ethnic groups: White and Asian,-8,Does not apply,84
E05013969,Elm Park,9,Mixed or Multiple ethnic groups: White and Asian,1,"L1, L2 and L3: Higher managerial, administrative and professional occupations",11
E05013969,Elm Park,9,Mixed or Multiple ethnic groups: White and Asian,2,"L4, L5 and L6: Lower managerial, administrative and professional occupations",12
E05013969,Elm Park,9,Mixed or Multiple ethnic groups: White and Asian,3,L7: Intermediate occupations,14
E05013969,Elm Park,9,Mixed or Multiple ethnic groups: White and Asian,4,L8 and L9: Small employers and own account workers,4
E05013969,Elm Park,9,Mixed or Multiple ethnic groups: White and Asian,5,L10 and L11: Lower supervisory and technical occupations,5
E05013969,Elm Park,9,Mixed or Multiple ethnic groups: White and Asian,6,L12: Semi-routine occupations,5
E05013969,Elm Park,9,Mixed or Multiple ethnic groups: White and Asian,7,L13: Routine occupations,7
E05013969,Elm Park,9,Mixed or Multiple ethnic groups: White and Asian,8,L14.1 and L14.2: Never worked and long-term unemployed,4
E05013969,Elm Park,9,Mixed or Multiple ethnic groups: White and Asian,9,L15: Full-time students,8
E05013969,Elm Park,10,Mixed or Multiple ethnic groups: White and Black African,-8,Does not apply,68
E05013969,Elm Park,10,Mixed or Multiple ethnic groups: White and Black African,1,"L1, L2 and L3: Higher managerial, administrative and professional occupations",0
E05013969,Elm Park,10,Mixed or Multiple ethnic groups: White and Black African,2,"L4, L5 and L6: Lower managerial, administrative and professional occupations",10
E05013969,Elm Park,10,Mixed or Multiple ethnic groups: White and Black African,3,L7: Intermediate occupations,4
E05013969,Elm Park,10,Mixed or Multiple ethnic groups: White and Black African,4,L8 and L9: Small employers and own account workers,1
E05013969,Elm Park,10,Mixed or Multiple ethnic groups: White and Black African,5,L10 and L11: Lower supervisory and technical occupations,1
E05013969,Elm Park,10,Mixed or Multiple ethnic groups: White and Black African,6,L12: Semi-routine occupations,4
E05013969,Elm Park,10,Mixed or Multiple ethnic groups: White and Black African,7,L13: Routine occupations,6
E05013969,Elm Park,10,Mixed or Multiple ethnic groups: White and Black African,8,L14.1 and L14.2: Never worked and long-term unemployed,1
E05013969,Elm Park,10,Mixed or Multiple ethnic groups: White and Black African,9,L15: Full-time students,15
E05013969,Elm Park,11,Mixed or Multiple ethnic groups: White and Black Caribbean,-8,Does not apply,93
E05013969,Elm Park,11,Mixed or Multiple ethnic groups: White and Black Caribbean,1,"L1, L2 and L3: Higher managerial, administrative and professional occupations",11
E05013969,Elm Park,11,Mixed or Multiple ethnic groups: White and Black Caribbean,2,"L4, L5 and L6: Lower managerial, administrative and professional occupations",20
E05013969,Elm Park,11,Mixed or Multiple ethnic groups: White and Black Caribbean,3,L7: Intermediate occupations,12
E05013969,Elm Park,11,Mixed or Multiple ethnic groups: White and Black Caribbean,4,L8 and L9: Small employers and own account workers,6
E05013969,Elm Park,11,Mixed or Multiple ethnic groups: White and Black Caribbean,5,L10 and L11: Lower supervisory and technical occupations,4
E05013969,Elm Park,11,Mixed or Multiple ethnic groups: White and Black Caribbean,6,L12: Semi-routine occupations,12
E05013969,Elm Park,11,Mixed or Multiple ethnic groups: White and Black Caribbean,7,L13: Routine occupations,19
E05013969,Elm Park,11,Mixed or Multiple ethnic groups: White and Black Caribbean,8,L14.1 and L14.2: Never worked and long-term unemployed,6
E05013969,Elm Park,11,Mixed or Multiple ethnic groups: White and Black Caribbean,9,L15: Full-time students,21
E05013969,Elm Park,12,Mixed or Multiple ethnic groups: Other Mixed or Multiple ethnic groups,-8,Does not apply,95
E05013969,Elm Park,12,Mixed or Multiple ethnic groups: Other Mixed or Multiple ethnic groups,1,"L1, L2 and L3: Higher managerial, administrative and professional occupations",13
E05013969,Elm Park,12,Mixed or Multiple ethnic groups: Other Mixed or Multiple ethnic groups,2,"L4, L5 and L6: Lower managerial, administrative and professional occupations",28
E05013969,Elm Park,12,Mixed or Multiple ethnic groups: Other Mixed or Multiple ethnic groups,3,L7: Intermediate occupations,7
E05013969,Elm Park,12,Mixed or Multiple ethnic groups: Other Mixed or Multiple ethnic groups,4,L8 and L9: Small employers and own account workers,5
E05013969,Elm Park,12,Mixed or Multiple ethnic groups: Other Mixed or Multiple ethnic groups,5,L10 and L11: Lower supervisory and technical occupations,0
E05013969,Elm Park,12,Mixed or Multiple ethnic groups: Other Mixed or Multiple ethnic groups,6,L12: Semi-routine occupations,10
E05013969,Elm Park,12,Mixed or Multiple ethnic groups: Other Mixed or Multiple ethnic groups,7,L13: Routine occupations,3
E05013969,Elm Park,12,Mixed or Multiple ethnic groups: Other Mixed or Multiple ethnic groups,8,L14.1 and L14.2: Never worked and long-term unemployed,8
E05013969,Elm Park,12,Mixed or Multiple ethnic groups: Other Mixed or Multiple ethnic groups,9,L15: Full-time students,13
E05013969,Elm Park,13,"White: English, Welsh, Scottish, Northern Irish or British",-8,Does not apply,1829
E05013969,Elm Park,13,"White: English, Welsh, Scottish, Northern Irish or British",1,"L1, L2 and L3: Higher managerial, administrative and professional occupations",913
E05013969,Elm Park,13,"White: English, Welsh, Scottish, Northern Irish or British",2,"L4, L5 and L6: Lower managerial, administrative and professional occupations",1706
E05013969,Elm Park,13,"White: English, Welsh, Scottish, Northern Irish or British",3,L7: Intermediate occupations,1652
E05013969,Elm Park,13,"White: English, Welsh, Scottish, Northern Irish or British",4,L8 and L9: Small employers and own account workers,983
E05013969,Elm Park,13,"White: English, Welsh, Scottish, Northern Irish or British",5,L10 and L11: Lower supervisory and technical occupations,615
E05013969,Elm Park,13,"White: English, Welsh, Scottish, Northern Irish or British",6,L12: Semi-routine occupations,1230
E05013969,Elm Park,13,"White: English, Welsh, Scottish, Northern Irish or British",7,L13: Routine occupations,1120
E05013969,Elm Park,13,"White: English, Welsh, Scottish, Northern Irish or British",8,L14.1 and L14.2: Never worked and long-term unemployed,804
E05013969,Elm Park,13,"White: English, Welsh, Scottish, Northern Irish or British",9,L15: Full-time students,373
E05013969,Elm Park,14,White: Irish,-8,Does not apply,6
E05013969,Elm Park,14,White: Irish,1,"L1, L2 and L3: Higher managerial, administrative and professional occupations",21
E05013969,Elm Park,14,White: Irish,2,"L4, L5 and L6: Lower managerial, administrative and professional occupations",48
E05013969,Elm Park,14,White: Irish,3,L7: Intermediate occupations,22
E05013969,Elm Park,14,White: Irish,4,L8 and L9: Small employers and own account workers,18
E05013969,Elm Park,14,White: Irish,5,L10 and L11: Lower supervisory and technical occupations,11
E05013969,Elm Park,14,White: Irish,6,L12: Semi-routine occupations,17
E05013969,Elm Park,14,White: Irish,7,L13: Routine occupations,21
E05013969,Elm Park,14,White: Irish,8,L14.1 and L14.2: Never worked and long-term unemployed,16
E05013969,Elm Park,14,White: Irish,9,L15: Full-time students,0
E05013969,Elm Park,15,White: Gypsy or Irish Traveller,-8,Does not apply,10
E05013969,Elm Park,15,White: Gypsy or Irish Traveller,1,"L1, L2 and L3: Higher managerial, administrative and professional occupations",0
E05013969,Elm Park,15,White: Gypsy or Irish Traveller,2,"L4, L5 and L6: Lower managerial, administrative and professional occupations",0
E05013969,Elm Park,15,White: Gypsy or Irish Traveller,3,L7: Intermediate occupations,0
E05013969,Elm Park,15,White: Gypsy or Irish Traveller,4,L8 and L9: Small employers and own account workers,0
E05013969,Elm Park,15,White: Gypsy or Irish Traveller,5,L10 and L11: Lower supervisory and technical occupations,0
E05013969,Elm Park,15,White: Gypsy or Irish Traveller,6,L12: Semi-routine occupations,0
E05013969,Elm Park,15,White: Gypsy or Irish Traveller,7,L13: Routine occupations,1
E05013969,Elm Park,15,White: Gypsy or Irish Traveller,8,L14.1 and L14.2: Never worked and long-term unemployed,3
E05013969,Elm Park,15,White: Gypsy or Irish Traveller,9,L15: Full-time students,0
E05013969,Elm Park,16,White: Roma,-8,Does not apply,1
E05013969,Elm Park,16,White: Roma,1,"L1, L2 and L3: Higher managerial, administrative and professional occupations",0
E05013969,Elm Park,16,White: Roma,2,"L4, L5 and L6: Lower managerial, administrative and professional occupations",1
E05013969,Elm Park,16,White: Roma,3,L7: Intermediate occupations,0
E05013969,Elm Park,16,White: Roma,4,L8 and L9: Small employers and own account workers,2
E05013969,Elm Park,16,White: Roma,5,L10 and L11: Lower supervisory and technical occupations,0
E05013969,Elm Park,16,White: Roma,6,L12: Semi-routine occupations,0
E05013969,Elm Park,16,White: Roma,7,L13: Routine occupations,1
E05013969,Elm Park,16,White: Roma,8,L14.1 and L14.2: Never worked and long-term unemployed,2
E05013969,Elm Park,16,White: Roma,9,L15: Full-time students,2
E05013969,Elm Park,17,White: Other White,-8,Does not apply,198
E05013969,Elm Park,17,White: Other White,1,"L1, L2 and L3: Higher managerial, administrative and professional occupations",96
E05013969,Elm Park,17,White: Other White,2,"L4, L5 and L6: Lower managerial, administrative and professional occupations",147
E05013969,Elm Park,17,White: Other White,3,L7: Intermediate occupations,79
E05013969,Elm Park,17,White: Other White,4,L8 and L9: Small employers and own account workers,247
E05013969,Elm Park,17,White: Other White,5,L10 and L11: Lower supervisory and technical occupations,47
E05013969,Elm Park,17,White: Other White,6,L12: Semi-routine occupations,64
E05013969,Elm Park,17,White: Other White,7,L13: Routine occupations,121
E05013969,Elm Park,17,White: Other White,8,L14.1 and L14.2: Never worked and long-term unemployed,40
E05013969,Elm Park,17,White: Other White,9,L15: Full-time students,78
E05013969,Elm Park,18,Other ethnic group: Arab,-8,Does not apply,33
E05013969,Elm Park,18,Other ethnic group: Arab,1,"L1, L2 and L3: Higher managerial, administrative and professional occupations",4
E05013969,Elm Park,18,Other ethnic group: Arab,2,"L4, L5 and L6: Lower managerial, administrative and professional occupations",3
E05013969,Elm Park,18,Other ethnic group: Arab,3,L7: Intermediate occupations,1
E05013969,Elm Park,18,Other ethnic group: Arab,4,L8 and L9: Small employers and own account workers,4
E05013969,Elm Park,18,Other ethnic group: Arab,5,L10 and L11: Lower supervisory and technical occupations,1
E05013969,Elm Park,18,Other ethnic group: Arab,6,L12: Semi-routine occupations,2
E05013969,Elm Park,18,Other ethnic group: Arab,7,L13: Routine occupations,1
E05013969,Elm Park,18,Other ethnic group: Arab,8,L14.1 and L14.2: Never worked and long-term unemployed,5
E05013969,Elm Park,18,Other ethnic group: Arab,9,L15: Full-time students,1
E05013969,Elm Park,19,Other ethnic group: Any other ethnic group,-8,Does not apply,38
E05013969,Elm Park,19,Other ethnic group: Any other ethnic group,1,"L1, L2 and L3: Higher managerial, administrative and professional occupations",21
E05013969,Elm Park,19,Other ethnic group: Any other ethnic group,2,"L4, L5 and L6: Lower managerial, administrative and professional occupations",21
E05013969,Elm Park,19,Other ethnic group: Any other ethnic group,3,L7: Intermediate occupations,9
E05013969,Elm Park,19,Other ethnic group: Any other ethnic group,4,L8 and L9: Small employers and own account workers,26
E05013969,Elm Park,19,Other ethnic group: Any other ethnic group,5,L10 and L11: Lower supervisory and technical occupations,10
E05013969,Elm Park,19,Other ethnic group: Any other ethnic group,6,L12: Semi-routine occupations,10
E05013969,Elm Park,19,Other ethnic group: Any other ethnic group,7,L13: Routine occupations,19
E05013969,Elm Park,19,Other ethnic group: Any other ethnic group,8,L14.1 and L14.2: Never worked and long-term unemployed,16
E05013969,Elm Park,19,Other ethnic group: Any other ethnic group,9,L15: Full-time students,13
E05013970,Emerson Park,-8,Does not apply,-8,Does not apply,0
E05013970,Emerson Park,-8,Does not apply,1,"L1, L2 and L3: Higher managerial, administrative and professional occupations",0
E05013970,Emerson Park,-8,Does not apply,2,"L4, L5 and L6: Lower managerial, administrative and professional occupations",0
E05013970,Emerson Park,-8,Does not apply,3,L7: Intermediate occupations,0
E05013970,Emerson Park,-8,Does not apply,4,L8 and L9: Small employers and own account workers,0
E05013970,Emerson Park,-8,Does not apply,5,L10 and L11: Lower supervisory and technical occupations,0
E05013970,Emerson Park,-8,Does not apply,6,L12: Semi-routine occupations,0
E05013970,Emerson Park,-8,Does not apply,7,L13: Routine occupations,0
E05013970,Emerson Park,-8,Does not apply,8,L14.1 and L14.2: Never worked and long-term unemployed,0
E05013970,Emerson Park,-8,Does not apply,9,L15: Full-time students,0
E05013970,Emerson Park,1,"Asian, Asian British or Asian Welsh: Bangladeshi",-8,Does not apply,15
E05013970,Emerson Park,1,"Asian, Asian British or Asian Welsh: Bangladeshi",1,"L1, L2 and L3: Higher managerial, administrative and professional occupations",25
E05013970,Emerson Park,1,"Asian, Asian British or Asian Welsh: Bangladeshi",2,"L4, L5 and L6: Lower managerial, administrative and professional occupations",7
E05013970,Emerson Park,1,"Asian, Asian British or Asian Welsh: Bangladeshi",3,L7: Intermediate occupations,3
E05013970,Emerson Park,1,"Asian, Asian British or Asian Welsh: Bangladeshi",4,L8 and L9: Small employers and own account workers,6
E05013970,Emerson Park,1,"Asian, Asian British or Asian Welsh: Bangladeshi",5,L10 and L11: Lower supervisory and technical occupations,0
E05013970,Emerson Park,1,"Asian, Asian British or Asian Welsh: Bangladeshi",6,L12: Semi-routine occupations,4
E05013970,Emerson Park,1,"Asian, Asian British or Asian Welsh: Bangladeshi",7,L13: Routine occupations,1
E05013970,Emerson Park,1,"Asian, Asian British or Asian Welsh: Bangladeshi",8,L14.1 and L14.2: Never worked and long-term unemployed,5
E05013970,Emerson Park,1,"Asian, Asian British or Asian Welsh: Bangladeshi",9,L15: Full-time students,9
E05013970,Emerson Park,2,"Asian, Asian British or Asian Welsh: Chinese",-8,Does not apply,12
E05013970,Emerson Park,2,"Asian, Asian British or Asian Welsh: Chinese",1,"L1, L2 and L3: Higher managerial, administrative and professional occupations",27
E05013970,Emerson Park,2,"Asian, Asian British or Asian Welsh: Chinese",2,"L4, L5 and L6: Lower managerial, administrative and professional occupations",21
E05013970,Emerson Park,2,"Asian, Asian British or Asian Welsh: Chinese",3,L7: Intermediate occupations,12
E05013970,Emerson Park,2,"Asian, Asian British or Asian Welsh: Chinese",4,L8 and L9: Small employers and own account workers,15
E05013970,Emerson Park,2,"Asian, Asian British or Asian Welsh: Chinese",5,L10 and L11: Lower supervisory and technical occupations,3
E05013970,Emerson Park,2,"Asian, Asian British or Asian Welsh: Chinese",6,L12: Semi-routine occupations,6
E05013970,Emerson Park,2,"Asian, Asian British or Asian Welsh: Chinese",7,L13: Routine occupations,3
E05013970,Emerson Park,2,"Asian, Asian British or Asian Welsh: Chinese",8,L14.1 and L14.2: Never worked and long-term unemployed,14
E05013970,Emerson Park,2,"Asian, Asian British or Asian Welsh: Chinese",9,L15: Full-time students,5
E05013970,Emerson Park,3,"Asian, Asian British or Asian Welsh: Indian",-8,Does not apply,235
E05013970,Emerson Park,3,"Asian, Asian British or Asian Welsh: Indian",1,"L1, L2 and L3: Higher managerial, administrative and professional occupations",334
E05013970,Emerson Park,3,"Asian, Asian British or Asian Welsh: Indian",2,"L4, L5 and L6: Lower managerial, administrative and professional occupations",187
E05013970,Emerson Park,3,"Asian, Asian British or Asian Welsh: Indian",3,L7: Intermediate occupations,108
E05013970,Emerson Park,3,"Asian, Asian British or Asian Welsh: Indian",4,L8 and L9: Small employers and own account workers,161
E05013970,Emerson Park,3,"Asian, Asian British or Asian Welsh: Indian",5,L10 and L11: Lower supervisory and technical occupations,13
E05013970,Emerson Park,3,"Asian, Asian British or Asian Welsh: Indian",6,L12: Semi-routine occupations,50
E05013970,Emerson Park,3,"Asian, Asian British or Asian Welsh: Indian",7,L13: Routine occupations,29
E05013970,Emerson Park,3,"Asian, Asian British or Asian Welsh: Indian",8,L14.1 and L14.2: Never worked and long-term unemployed,107
E05013970,Emerson Park,3,"Asian, Asian British or Asian Welsh: Indian",9,L15: Full-time students,67
E05013970,Emerson Park,4,"Asian, Asian British or Asian Welsh: Pakistani",-8,Does not apply,75
E05013970,Emerson Park,4,"Asian, Asian British or Asian Welsh: Pakistani",1,"L1, L2 and L3: Higher managerial, administrative and professional occupations",86
E05013970,Emerson Park,4,"Asian, Asian British or Asian Welsh: Pakistani",2,"L4, L5 and L6: Lower managerial, administrative and professional occupations",48
E05013970,Emerson Park,4,"Asian, Asian British or Asian Welsh: Pakistani",3,L7: Intermediate occupations,24
E05013970,Emerson Park,4,"Asian, Asian British or Asian Welsh: Pakistani",4,L8 and L9: Small employers and own account workers,28
E05013970,Emerson Park,4,"Asian, Asian British or Asian Welsh: Pakistani",5,L10 and L11: Lower supervisory and technical occupations,2
E05013970,Emerson Park,4,"Asian, Asian British or Asian Welsh: Pakistani",6,L12: Semi-routine occupations,16
E05013970,Emerson Park,4,"Asian, Asian British or Asian Welsh: Pakistani",7,L13: Routine occupations,7
E05013970,Emerson Park,4,"Asian, Asian British or Asian Welsh: Pakistani",8,L14.1 and L14.2: Never worked and long-term unemployed,34
E05013970,Emerson Park,4,"Asian, Asian British or Asian Welsh: Pakistani",9,L15: Full-time students,42
E05013970,Emerson Park,5,"Asian, Asian British or Asian Welsh: Other Asian",-8,Does not apply,41
E05013970,Emerson Park,5,"Asian, Asian British or Asian Welsh: Other Asian",1,"L1, L2 and L3: Higher managerial, administrative and professional occupations",41
E05013970,Emerson Park,5,"Asian, Asian British or Asian Welsh: Other Asian",2,"L4, L5 and L6: Lower managerial, administrative and professional occupations",17
E05013970,Emerson Park,5,"Asian, Asian British or Asian Welsh: Other Asian",3,L7: Intermediate occupations,11
E05013970,Emerson Park,5,"Asian, Asian British or Asian Welsh: Other Asian",4,L8 and L9: Small employers and own account workers,22
E05013970,Emerson Park,5,"Asian, Asian British or Asian Welsh: Other Asian",5,L10 and L11: Lower supervisory and technical occupations,8
E05013970,Emerson Park,5,"Asian, Asian British or Asian Welsh: Other Asian",6,L12: Semi-routine occupations,8
E05013970,Emerson Park,5,"Asian, Asian British or Asian Welsh: Other Asian",7,L13: Routine occupations,8
E05013970,Emerson Park,5,"Asian, Asian British or Asian Welsh: Other Asian",8,L14.1 and L14.2: Never worked and long-term unemployed,15
E05013970,Emerson Park,5,"Asian, Asian British or Asian Welsh: Other Asian",9,L15: Full-time students,9
E05013970,Emerson Park,6,"Black, Black British, Black Welsh, Caribbean or African: African",-8,Does not apply,64
E05013970,Emerson Park,6,"Black, Black British, Black Welsh, Caribbean or African: African",1,"L1, L2 and L3: Higher managerial, administrative and professional occupations",70
E05013970,Emerson Park,6,"Black, Black British, Black Welsh, Caribbean or African: African",2,"L4, L5 and L6: Lower managerial, administrative and professional occupations",51
E05013970,Emerson Park,6,"Black, Black British, Black Welsh, Caribbean or African: African",3,L7: Intermediate occupations,20
E05013970,Emerson Park,6,"Black, Black British, Black Welsh, Caribbean or African: African",4,L8 and L9: Small employers and own account workers,22
E05013970,Emerson Park,6,"Black, Black British, Black Welsh, Caribbean or African: African",5,L10 and L11: Lower supervisory and technical occupations,4
E05013970,Emerson Park,6,"Black, Black British, Black Welsh, Caribbean or African: African",6,L12: Semi-routine occupations,15
E05013970,Emerson Park,6,"Black, Black British, Black Welsh, Caribbean or African: African",7,L13: Routine occupations,2
E05013970,Emerson Park,6,"Black, Black British, Black Welsh, Caribbean or African: African",8,L14.1 and L14.2: Never worked and long-term unemployed,19
E05013970,Emerson Park,6,"Black, Black British, Black Welsh, Caribbean or African: African",9,L15: Full-time students,42
E05013970,Emerson Park,7,"Black, Black British, Black Welsh, Caribbean or African: Caribbean",-8,Does not apply,8
E05013970,Emerson Park,7,"Black, Black British, Black Welsh, Caribbean or African: Caribbean",1,"L1, L2 and L3: Higher managerial, administrative and professional occupations",7
E05013970,Emerson Park,7,"Black, Black British, Black Welsh, Caribbean or African: Caribbean",2,"L4, L5 and L6: Lower managerial, administrative and professional occupations",11
E05013970,Emerson Park,7,"Black, Black British, Black Welsh, Caribbean or African: Caribbean",3,L7: Intermediate occupations,2
E05013970,Emerson Park,7,"Black, Black British, Black Welsh, Caribbean or African: Caribbean",4,L8 and L9: Small employers and own account workers,7
E05013970,Emerson Park,7,"Black, Black British, Black Welsh, Caribbean or African: Caribbean",5,L10 and L11: Lower supervisory and technical occupations,0
E05013970,Emerson Park,7,"Black, Black British, Black Welsh, Caribbean or African: Caribbean",6,L12: Semi-routine occupations,4
E05013970,Emerson Park,7,"Black, Black British, Black Welsh, Caribbean or African: Caribbean",7,L13: Routine occupations,6
E05013970,Emerson Park,7,"Black, Black British, Black Welsh, Caribbean or African: Caribbean",8,L14.1 and L14.2: Never worked and long-term unemployed,5
E05013970,Emerson Park,7,"Black, Black British, Black Welsh, Caribbean or African: Caribbean",9,L15: Full-time students,1
E05013970,Emerson Park,8,"Black, Black British, Black Welsh, Caribbean or African: Other Black",-8,Does not apply,17
E05013970,Emerson Park,8,"Black, Black British, Black Welsh, Caribbean or African: Other Black",1,"L1, L2 and L3: Higher managerial, administrative and professional occupations",2
E05013970,Emerson Park,8,"Black, Black British, Black Welsh, Caribbean or African: Other Black",2,"L4, L5 and L6: Lower managerial, administrative and professional occupations",5
E05013970,Emerson Park,8,"Black, Black British, Black Welsh, Caribbean or African: Other Black",3,L7: Intermediate occupations,4
E05013970,Emerson Park,8,"Black, Black British, Black Welsh, Caribbean or African: Other Black",4,L8 and L9: Small employers and own account workers,2
E05013970,Emerson Park,8,"Black, Black British, Black Welsh, Caribbean or African: Other Black",5,L10 and L11: Lower supervisory and technical occupations,0
E05013970,Emerson Park,8,"Black, Black British, Black Welsh, Caribbean or African: Other Black",6,L12: Semi-routine occupations,2
E05013970,Emerson Park,8,"Black, Black British, Black Welsh, Caribbean or African: Other Black",7,L13: Routine occupations,1
E05013970,Emerson Park,8,"Black, Black British, Black Welsh, Caribbean or African: Other Black",8,L14.1 and L14.2: Never worked and long-term unemployed,2
E05013970,Emerson Park,8,"Black, Black British, Black Welsh, Caribbean or African: Other Black",9,L15: Full-time students,5
E05013970,Emerson Park,9,Mixed or Multiple ethnic groups: White and Asian,-8,Does not apply,51
E05013970,Emerson Park,9,Mixed or Multiple ethnic groups: White and Asian,1,"L1, L2 and L3: Higher managerial, administrative and professional occupations",9
E05013970,Emerson Park,9,Mixed or Multiple ethnic groups: White and Asian,2,"L4, L5 and L6: Lower managerial, administrative and professional occupations",2
E05013970,Emerson Park,9,Mixed or Multiple ethnic groups: White and Asian,3,L7: Intermediate occupations,4
E05013970,Emerson Park,9,Mixed or Multiple ethnic groups: White and Asian,4,L8 and L9: Small employers and own account workers,4
E05013970,Emerson Park,9,Mixed or Multiple ethnic groups: White and Asian,5,L10 and L11: Lower supervisory and technical occupations,2
E05013970,Emerson Park,9,Mixed or Multiple ethnic groups: White and Asian,6,L12: Semi-routine occupations,4
E05013970,Emerson Park,9,Mixed or Multiple ethnic groups: White and Asian,7,L13: Routine occupations,5
E05013970,Emerson Park,9,Mixed or Multiple ethnic groups: White and Asian,8,L14.1 and L14.2: Never worked and long-term unemployed,2
E05013970,Emerson Park,9,Mixed or Multiple ethnic groups: White and Asian,9,L15: Full-time students,7
E05013970,Emerson Park,10,Mixed or Multiple ethnic groups: White and Black African,-8,Does not apply,10
E05013970,Emerson Park,10,Mixed or Multiple ethnic groups: White and Black African,1,"L1, L2 and L3: Higher managerial, administrative and professional occupations",4
E05013970,Emerson Park,10,Mixed or Multiple ethnic groups: White and Black African,2,"L4, L5 and L6: Lower managerial, administrative and professional occupations",9
E05013970,Emerson Park,10,Mixed or Multiple ethnic groups: White and Black African,3,L7: Intermediate occupations,3
E05013970,Emerson Park,10,Mixed or Multiple ethnic groups: White and Black African,4,L8 and L9: Small employers and own account workers,0
E05013970,Emerson Park,10,Mixed or Multiple ethnic groups: White and Black African,5,L10 and L11: Lower supervisory and technical occupations,1
E05013970,Emerson Park,10,Mixed or Multiple ethnic groups: White and Black African,6,L12: Semi-routine occupations,1
E05013970,Emerson Park,10,Mixed or Multiple ethnic groups: White and Black African,7,L13: Routine occupations,0
E05013970,Emerson Park,10,Mixed or Multiple ethnic groups: White and Black African,8,L14.1 and L14.2: Never worked and long-term unemployed,1
E05013970,Emerson Park,10,Mixed or Multiple ethnic groups: White and Black African,9,L15: Full-time students,2
E05013970,Emerson Park,11,Mixed or Multiple ethnic groups: White and Black Caribbean,-8,Does not apply,16
E05013970,Emerson Park,11,Mixed or Multiple ethnic groups: White and Black Caribbean,1,"L1, L2 and L3: Higher managerial, administrative and professional occupations",3
E05013970,Emerson Park,11,Mixed or Multiple ethnic groups: White and Black Caribbean,2,"L4, L5 and L6: Lower managerial, administrative and professional occupations",7
E05013970,Emerson Park,11,Mixed or Multiple ethnic groups: White and Black Caribbean,3,L7: Intermediate occupations,2
E05013970,Emerson Park,11,Mixed or Multiple ethnic groups: White and Black Caribbean,4,L8 and L9: Small employers and own account workers,2
E05013970,Emerson Park,11,Mixed or Multiple ethnic groups: White and Black Caribbean,5,L10 and L11: Lower supervisory and technical occupations,2
E05013970,Emerson Park,11,Mixed or Multiple ethnic groups: White and Black Caribbean,6,L12: Semi-routine occupations,3
E05013970,Emerson Park,11,Mixed or Multiple ethnic groups: White and Black Caribbean,7,L13: Routine occupations,0
E05013970,Emerson Park,11,Mixed or Multiple ethnic groups: White and Black Caribbean,8,L14.1 and L14.2: Never worked and long-term unemployed,1
E05013970,Emerson Park,11,Mixed or Multiple ethnic groups: White and Black Caribbean,9,L15: Full-time students,4
E05013970,Emerson Park,12,Mixed or Multiple ethnic groups: Other Mixed or Multiple ethnic groups,-8,Does not apply,28
E05013970,Emerson Park,12,Mixed or Multiple ethnic groups: Other Mixed or Multiple ethnic groups,1,"L1, L2 and L3: Higher managerial, administrative and professional occupations",12
E05013970,Emerson Park,12,Mixed or Multiple ethnic groups: Other Mixed or Multiple ethnic groups,2,"L4, L5 and L6: Lower managerial, administrative and professional occupations",6
E05013970,Emerson Park,12,Mixed or Multiple ethnic groups: Other Mixed or Multiple ethnic groups,3,L7: Intermediate occupations,3
E05013970,Emerson Park,12,Mixed or Multiple ethnic groups: Other Mixed or Multiple ethnic groups,4,L8 and L9: Small employers and own account workers,0
E05013970,Emerson Park,12,Mixed or Multiple ethnic groups: Other Mixed or Multiple ethnic groups,5,L10 and L11: Lower supervisory and technical occupations,0
E05013970,Emerson Park,12,Mixed or Multiple ethnic groups: Other Mixed or Multiple ethnic groups,6,L12: Semi-routine occupations,2
E05013970,Emerson Park,12,Mixed or Multiple ethnic groups: Other Mixed or Multiple ethnic groups,7,L13: Routine occupations,1
E05013970,Emerson Park,12,Mixed or Multiple ethnic groups: Other Mixed or Multiple ethnic groups,8,L14.1 and L14.2: Never worked and long-term unemployed,2
E05013970,Emerson Park,12,Mixed or Multiple ethnic groups: Other Mixed or Multiple ethnic groups,9,L15: Full-time students,7
E05013970,Emerson Park,13,"White: English, Welsh, Scottish, Northern Irish or British",-8,Does not apply,839
E05013970,Emerson Park,13,"White: English, Welsh, Scottish, Northern Irish or British",1,"L1, L2 and L3: Higher managerial, administrative and professional occupations",762
E05013970,Emerson Park,13,"White: English, Welsh, Scottish, Northern Irish or British",2,"L4, L5 and L6: Lower managerial, administrative and professional occupations",1149
E05013970,Emerson Park,13,"White: English, Welsh, Scottish, Northern Irish or British",3,L7: Intermediate occupations,953
E05013970,Emerson Park,13,"White: English, Welsh, Scottish, Northern Irish or British",4,L8 and L9: Small employers and own account workers,716
E05013970,Emerson Park,13,"White: English, Welsh, Scottish, Northern Irish or British",5,L10 and L11: Lower supervisory and technical occupations,202
E05013970,Emerson Park,13,"White: English, Welsh, Scottish, Northern Irish or British",6,L12: Semi-routine occupations,461
E05013970,Emerson Park,13,"White: English, Welsh, Scottish, Northern Irish or British",7,L13: Routine occupations,367
E05013970,Emerson Park,13,"White: English, Welsh, Scottish, Northern Irish or British",8,L14.1 and L14.2: Never worked and long-term unemployed,404
E05013970,Emerson Park,13,"White: English, Welsh, Scottish, Northern Irish or British",9,L15: Full-time students,222
E05013970,Emerson Park,14,White: Irish,-8,Does not apply,0
E05013970,Emerson Park,14,White: Irish,1,"L1, L2 and L3: Higher managerial, administrative and professional occupations",14
E05013970,Emerson Park,14,White: Irish,2,"L4, L5 and L6: Lower managerial, administrative and professional occupations",27
E05013970,Emerson Park,14,White: Irish,3,L7: Intermediate occupations,11
E05013970,Emerson Park,14,White: Irish,4,L8 and L9: Small employers and own account workers,9
E05013970,Emerson Park,14,White: Irish,5,L10 and L11: Lower supervisory and technical occupations,6
E05013970,Emerson Park,14,White: Irish,6,L12: Semi-routine occupations,10
E05013970,Emerson Park,14,White: Irish,7,L13: Routine occupations,7
E05013970,Emerson Park,14,White: Irish,8,L14.1 and L14.2: Never worked and long-term unemployed,6
E05013970,Emerson Park,14,White: Irish,9,L15: Full-time students,5
E05013970,Emerson Park,15,White: Gypsy or Irish Traveller,-8,Does not apply,5
E05013970,Emerson Park,15,White: Gypsy or Irish Traveller,1,"L1, L2 and L3: Higher managerial, administrative and professional occupations",0
E05013970,Emerson Park,15,White: Gypsy or Irish Traveller,2,"L4, L5 and L6: Lower managerial, administrative and professional occupations",2
E05013970,Emerson Park,15,White: Gypsy or Irish Traveller,3,L7: Intermediate occupations,0
E05013970,Emerson Park,15,White: Gypsy or Irish Traveller,4,L8 and L9: Small employers and own account workers,4
E05013970,Emerson Park,15,White: Gypsy or Irish Traveller,5,L10 and L11: Lower supervisory and technical occupations,0
E05013970,Emerson Park,15,White: Gypsy or Irish Traveller,6,L12: Semi-routine occupations,1
E05013970,Emerson Park,15,White: Gypsy or Irish Traveller,7,L13: Routine occupations,1
E05013970,Emerson Park,15,White: Gypsy or Irish Traveller,8,L14.1 and L14.2: Never worked and long-term unemployed,1
E05013970,Emerson Park,15,White: Gypsy or Irish Traveller,9,L15: Full-time students,0
E05013970,Emerson Park,16,White: Roma,-8,Does not apply,2
E05013970,Emerson Park,16,White: Roma,1,"L1, L2 and L3: Higher managerial, administrative and professional occupations",0
E05013970,Emerson Park,16,White: Roma,2,"L4, L5 and L6: Lower managerial, administrative and professional occupations",0
E05013970,Emerson Park,16,White: Roma,3,L7: Intermediate occupations,0
E05013970,Emerson Park,16,White: Roma,4,L8 and L9: Small employers and own account workers,0
E05013970,Emerson Park,16,White: Roma,5,L10 and L11: Lower supervisory and technical occupations,0
E05013970,Emerson Park,16,White: Roma,6,L12: Semi-routine occupations,0
E05013970,Emerson Park,16,White: Roma,7,L13: Routine occupations,7
E05013970,Emerson Park,16,White: Roma,8,L14.1 and L14.2: Never worked and long-term unemployed,0
E05013970,Emerson Park,16,White: Roma,9,L15: Full-time students,0
E05013970,Emerson Park,17,White: Other White,-8,Does not apply,55
E05013970,Emerson Park,17,White: Other White,1,"L1, L2 and L3: Higher managerial, administrative and professional occupations",36
E05013970,Emerson Park,17,White: Other White,2,"L4, L5 and L6: Lower managerial, administrative and professional occupations",53
E05013970,Emerson Park,17,White: Other White,3,L7: Intermediate occupations,32
E05013970,Emerson Park,17,White: Other White,4,L8 and L9: Small employers and own account workers,66
E05013970,Emerson Park,17,White: Other White,5,L10 and L11: Lower supervisory and technical occupations,7
E05013970,Emerson Park,17,White: Other White,6,L12: Semi-routine occupations,13
E05013970,Emerson Park,17,White: Other White,7,L13: Routine occupations,37
E05013970,Emerson Park,17,White: Other White,8,L14.1 and L14.2: Never worked and long-term unemployed,19
E05013970,Emerson Park,17,White: Other White,9,L15: Full-time students,21
E05013970,Emerson Park,18,Other ethnic group: Arab,-8,Does not apply,5
E05013970,Emerson Park,18,Other ethnic group: Arab,1,"L1, L2 and L3: Higher managerial, administrative and professional occupations",10
E05013970,Emerson Park,18,Other ethnic group: Arab,2,"L4, L5 and L6: Lower managerial, administrative and professional occupations",6
E05013970,Emerson Park,18,Other ethnic group: Arab,3,L7: Intermediate occupations,0
E05013970,Emerson Park,18,Other ethnic group: Arab,4,L8 and L9: Small employers and own account workers,3
E05013970,Emerson Park,18,Other ethnic group: Arab,5,L10 and L11: Lower supervisory and technical occupations,1
E05013970,Emerson Park,18,Other ethnic group: Arab,6,L12: Semi-routine occupations,0
E05013970,Emerson Park,18,Other ethnic group: Arab,7,L13: Routine occupations,0
E05013970,Emerson Park,18,Other ethnic group: Arab,8,L14.1 and L14.2: Never worked and long-term unemployed,6
E05013970,Emerson Park,18,Other ethnic group: Arab,9,L15: Full-time students,2
E05013970,Emerson Park,19,Other ethnic group: Any other ethnic group,-8,Does not apply,68
E05013970,Emerson Park,19,Other ethnic group: Any other ethnic group,1,"L1, L2 and L3: Higher managerial, administrative and professional occupations",27
E05013970,Emerson Park,19,Other ethnic group: Any other ethnic group,2,"L4, L5 and L6: Lower managerial, administrative and professional occupations",57
E05013970,Emerson Park,19,Other ethnic group: Any other ethnic group,3,L7: Intermediate occupations,28
E05013970,Emerson Park,19,Other ethnic group: Any other ethnic group,4,L8 and L9: Small employers and own account workers,55
E05013970,Emerson Park,19,Other ethnic group: Any other ethnic group,5,L10 and L11: Lower supervisory and technical occupations,15
E05013970,Emerson Park,19,Other ethnic group: Any other ethnic group,6,L12: Semi-routine occupations,15
E05013970,Emerson Park,19,Other ethnic group: Any other ethnic group,7,L13: Routine occupations,23
E05013970,Emerson Park,19,Other ethnic group: Any other ethnic group,8,L14.1 and L14.2: Never worked and long-term unemployed,20
E05013970,Emerson Park,19,Other ethnic group: Any other ethnic group,9,L15: Full-time students,15
E05013971,Gooshays,-8,Does not apply,-8,Does not apply,0
E05013971,Gooshays,-8,Does not apply,1,"L1, L2 and L3: Higher managerial, administrative and professional occupations",0
E05013971,Gooshays,-8,Does not apply,2,"L4, L5 and L6: Lower managerial, administrative and professional occupations",0
E05013971,Gooshays,-8,Does not apply,3,L7: Intermediate occupations,0
E05013971,Gooshays,-8,Does not apply,4,L8 and L9: Small employers and own account workers,0
E05013971,Gooshays,-8,Does not apply,5,L10 and L11: Lower supervisory and technical occupations,0
E05013971,Gooshays,-8,Does not apply,6,L12: Semi-routine occupations,0
E05013971,Gooshays,-8,Does not apply,7,L13: Routine occupations,0
E05013971,Gooshays,-8,Does not apply,8,L14.1 and L14.2: Never worked and long-term unemployed,0
E05013971,Gooshays,-8,Does not apply,9,L15: Full-time students,0
E05013971,Gooshays,1,"Asian, Asian British or Asian Welsh: Bangladeshi",-8,Does not apply,73
E05013971,Gooshays,1,"Asian, Asian British or Asian Welsh: Bangladeshi",1,"L1, L2 and L3: Higher managerial, administrative and professional occupations",9
E05013971,Gooshays,1,"Asian, Asian British or Asian Welsh: Bangladeshi",2,"L4, L5 and L6: Lower managerial, administrative and professional occupations",21
E05013971,Gooshays,1,"Asian, Asian British or Asian Welsh: Bangladeshi",3,L7: Intermediate occupations,12
E05013971,Gooshays,1,"Asian, Asian British or Asian Welsh: Bangladeshi",4,L8 and L9: Small employers and own account workers,15
E05013971,Gooshays,1,"Asian, Asian British or Asian Welsh: Bangladeshi",5,L10 and L11: Lower supervisory and technical occupations,5
E05013971,Gooshays,1,"Asian, Asian British or Asian Welsh: Bangladeshi",6,L12: Semi-routine occupations,17
E05013971,Gooshays,1,"Asian, Asian British or Asian Welsh: Bangladeshi",7,L13: Routine occupations,12
E05013971,Gooshays,1,"Asian, Asian British or Asian Welsh: Bangladeshi",8,L14.1 and L14.2: Never worked and long-term unemployed,20
E05013971,Gooshays,1,"Asian, Asian British or Asian Welsh: Bangladeshi",9,L15: Full-time students,14
E05013971,Gooshays,2,"Asian, Asian British or Asian Welsh: Chinese",-8,Does not apply,10
E05013971,Gooshays,2,"Asian, Asian British or Asian Welsh: Chinese",1,"L1, L2 and L3: Higher managerial, administrative and professional occupations",7
E05013971,Gooshays,2,"Asian, Asian British or Asian Welsh: Chinese",2,"L4, L5 and L6: Lower managerial, administrative and professional occupations",10
E05013971,Gooshays,2,"Asian, Asian British or Asian Welsh: Chinese",3,L7: Intermediate occupations,5
E05013971,Gooshays,2,"Asian, Asian British or Asian Welsh: Chinese",4,L8 and L9: Small employers and own account workers,2
E05013971,Gooshays,2,"Asian, Asian British or Asian Welsh: Chinese",5,L10 and L11: Lower supervisory and technical occupations,3
E05013971,Gooshays,2,"Asian, Asian British or Asian Welsh: Chinese",6,L12: Semi-routine occupations,9
E05013971,Gooshays,2,"Asian, Asian British or Asian Welsh: Chinese",7,L13: Routine occupations,6
E05013971,Gooshays,2,"Asian, Asian British or Asian Welsh: Chinese",8,L14.1 and L14.2: Never worked and long-term unemployed,6
E05013971,Gooshays,2,"Asian, Asian British or Asian Welsh: Chinese",9,L15: Full-time students,3
E05013971,Gooshays,3,"Asian, Asian British or Asian Welsh: Indian",-8,Does not apply,179
E05013971,Gooshays,3,"Asian, Asian British or Asian Welsh: Indian",1,"L1, L2 and L3: Higher managerial, administrative and professional occupations",125
E05013971,Gooshays,3,"Asian, Asian British or Asian Welsh: Indian",2,"L4, L5 and L6: Lower managerial, administrative and professional occupations",104
E05013971,Gooshays,3,"Asian, Asian British or Asian Welsh: Indian",3,L7: Intermediate occupations,65
E05013971,Gooshays,3,"Asian, Asian British or Asian Welsh: Indian",4,L8 and L9: Small employers and own account workers,37
E05013971,Gooshays,3,"Asian, Asian British or Asian Welsh: Indian",5,L10 and L11: Lower supervisory and technical occupations,12
E05013971,Gooshays,3,"Asian, Asian British or Asian Welsh: Indian",6,L12: Semi-routine occupations,26
E05013971,Gooshays,3,"Asian, Asian British or Asian Welsh: Indian",7,L13: Routine occupations,25
E05013971,Gooshays,3,"Asian, Asian British or Asian Welsh: Indian",8,L14.1 and L14.2: Never worked and long-term unemployed,29
E05013971,Gooshays,3,"Asian, Asian British or Asian Welsh: Indian",9,L15: Full-time students,18
E05013971,Gooshays,4,"Asian, Asian British or Asian Welsh: Pakistani",-8,Does not apply,118
E05013971,Gooshays,4,"Asian, Asian British or Asian Welsh: Pakistani",1,"L1, L2 and L3: Higher managerial, administrative and professional occupations",48
E05013971,Gooshays,4,"Asian, Asian British or Asian Welsh: Pakistani",2,"L4, L5 and L6: Lower managerial, administrative and professional occupations",33
E05013971,Gooshays,4,"Asian, Asian British or Asian Welsh: Pakistani",3,L7: Intermediate occupations,16
E05013971,Gooshays,4,"Asian, Asian British or Asian Welsh: Pakistani",4,L8 and L9: Small employers and own account workers,18
E05013971,Gooshays,4,"Asian, Asian British or Asian Welsh: Pakistani",5,L10 and L11: Lower supervisory and technical occupations,3
E05013971,Gooshays,4,"Asian, Asian British or Asian Welsh: Pakistani",6,L12: Semi-routine occupations,24
E05013971,Gooshays,4,"Asian, Asian British or Asian Welsh: Pakistani",7,L13: Routine occupations,7
E05013971,Gooshays,4,"Asian, Asian British or Asian Welsh: Pakistani",8,L14.1 and L14.2: Never worked and long-term unemployed,27
E05013971,Gooshays,4,"Asian, Asian British or Asian Welsh: Pakistani",9,L15: Full-time students,24
E05013971,Gooshays,5,"Asian, Asian British or Asian Welsh: Other Asian",-8,Does not apply,65
E05013971,Gooshays,5,"Asian, Asian British or Asian Welsh: Other Asian",1,"L1, L2 and L3: Higher managerial, administrative and professional occupations",27
E05013971,Gooshays,5,"Asian, Asian British or Asian Welsh: Other Asian",2,"L4, L5 and L6: Lower managerial, administrative and professional occupations",55
E05013971,Gooshays,5,"Asian, Asian British or Asian Welsh: Other Asian",3,L7: Intermediate occupations,24
E05013971,Gooshays,5,"Asian, Asian British or Asian Welsh: Other Asian",4,L8 and L9: Small employers and own account workers,7
E05013971,Gooshays,5,"Asian, Asian British or Asian Welsh: Other Asian",5,L10 and L11: Lower supervisory and technical occupations,17
E05013971,Gooshays,5,"Asian, Asian British or Asian Welsh: Other Asian",6,L12: Semi-routine occupations,38
E05013971,Gooshays,5,"Asian, Asian British or Asian Welsh: Other Asian",7,L13: Routine occupations,16
E05013971,Gooshays,5,"Asian, Asian British or Asian Welsh: Other Asian",8,L14.1 and L14.2: Never worked and long-term unemployed,16
E05013971,Gooshays,5,"Asian, Asian British or Asian Welsh: Other Asian",9,L15: Full-time students,23
E05013971,Gooshays,6,"Black, Black British, Black Welsh, Caribbean or African: African",-8,Does not apply,410
E05013971,Gooshays,6,"Black, Black British, Black Welsh, Caribbean or African: African",1,"L1, L2 and L3: Higher managerial, administrative and professional occupations",132
E05013971,Gooshays,6,"Black, Black British, Black Welsh, Caribbean or African: African",2,"L4, L5 and L6: Lower managerial, administrative and professional occupations",278
E05013971,Gooshays,6,"Black, Black British, Black Welsh, Caribbean or African: African",3,L7: Intermediate occupations,72
E05013971,Gooshays,6,"Black, Black British, Black Welsh, Caribbean or African: African",4,L8 and L9: Small employers and own account workers,64
E05013971,Gooshays,6,"Black, Black British, Black Welsh, Caribbean or African: African",5,L10 and L11: Lower supervisory and technical occupations,27
E05013971,Gooshays,6,"Black, Black British, Black Welsh, Caribbean or African: African",6,L12: Semi-routine occupations,114
E05013971,Gooshays,6,"Black, Black British, Black Welsh, Caribbean or African: African",7,L13: Routine occupations,64
E05013971,Gooshays,6,"Black, Black British, Black Welsh, Caribbean or African: African",8,L14.1 and L14.2: Never worked and long-term unemployed,61
E05013971,Gooshays,6,"Black, Black British, Black Welsh, Caribbean or African: African",9,L15: Full-time students,191
E05013971,Gooshays,7,"Black, Black British, Black Welsh, Caribbean or African: Caribbean",-8,Does not apply,63
E05013971,Gooshays,7,"Black, Black British, Black Welsh, Caribbean or African: Caribbean",1,"L1, L2 and L3: Higher managerial, administrative and professional occupations",38
E05013971,Gooshays,7,"Black, Black British, Black Welsh, Caribbean or African: Caribbean",2,"L4, L5 and L6: Lower managerial, administrative and professional occupations",49
E05013971,Gooshays,7,"Black, Black British, Black Welsh, Caribbean or African: Caribbean",3,L7: Intermediate occupations,29
E05013971,Gooshays,7,"Black, Black British, Black Welsh, Caribbean or African: Caribbean",4,L8 and L9: Small employers and own account workers,28
E05013971,Gooshays,7,"Black, Black British, Black Welsh, Caribbean or African: Caribbean",5,L10 and L11: Lower supervisory and technical occupations,14
E05013971,Gooshays,7,"Black, Black British, Black Welsh, Caribbean or African: Caribbean",6,L12: Semi-routine occupations,26
E05013971,Gooshays,7,"Black, Black British, Black Welsh, Caribbean or African: Caribbean",7,L13: Routine occupations,25
E05013971,Gooshays,7,"Black, Black British, Black Welsh, Caribbean or African: Caribbean",8,L14.1 and L14.2: Never worked and long-term unemployed,24
E05013971,Gooshays,7,"Black, Black British, Black Welsh, Caribbean or African: Caribbean",9,L15: Full-time students,23
E05013971,Gooshays,8,"Black, Black British, Black Welsh, Caribbean or African: Other Black",-8,Does not apply,137
E05013971,Gooshays,8,"Black, Black British, Black Welsh, Caribbean or African: Other Black",1,"L1, L2 and L3: Higher managerial, administrative and professional occupations",11
E05013971,Gooshays,8,"Black, Black British, Black Welsh, Caribbean or African: Other Black",2,"L4, L5 and L6: Lower managerial, administrative and professional occupations",24
E05013971,Gooshays,8,"Black, Black British, Black Welsh, Caribbean or African: Other Black",3,L7: Intermediate occupations,13
E05013971,Gooshays,8,"Black, Black British, Black Welsh, Caribbean or African: Other Black",4,L8 and L9: Small employers and own account workers,10
E05013971,Gooshays,8,"Black, Black British, Black Welsh, Caribbean or African: Other Black",5,L10 and L11: Lower supervisory and technical occupations,4
E05013971,Gooshays,8,"Black, Black British, Black Welsh, Caribbean or African: Other Black",6,L12: Semi-routine occupations,12
E05013971,Gooshays,8,"Black, Black British, Black Welsh, Caribbean or African: Other Black",7,L13: Routine occupations,9
E05013971,Gooshays,8,"Black, Black British, Black Welsh, Caribbean or African: Other Black",8,L14.1 and L14.2: Never worked and long-term unemployed,9
E05013971,Gooshays,8,"Black, Black British, Black Welsh, Caribbean or African: Other Black",9,L15: Full-time students,31
E05013971,Gooshays,9,Mixed or Multiple ethnic groups: White and Asian,-8,Does not apply,64
E05013971,Gooshays,9,Mixed or Multiple ethnic groups: White and Asian,1,"L1, L2 and L3: Higher managerial, administrative and professional occupations",7
E05013971,Gooshays,9,Mixed or Multiple ethnic groups: White and Asian,2,"L4, L5 and L6: Lower managerial, administrative and professional occupations",12
E05013971,Gooshays,9,Mixed or Multiple ethnic groups: White and Asian,3,L7: Intermediate occupations,10
E05013971,Gooshays,9,Mixed or Multiple ethnic groups: White and Asian,4,L8 and L9: Small employers and own account workers,7
E05013971,Gooshays,9,Mixed or Multiple ethnic groups: White and Asian,5,L10 and L11: Lower supervisory and technical occupations,3
E05013971,Gooshays,9,Mixed or Multiple ethnic groups: White and Asian,6,L12: Semi-routine occupations,4
E05013971,Gooshays,9,Mixed or Multiple ethnic groups: White and Asian,7,L13: Routine occupations,4
E05013971,Gooshays,9,Mixed or Multiple ethnic groups: White and Asian,8,L14.1 and L14.2: Never worked and long-term unemployed,2
E05013971,Gooshays,9,Mixed or Multiple ethnic groups: White and Asian,9,L15: Full-time students,13
E05013971,Gooshays,10,Mixed or Multiple ethnic groups: White and Black African,-8,Does not apply,74
E05013971,Gooshays,10,Mixed or Multiple ethnic groups: White and Black African,1,"L1, L2 and L3: Higher managerial, administrative and professional occupations",4
E05013971,Gooshays,10,Mixed or Multiple ethnic groups: White and Black African,2,"L4, L5 and L6: Lower managerial, administrative and professional occupations",7
E05013971,Gooshays,10,Mixed or Multiple ethnic groups: White and Black African,3,L7: Intermediate occupations,4
E05013971,Gooshays,10,Mixed or Multiple ethnic groups: White and Black African,4,L8 and L9: Small employers and own account workers,1
E05013971,Gooshays,10,Mixed or Multiple ethnic groups: White and Black African,5,L10 and L11: Lower supervisory and technical occupations,0
E05013971,Gooshays,10,Mixed or Multiple ethnic groups: White and Black African,6,L12: Semi-routine occupations,4
E05013971,Gooshays,10,Mixed or Multiple ethnic groups: White and Black African,7,L13: Routine occupations,4
E05013971,Gooshays,10,Mixed or Multiple ethnic groups: White and Black African,8,L14.1 and L14.2: Never worked and long-term unemployed,3
E05013971,Gooshays,10,Mixed or Multiple ethnic groups: White and Black African,9,L15: Full-time students,8
E05013971,Gooshays,11,Mixed or Multiple ethnic groups: White and Black Caribbean,-8,Does not apply,158
E05013971,Gooshays,11,Mixed or Multiple ethnic groups: White and Black Caribbean,1,"L1, L2 and L3: Higher managerial, administrative and professional occupations",9
E05013971,Gooshays,11,Mixed or Multiple ethnic groups: White and Black Caribbean,2,"L4, L5 and L6: Lower managerial, administrative and professional occupations",20
E05013971,Gooshays,11,Mixed or Multiple ethnic groups: White and Black Caribbean,3,L7: Intermediate occupations,16
E05013971,Gooshays,11,Mixed or Multiple ethnic groups: White and Black Caribbean,4,L8 and L9: Small employers and own account workers,10
E05013971,Gooshays,11,Mixed or Multiple ethnic groups: White and Black Caribbean,5,L10 and L11: Lower supervisory and technical occupations,9
E05013971,Gooshays,11,Mixed or Multiple ethnic groups: White and Black Caribbean,6,L12: Semi-routine occupations,13
E05013971,Gooshays,11,Mixed or Multiple ethnic groups: White and Black Caribbean,7,L13: Routine occupations,18
E05013971,Gooshays,11,Mixed or Multiple ethnic groups: White and Black Caribbean,8,L14.1 and L14.2: Never worked and long-term unemployed,17
E05013971,Gooshays,11,Mixed or Multiple ethnic groups: White and Black Caribbean,9,L15: Full-time students,18
E05013971,Gooshays,12,Mixed or Multiple ethnic groups: Other Mixed or Multiple ethnic groups,-8,Does not apply,88
E05013971,Gooshays,12,Mixed or Multiple ethnic groups: Other Mixed or Multiple ethnic groups,1,"L1, L2 and L3: Higher managerial, administrative and professional occupations",6
E05013971,Gooshays,12,Mixed or Multiple ethnic groups: Other Mixed or Multiple ethnic groups,2,"L4, L5 and L6: Lower managerial, administrative and professional occupations",16
E05013971,Gooshays,12,Mixed or Multiple ethnic groups: Other Mixed or Multiple ethnic groups,3,L7: Intermediate occupations,15
E05013971,Gooshays,12,Mixed or Multiple ethnic groups: Other Mixed or Multiple ethnic groups,4,L8 and L9: Small employers and own account workers,6
E05013971,Gooshays,12,Mixed or Multiple ethnic groups: Other Mixed or Multiple ethnic groups,5,L10 and L11: Lower supervisory and technical occupations,5
E05013971,Gooshays,12,Mixed or Multiple ethnic groups: Other Mixed or Multiple ethnic groups,6,L12: Semi-routine occupations,15
E05013971,Gooshays,12,Mixed or Multiple ethnic groups: Other Mixed or Multiple ethnic groups,7,L13: Routine occupations,11
E05013971,Gooshays,12,Mixed or Multiple ethnic groups: Other Mixed or Multiple ethnic groups,8,L14.1 and L14.2: Never worked and long-term unemployed,7
E05013971,Gooshays,12,Mixed or Multiple ethnic groups: Other Mixed or Multiple ethnic groups,9,L15: Full-time students,13
E05013971,Gooshays,13,"White: English, Welsh, Scottish, Northern Irish or British",-8,Does not apply,2377
E05013971,Gooshays,13,"White: English, Welsh, Scottish, Northern Irish or British",1,"L1, L2 and L3: Higher managerial, administrative and professional occupations",510
E05013971,Gooshays,13,"White: English, Welsh, Scottish, Northern Irish or British",2,"L4, L5 and L6: Lower managerial, administrative and professional occupations",1363
E05013971,Gooshays,13,"White: English, Welsh, Scottish, Northern Irish or British",3,L7: Intermediate occupations,1267
E05013971,Gooshays,13,"White: English, Welsh, Scottish, Northern Irish or British",4,L8 and L9: Small employers and own account workers,1065
E05013971,Gooshays,13,"White: English, Welsh, Scottish, Northern Irish or British",5,L10 and L11: Lower supervisory and technical occupations,607
E05013971,Gooshays,13,"White: English, Welsh, Scottish, Northern Irish or British",6,L12: Semi-routine occupations,1326
E05013971,Gooshays,13,"White: English, Welsh, Scottish, Northern Irish or British",7,L13: Routine occupations,1402
E05013971,Gooshays,13,"White: English, Welsh, Scottish, Northern Irish or British",8,L14.1 and L14.2: Never worked and long-term unemployed,1077
E05013971,Gooshays,13,"White: English, Welsh, Scottish, Northern Irish or British",9,L15: Full-time students,477
E05013971,Gooshays,14,White: Irish,-8,Does not apply,5
E05013971,Gooshays,14,White: Irish,1,"L1, L2 and L3: Higher managerial, administrative and professional occupations",9
E05013971,Gooshays,14,White: Irish,2,"L4, L5 and L6: Lower managerial, administrative and professional occupations",37
E05013971,Gooshays,14,White: Irish,3,L7: Intermediate occupations,9
E05013971,Gooshays,14,White: Irish,4,L8 and L9: Small employers and own account workers,7
E05013971,Gooshays,14,White: Irish,5,L10 and L11: Lower supervisory and technical occupations,5
E05013971,Gooshays,14,White: Irish,6,L12: Semi-routine occupations,12
E05013971,Gooshays,14,White: Irish,7,L13: Routine occupations,4
E05013971,Gooshays,14,White: Irish,8,L14.1 and L14.2: Never worked and long-term unemployed,4
E05013971,Gooshays,14,White: Irish,9,L15: Full-time students,5
E05013971,Gooshays,15,White: Gypsy or Irish Traveller,-8,Does not apply,3
E05013971,Gooshays,15,White: Gypsy or Irish Traveller,1,"L1, L2 and L3: Higher managerial, administrative and professional occupations",0
E05013971,Gooshays,15,White: Gypsy or Irish Traveller,2,"L4, L5 and L6: Lower managerial, administrative and professional occupations",0
E05013971,Gooshays,15,White: Gypsy or Irish Traveller,3,L7: Intermediate occupations,0
E05013971,Gooshays,15,White: Gypsy or Irish Traveller,4,L8 and L9: Small employers and own account workers,1
E05013971,Gooshays,15,White: Gypsy or Irish Traveller,5,L10 and L11: Lower supervisory and technical occupations,0
E05013971,Gooshays,15,White: Gypsy or Irish Traveller,6,L12: Semi-routine occupations,1
E05013971,Gooshays,15,White: Gypsy or Irish Traveller,7,L13: Routine occupations,0
E05013971,Gooshays,15,White: Gypsy or Irish Traveller,8,L14.1 and L14.2: Never worked and long-term unemployed,8
E05013971,Gooshays,15,White: Gypsy or Irish Traveller,9,L15: Full-time students,2
E05013971,Gooshays,16,White: Roma,-8,Does not apply,7
E05013971,Gooshays,16,White: Roma,1,"L1, L2 and L3: Higher managerial, administrative and professional occupations",3
E05013971,Gooshays,16,White: Roma,2,"L4, L5 and L6: Lower managerial, administrative and professional occupations",1
E05013971,Gooshays,16,White: Roma,3,L7: Intermediate occupations,0
E05013971,Gooshays,16,White: Roma,4,L8 and L9: Small employers and own account workers,10
E05013971,Gooshays,16,White: Roma,5,L10 and L11: Lower supervisory and technical occupations,0
E05013971,Gooshays,16,White: Roma,6,L12: Semi-routine occupations,1
E05013971,Gooshays,16,White: Roma,7,L13: Routine occupations,5
E05013971,Gooshays,16,White: Roma,8,L14.1 and L14.2: Never worked and long-term unemployed,0
E05013971,Gooshays,16,White: Roma,9,L15: Full-time students,3
E05013971,Gooshays,17,White: Other White,-8,Does not apply,353
E05013971,Gooshays,17,White: Other White,1,"L1, L2 and L3: Higher managerial, administrative and professional occupations",98
E05013971,Gooshays,17,White: Other White,2,"L4, L5 and L6: Lower managerial, administrative and professional occupations",198
E05013971,Gooshays,17,White: Other White,3,L7: Intermediate occupations,99
E05013971,Gooshays,17,White: Other White,4,L8 and L9: Small employers and own account workers,440
E05013971,Gooshays,17,White: Other White,5,L10 and L11: Lower supervisory and technical occupations,73
E05013971,Gooshays,17,White: Other White,6,L12: Semi-routine occupations,111
E05013971,Gooshays,17,White: Other White,7,L13: Routine occupations,136
E05013971,Gooshays,17,White: Other White,8,L14.1 and L14.2: Never worked and long-term unemployed,81
E05013971,Gooshays,17,White: Other White,9,L15: Full-time students,104
E05013971,Gooshays,18,Other ethnic group: Arab,-8,Does not apply,6
E05013971,Gooshays,18,Other ethnic group: Arab,1,"L1, L2 and L3: Higher managerial, administrative and professional occupations",2
E05013971,Gooshays,18,Other ethnic group: Arab,2,"L4, L5 and L6: Lower managerial, administrative and professional occupations",8
E05013971,Gooshays,18,Other ethnic group: Arab,3,L7: Intermediate occupations,2
E05013971,Gooshays,18,Other ethnic group: Arab,4,L8 and L9: Small employers and own account workers,2
E05013971,Gooshays,18,Other ethnic group: Arab,5,L10 and L11: Lower supervisory and technical occupations,1
E05013971,Gooshays,18,Other ethnic group: Arab,6,L12: Semi-routine occupations,2
E05013971,Gooshays,18,Other ethnic group: Arab,7,L13: Routine occupations,3
E05013971,Gooshays,18,Other ethnic group: Arab,8,L14.1 and L14.2: Never worked and long-term unemployed,5
E05013971,Gooshays,18,Other ethnic group: Arab,9,L15: Full-time students,0
E05013971,Gooshays,19,Other ethnic group: Any other ethnic group,-8,Does not apply,65
E05013971,Gooshays,19,Other ethnic group: Any other ethnic group,1,"L1, L2 and L3: Higher managerial, administrative and professional occupations",14
E05013971,Gooshays,19,Other ethnic group: Any other ethnic group,2,"L4, L5 and L6: Lower managerial, administrative and professional occupations",40
E05013971,Gooshays,19,Other ethnic group: Any other ethnic group,3,L7: Intermediate occupations,18
E05013971,Gooshays,19,Other ethnic group: Any other ethnic group,4,L8 and L9: Small employers and own account workers,22
E05013971,Gooshays,19,Other ethnic group: Any other ethnic group,5,L10 and L11: Lower supervisory and technical occupations,12
E05013971,Gooshays,19,Other ethnic group: Any other ethnic group,6,L12: Semi-routine occupations,26
E05013971,Gooshays,19,Other ethnic group: Any other ethnic group,7,L13: Routine occupations,24
E05013971,Gooshays,19,Other ethnic group: Any other ethnic group,8,L14.1 and L14.2: Never worked and long-term unemployed,21
E05013971,Gooshays,19,Other ethnic group: Any other ethnic group,9,L15: Full-time students,20
E05013972,Hacton,-8,Does not apply,-8,Does not apply,0
E05013972,Hacton,-8,Does not apply,1,"L1, L2 and L3: Higher managerial, administrative and professional occupations",0
E05013972,Hacton,-8,Does not apply,2,"L4, L5 and L6: Lower managerial, administrative and professional occupations",0
E05013972,Hacton,-8,Does not apply,3,L7: Intermediate occupations,0
E05013972,Hacton,-8,Does not apply,4,L8 and L9: Small employers and own account workers,0
E05013972,Hacton,-8,Does not apply,5,L10 and L11: Lower supervisory and technical occupations,0
E05013972,Hacton,-8,Does not apply,6,L12: Semi-routine occupations,0
E05013972,Hacton,-8,Does not apply,7,L13: Routine occupations,0
E05013972,Hacton,-8,Does not apply,8,L14.1 and L14.2: Never worked and long-term unemployed,0
E05013972,Hacton,-8,Does not apply,9,L15: Full-time students,0
E05013972,Hacton,1,"Asian, Asian British or Asian Welsh: Bangladeshi",-8,Does not apply,23
E05013972,Hacton,1,"Asian, Asian British or Asian Welsh: Bangladeshi",1,"L1, L2 and L3: Higher managerial, administrative and professional occupations",10
E05013972,Hacton,1,"Asian, Asian British or Asian Welsh: Bangladeshi",2,"L4, L5 and L6: Lower managerial, administrative and professional occupations",12
E05013972,Hacton,1,"Asian, Asian British or Asian Welsh: Bangladeshi",3,L7: Intermediate occupations,8
E05013972,Hacton,1,"Asian, Asian British or Asian Welsh: Bangladeshi",4,L8 and L9: Small employers and own account workers,2
E05013972,Hacton,1,"Asian, Asian British or Asian Welsh: Bangladeshi",5,L10 and L11: Lower supervisory and technical occupations,2
E05013972,Hacton,1,"Asian, Asian British or Asian Welsh: Bangladeshi",6,L12: Semi-routine occupations,5
E05013972,Hacton,1,"Asian, Asian British or Asian Welsh: Bangladeshi",7,L13: Routine occupations,1
E05013972,Hacton,1,"Asian, Asian British or Asian Welsh: Bangladeshi",8,L14.1 and L14.2: Never worked and long-term unemployed,2
E05013972,Hacton,1,"Asian, Asian British or Asian Welsh: Bangladeshi",9,L15: Full-time students,3
E05013972,Hacton,2,"Asian, Asian British or Asian Welsh: Chinese",-8,Does not apply,12
E05013972,Hacton,2,"Asian, Asian British or Asian Welsh: Chinese",1,"L1, L2 and L3: Higher managerial, administrative and professional occupations",14
E05013972,Hacton,2,"Asian, Asian British or Asian Welsh: Chinese",2,"L4, L5 and L6: Lower managerial, administrative and professional occupations",19
E05013972,Hacton,2,"Asian, Asian British or Asian Welsh: Chinese",3,L7: Intermediate occupations,5
E05013972,Hacton,2,"Asian, Asian British or Asian Welsh: Chinese",4,L8 and L9: Small employers and own account workers,9
E05013972,Hacton,2,"Asian, Asian British or Asian Welsh: Chinese",5,L10 and L11: Lower supervisory and technical occupations,1
E05013972,Hacton,2,"Asian, Asian British or Asian Welsh: Chinese",6,L12: Semi-routine occupations,6
E05013972,Hacton,2,"Asian, Asian British or Asian Welsh: Chinese",7,L13: Routine occupations,8
E05013972,Hacton,2,"Asian, Asian British or Asian Welsh: Chinese",8,L14.1 and L14.2: Never worked and long-term unemployed,10
E05013972,Hacton,2,"Asian, Asian British or Asian Welsh: Chinese",9,L15: Full-time students,1
E05013972,Hacton,3,"Asian, Asian British or Asian Welsh: Indian",-8,Does not apply,93
E05013972,Hacton,3,"Asian, Asian British or Asian Welsh: Indian",1,"L1, L2 and L3: Higher managerial, administrative and professional occupations",82
E05013972,Hacton,3,"Asian, Asian British or Asian Welsh: Indian",2,"L4, L5 and L6: Lower managerial, administrative and professional occupations",64
E05013972,Hacton,3,"Asian, Asian British or Asian Welsh: Indian",3,L7: Intermediate occupations,21
E05013972,Hacton,3,"Asian, Asian British or Asian Welsh: Indian",4,L8 and L9: Small employers and own account workers,21
E05013972,Hacton,3,"Asian, Asian British or Asian Welsh: Indian",5,L10 and L11: Lower supervisory and technical occupations,10
E05013972,Hacton,3,"Asian, Asian British or Asian Welsh: Indian",6,L12: Semi-routine occupations,12
E05013972,Hacton,3,"Asian, Asian British or Asian Welsh: Indian",7,L13: Routine occupations,9
E05013972,Hacton,3,"Asian, Asian British or Asian Welsh: Indian",8,L14.1 and L14.2: Never worked and long-term unemployed,13
E05013972,Hacton,3,"Asian, Asian British or Asian Welsh: Indian",9,L15: Full-time students,9
E05013972,Hacton,4,"Asian, Asian British or Asian Welsh: Pakistani",-8,Does not apply,15
E05013972,Hacton,4,"Asian, Asian British or Asian Welsh: Pakistani",1,"L1, L2 and L3: Higher managerial, administrative and professional occupations",7
E05013972,Hacton,4,"Asian, Asian British or Asian Welsh: Pakistani",2,"L4, L5 and L6: Lower managerial, administrative and professional occupations",11
E05013972,Hacton,4,"Asian, Asian British or Asian Welsh: Pakistani",3,L7: Intermediate occupations,2
E05013972,Hacton,4,"Asian, Asian British or Asian Welsh: Pakistani",4,L8 and L9: Small employers and own account workers,6
E05013972,Hacton,4,"Asian, Asian British or Asian Welsh: Pakistani",5,L10 and L11: Lower supervisory and technical occupations,0
E05013972,Hacton,4,"Asian, Asian British or Asian Welsh: Pakistani",6,L12: Semi-routine occupations,2
E05013972,Hacton,4,"Asian, Asian British or Asian Welsh: Pakistani",7,L13: Routine occupations,0
E05013972,Hacton,4,"Asian, Asian British or Asian Welsh: Pakistani",8,L14.1 and L14.2: Never worked and long-term unemployed,6
E05013972,Hacton,4,"Asian, Asian British or Asian Welsh: Pakistani",9,L15: Full-time students,3
E05013972,Hacton,5,"Asian, Asian British or Asian Welsh: Other Asian",-8,Does not apply,17
E05013972,Hacton,5,"Asian, Asian British or Asian Welsh: Other Asian",1,"L1, L2 and L3: Higher managerial, administrative and professional occupations",13
E05013972,Hacton,5,"Asian, Asian British or Asian Welsh: Other Asian",2,"L4, L5 and L6: Lower managerial, administrative and professional occupations",17
E05013972,Hacton,5,"Asian, Asian British or Asian Welsh: Other Asian",3,L7: Intermediate occupations,6
E05013972,Hacton,5,"Asian, Asian British or Asian Welsh: Other Asian",4,L8 and L9: Small employers and own account workers,5
E05013972,Hacton,5,"Asian, Asian British or Asian Welsh: Other Asian",5,L10 and L11: Lower supervisory and technical occupations,1
E05013972,Hacton,5,"Asian, Asian British or Asian Welsh: Other Asian",6,L12: Semi-routine occupations,1
E05013972,Hacton,5,"Asian, Asian British or Asian Welsh: Other Asian",7,L13: Routine occupations,6
E05013972,Hacton,5,"Asian, Asian British or Asian Welsh: Other Asian",8,L14.1 and L14.2: Never worked and long-term unemployed,3
E05013972,Hacton,5,"Asian, Asian British or Asian Welsh: Other Asian",9,L15: Full-time students,3
E05013972,Hacton,6,"Black, Black British, Black Welsh, Caribbean or African: African",-8,Does not apply,46
E05013972,Hacton,6,"Black, Black British, Black Welsh, Caribbean or African: African",1,"L1, L2 and L3: Higher managerial, administrative and professional occupations",40
E05013972,Hacton,6,"Black, Black British, Black Welsh, Caribbean or African: African",2,"L4, L5 and L6: Lower managerial, administrative and professional occupations",45
E05013972,Hacton,6,"Black, Black British, Black Welsh, Caribbean or African: African",3,L7: Intermediate occupations,18
E05013972,Hacton,6,"Black, Black British, Black Welsh, Caribbean or African: African",4,L8 and L9: Small employers and own account workers,15
E05013972,Hacton,6,"Black, Black British, Black Welsh, Caribbean or African: African",5,L10 and L11: Lower supervisory and technical occupations,7
E05013972,Hacton,6,"Black, Black British, Black Welsh, Caribbean or African: African",6,L12: Semi-routine occupations,9
E05013972,Hacton,6,"Black, Black British, Black Welsh, Caribbean or African: African",7,L13: Routine occupations,10
E05013972,Hacton,6,"Black, Black British, Black Welsh, Caribbean or African: African",8,L14.1 and L14.2: Never worked and long-term unemployed,8
E05013972,Hacton,6,"Black, Black British, Black Welsh, Caribbean or African: African",9,L15: Full-time students,27
E05013972,Hacton,7,"Black, Black British, Black Welsh, Caribbean or African: Caribbean",-8,Does not apply,9
E05013972,Hacton,7,"Black, Black British, Black Welsh, Caribbean or African: Caribbean",1,"L1, L2 and L3: Higher managerial, administrative and professional occupations",10
E05013972,Hacton,7,"Black, Black British, Black Welsh, Caribbean or African: Caribbean",2,"L4, L5 and L6: Lower managerial, administrative and professional occupations",17
E05013972,Hacton,7,"Black, Black British, Black Welsh, Caribbean or African: Caribbean",3,L7: Intermediate occupations,6
E05013972,Hacton,7,"Black, Black British, Black Welsh, Caribbean or African: Caribbean",4,L8 and L9: Small employers and own account workers,3
E05013972,Hacton,7,"Black, Black British, Black Welsh, Caribbean or African: Caribbean",5,L10 and L11: Lower supervisory and technical occupations,2
E05013972,Hacton,7,"Black, Black British, Black Welsh, Caribbean or African: Caribbean",6,L12: Semi-routine occupations,9
E05013972,Hacton,7,"Black, Black British, Black Welsh, Caribbean or African: Caribbean",7,L13: Routine occupations,7
E05013972,Hacton,7,"Black, Black British, Black Welsh, Caribbean or African: Caribbean",8,L14.1 and L14.2: Never worked and long-term unemployed,3
E05013972,Hacton,7,"Black, Black British, Black Welsh, Caribbean or African: Caribbean",9,L15: Full-time students,6
E05013972,Hacton,8,"Black, Black British, Black Welsh, Caribbean or African: Other Black",-8,Does not apply,27
E05013972,Hacton,8,"Black, Black British, Black Welsh, Caribbean or African: Other Black",1,"L1, L2 and L3: Higher managerial, administrative and professional occupations",2
E05013972,Hacton,8,"Black, Black British, Black Welsh, Caribbean or African: Other Black",2,"L4, L5 and L6: Lower managerial, administrative and professional occupations",5
E05013972,Hacton,8,"Black, Black British, Black Welsh, Caribbean or African: Other Black",3,L7: Intermediate occupations,0
E05013972,Hacton,8,"Black, Black British, Black Welsh, Caribbean or African: Other Black",4,L8 and L9: Small employers and own account workers,0
E05013972,Hacton,8,"Black, Black British, Black Welsh, Caribbean or African: Other Black",5,L10 and L11: Lower supervisory and technical occupations,0
E05013972,Hacton,8,"Black, Black British, Black Welsh, Caribbean or African: Other Black",6,L12: Semi-routine occupations,1
E05013972,Hacton,8,"Black, Black British, Black Welsh, Caribbean or African: Other Black",7,L13: Routine occupations,0
E05013972,Hacton,8,"Black, Black British, Black Welsh, Caribbean or African: Other Black",8,L14.1 and L14.2: Never worked and long-term unemployed,1
E05013972,Hacton,8,"Black, Black British, Black Welsh, Caribbean or African: Other Black",9,L15: Full-time students,3
E05013972,Hacton,9,Mixed or Multiple ethnic groups: White and Asian,-8,Does not apply,22
E05013972,Hacton,9,Mixed or Multiple ethnic groups: White and Asian,1,"L1, L2 and L3: Higher managerial, administrative and professional occupations",6
E05013972,Hacton,9,Mixed or Multiple ethnic groups: White and Asian,2,"L4, L5 and L6: Lower managerial, administrative and professional occupations",9
E05013972,Hacton,9,Mixed or Multiple ethnic groups: White and Asian,3,L7: Intermediate occupations,6
E05013972,Hacton,9,Mixed or Multiple ethnic groups: White and Asian,4,L8 and L9: Small employers and own account workers,1
E05013972,Hacton,9,Mixed or Multiple ethnic groups: White and Asian,5,L10 and L11: Lower supervisory and technical occupations,0
E05013972,Hacton,9,Mixed or Multiple ethnic groups: White and Asian,6,L12: Semi-routine occupations,2
E05013972,Hacton,9,Mixed or Multiple ethnic groups: White and Asian,7,L13: Routine occupations,0
E05013972,Hacton,9,Mixed or Multiple ethnic groups: White and Asian,8,L14.1 and L14.2: Never worked and long-term unemployed,2
E05013972,Hacton,9,Mixed or Multiple ethnic groups: White and Asian,9,L15: Full-time students,2
E05013972,Hacton,10,Mixed or Multiple ethnic groups: White and Black African,-8,Does not apply,12
E05013972,Hacton,10,Mixed or Multiple ethnic groups: White and Black African,1,"L1, L2 and L3: Higher managerial, administrative and professional occupations",3
E05013972,Hacton,10,Mixed or Multiple ethnic groups: White and Black African,2,"L4, L5 and L6: Lower managerial, administrative and professional occupations",2
E05013972,Hacton,10,Mixed or Multiple ethnic groups: White and Black African,3,L7: Intermediate occupations,1
E05013972,Hacton,10,Mixed or Multiple ethnic groups: White and Black African,4,L8 and L9: Small employers and own account workers,2
E05013972,Hacton,10,Mixed or Multiple ethnic groups: White and Black African,5,L10 and L11: Lower supervisory and technical occupations,0
E05013972,Hacton,10,Mixed or Multiple ethnic groups: White and Black African,6,L12: Semi-routine occupations,1
E05013972,Hacton,10,Mixed or Multiple ethnic groups: White and Black African,7,L13: Routine occupations,0
E05013972,Hacton,10,Mixed or Multiple ethnic groups: White and Black African,8,L14.1 and L14.2: Never worked and long-term unemployed,2
E05013972,Hacton,10,Mixed or Multiple ethnic groups: White and Black African,9,L15: Full-time students,5
E05013972,Hacton,11,Mixed or Multiple ethnic groups: White and Black Caribbean,-8,Does not apply,33
E05013972,Hacton,11,Mixed or Multiple ethnic groups: White and Black Caribbean,1,"L1, L2 and L3: Higher managerial, administrative and professional occupations",2
E05013972,Hacton,11,Mixed or Multiple ethnic groups: White and Black Caribbean,2,"L4, L5 and L6: Lower managerial, administrative and professional occupations",14
E05013972,Hacton,11,Mixed or Multiple ethnic groups: White and Black Caribbean,3,L7: Intermediate occupations,7
E05013972,Hacton,11,Mixed or Multiple ethnic groups: White and Black Caribbean,4,L8 and L9: Small employers and own account workers,3
E05013972,Hacton,11,Mixed or Multiple ethnic groups: White and Black Caribbean,5,L10 and L11: Lower supervisory and technical occupations,1
E05013972,Hacton,11,Mixed or Multiple ethnic groups: White and Black Caribbean,6,L12: Semi-routine occupations,1
E05013972,Hacton,11,Mixed or Multiple ethnic groups: White and Black Caribbean,7,L13: Routine occupations,1
E05013972,Hacton,11,Mixed or Multiple ethnic groups: White and Black Caribbean,8,L14.1 and L14.2: Never worked and long-term unemployed,3
E05013972,Hacton,11,Mixed or Multiple ethnic groups: White and Black Caribbean,9,L15: Full-time students,1
E05013972,Hacton,12,Mixed or Multiple ethnic groups: Other Mixed or Multiple ethnic groups,-8,Does not apply,15
E05013972,Hacton,12,Mixed or Multiple ethnic groups: Other Mixed or Multiple ethnic groups,1,"L1, L2 and L3: Higher managerial, administrative and professional occupations",10
E05013972,Hacton,12,Mixed or Multiple ethnic groups: Other Mixed or Multiple ethnic groups,2,"L4, L5 and L6: Lower managerial, administrative and professional occupations",7
E05013972,Hacton,12,Mixed or Multiple ethnic groups: Other Mixed or Multiple ethnic groups,3,L7: Intermediate occupations,4
E05013972,Hacton,12,Mixed or Multiple ethnic groups: Other Mixed or Multiple ethnic groups,4,L8 and L9: Small employers and own account workers,5
E05013972,Hacton,12,Mixed or Multiple ethnic groups: Other Mixed or Multiple ethnic groups,5,L10 and L11: Lower supervisory and technical occupations,4
E05013972,Hacton,12,Mixed or Multiple ethnic groups: Other Mixed or Multiple ethnic groups,6,L12: Semi-routine occupations,4
E05013972,Hacton,12,Mixed or Multiple ethnic groups: Other Mixed or Multiple ethnic groups,7,L13: Routine occupations,1
E05013972,Hacton,12,Mixed or Multiple ethnic groups: Other Mixed or Multiple ethnic groups,8,L14.1 and L14.2: Never worked and long-term unemployed,0
E05013972,Hacton,12,Mixed or Multiple ethnic groups: Other Mixed or Multiple ethnic groups,9,L15: Full-time students,0
E05013972,Hacton,13,"White: English, Welsh, Scottish, Northern Irish or British",-8,Does not apply,1002
E05013972,Hacton,13,"White: English, Welsh, Scottish, Northern Irish or British",1,"L1, L2 and L3: Higher managerial, administrative and professional occupations",677
E05013972,Hacton,13,"White: English, Welsh, Scottish, Northern Irish or British",2,"L4, L5 and L6: Lower managerial, administrative and professional occupations",1179
E05013972,Hacton,13,"White: English, Welsh, Scottish, Northern Irish or British",3,L7: Intermediate occupations,1117
E05013972,Hacton,13,"White: English, Welsh, Scottish, Northern Irish or British",4,L8 and L9: Small employers and own account workers,606
E05013972,Hacton,13,"White: English, Welsh, Scottish, Northern Irish or British",5,L10 and L11: Lower supervisory and technical occupations,362
E05013972,Hacton,13,"White: English, Welsh, Scottish, Northern Irish or British",6,L12: Semi-routine occupations,670
E05013972,Hacton,13,"White: English, Welsh, Scottish, Northern Irish or British",7,L13: Routine occupations,497
E05013972,Hacton,13,"White: English, Welsh, Scottish, Northern Irish or British",8,L14.1 and L14.2: Never worked and long-term unemployed,380
E05013972,Hacton,13,"White: English, Welsh, Scottish, Northern Irish or British",9,L15: Full-time students,227
E05013972,Hacton,14,White: Irish,-8,Does not apply,3
E05013972,Hacton,14,White: Irish,1,"L1, L2 and L3: Higher managerial, administrative and professional occupations",13
E05013972,Hacton,14,White: Irish,2,"L4, L5 and L6: Lower managerial, administrative and professional occupations",22
E05013972,Hacton,14,White: Irish,3,L7: Intermediate occupations,10
E05013972,Hacton,14,White: Irish,4,L8 and L9: Small employers and own account workers,4
E05013972,Hacton,14,White: Irish,5,L10 and L11: Lower supervisory and technical occupations,7
E05013972,Hacton,14,White: Irish,6,L12: Semi-routine occupations,9
E05013972,Hacton,14,White: Irish,7,L13: Routine occupations,10
E05013972,Hacton,14,White: Irish,8,L14.1 and L14.2: Never worked and long-term unemployed,4
E05013972,Hacton,14,White: Irish,9,L15: Full-time students,1
E05013972,Hacton,15,White: Gypsy or Irish Traveller,-8,Does not apply,6
E05013972,Hacton,15,White: Gypsy or Irish Traveller,1,"L1, L2 and L3: Higher managerial, administrative and professional occupations",0
E05013972,Hacton,15,White: Gypsy or Irish Traveller,2,"L4, L5 and L6: Lower managerial, administrative and professional occupations",0
E05013972,Hacton,15,White: Gypsy or Irish Traveller,3,L7: Intermediate occupations,1
E05013972,Hacton,15,White: Gypsy or Irish Traveller,4,L8 and L9: Small employers and own account workers,1
E05013972,Hacton,15,White: Gypsy or Irish Traveller,5,L10 and L11: Lower supervisory and technical occupations,0
E05013972,Hacton,15,White: Gypsy or Irish Traveller,6,L12: Semi-routine occupations,0
E05013972,Hacton,15,White: Gypsy or Irish Traveller,7,L13: Routine occupations,0
E05013972,Hacton,15,White: Gypsy or Irish Traveller,8,L14.1 and L14.2: Never worked and long-term unemployed,0
E05013972,Hacton,15,White: Gypsy or Irish Traveller,9,L15: Full-time students,1
E05013972,Hacton,16,White: Roma,-8,Does not apply,0
E05013972,Hacton,16,White: Roma,1,"L1, L2 and L3: Higher managerial, administrative and professional occupations",0
E05013972,Hacton,16,White: Roma,2,"L4, L5 and L6: Lower managerial, administrative and professional occupations",0
E05013972,Hacton,16,White: Roma,3,L7: Intermediate occupations,0
E05013972,Hacton,16,White: Roma,4,L8 and L9: Small employers and own account workers,0
E05013972,Hacton,16,White: Roma,5,L10 and L11: Lower supervisory and technical occupations,0
E05013972,Hacton,16,White: Roma,6,L12: Semi-routine occupations,0
E05013972,Hacton,16,White: Roma,7,L13: Routine occupations,0
E05013972,Hacton,16,White: Roma,8,L14.1 and L14.2: Never worked and long-term unemployed,0
E05013972,Hacton,16,White: Roma,9,L15: Full-time students,0
E05013972,Hacton,17,White: Other White,-8,Does not apply,82
E05013972,Hacton,17,White: Other White,1,"L1, L2 and L3: Higher managerial, administrative and professional occupations",33
E05013972,Hacton,17,White: Other White,2,"L4, L5 and L6: Lower managerial, administrative and professional occupations",61
E05013972,Hacton,17,White: Other White,3,L7: Intermediate occupations,29
E05013972,Hacton,17,White: Other White,4,L8 and L9: Small employers and own account workers,87
E05013972,Hacton,17,White: Other White,5,L10 and L11: Lower supervisory and technical occupations,15
E05013972,Hacton,17,White: Other White,6,L12: Semi-routine occupations,29
E05013972,Hacton,17,White: Other White,7,L13: Routine occupations,38
E05013972,Hacton,17,White: Other White,8,L14.1 and L14.2: Never worked and long-term unemployed,17
E05013972,Hacton,17,White: Other White,9,L15: Full-time students,21
E05013972,Hacton,18,Other ethnic group: Arab,-8,Does not apply,0
E05013972,Hacton,18,Other ethnic group: Arab,1,"L1, L2 and L3: Higher managerial, administrative and professional occupations",3
E05013972,Hacton,18,Other ethnic group: Arab,2,"L4, L5 and L6: Lower managerial, administrative and professional occupations",4
E05013972,Hacton,18,Other ethnic group: Arab,3,L7: Intermediate occupations,1
E05013972,Hacton,18,Other ethnic group: Arab,4,L8 and L9: Small employers and own account workers,2
E05013972,Hacton,18,Other ethnic group: Arab,5,L10 and L11: Lower supervisory and technical occupations,1
E05013972,Hacton,18,Other ethnic group: Arab,6,L12: Semi-routine occupations,0
E05013972,Hacton,18,Other ethnic group: Arab,7,L13: Routine occupations,1
E05013972,Hacton,18,Other ethnic group: Arab,8,L14.1 and L14.2: Never worked and long-term unemployed,2
E05013972,Hacton,18,Other ethnic group: Arab,9,L15: Full-time students,0
E05013972,Hacton,19,Other ethnic group: Any other ethnic group,-8,Does not apply,22
E05013972,Hacton,19,Other ethnic group: Any other ethnic group,1,"L1, L2 and L3: Higher managerial, administrative and professional occupations",14
E05013972,Hacton,19,Other ethnic group: Any other ethnic group,2,"L4, L5 and L6: Lower managerial, administrative and professional occupations",13
E05013972,Hacton,19,Other ethnic group: Any other ethnic group,3,L7: Intermediate occupations,17
E05013972,Hacton,19,Other ethnic group: Any other ethnic group,4,L8 and L9: Small employers and own account workers,12
E05013972,Hacton,19,Other ethnic group: Any other ethnic group,5,L10 and L11: Lower supervisory and technical occupations,5
E05013972,Hacton,19,Other ethnic group: Any other ethnic group,6,L12: Semi-routine occupations,10
E05013972,Hacton,19,Other ethnic group: Any other ethnic group,7,L13: Routine occupations,10
E05013972,Hacton,19,Other ethnic group: Any other ethnic group,8,L14.1 and L14.2: Never worked and long-term unemployed,6
E05013972,Hacton,19,Other ethnic group: Any other ethnic group,9,L15: Full-time students,4
E05013973,Harold Wood,-8,Does not apply,-8,Does not apply,0
E05013973,Harold Wood,-8,Does not apply,1,"L1, L2 and L3: Higher managerial, administrative and professional occupations",0
E05013973,Harold Wood,-8,Does not apply,2,"L4, L5 and L6: Lower managerial, administrative and professional occupations",0
E05013973,Harold Wood,-8,Does not apply,3,L7: Intermediate occupations,0
E05013973,Harold Wood,-8,Does not apply,4,L8 and L9: Small employers and own account workers,0
E05013973,Harold Wood,-8,Does not apply,5,L10 and L11: Lower supervisory and technical occupations,0
E05013973,Harold Wood,-8,Does not apply,6,L12: Semi-routine occupations,0
E05013973,Harold Wood,-8,Does not apply,7,L13: Routine occupations,0
E05013973,Harold Wood,-8,Does not apply,8,L14.1 and L14.2: Never worked and long-term unemployed,0
E05013973,Harold Wood,-8,Does not apply,9,L15: Full-time students,0
E05013973,Harold Wood,1,"Asian, Asian British or Asian Welsh: Bangladeshi",-8,Does not apply,39
E05013973,Harold Wood,1,"Asian, Asian British or Asian Welsh: Bangladeshi",1,"L1, L2 and L3: Higher managerial, administrative and professional occupations",31
E05013973,Harold Wood,1,"Asian, Asian British or Asian Welsh: Bangladeshi",2,"L4, L5 and L6: Lower managerial, administrative and professional occupations",28
E05013973,Harold Wood,1,"Asian, Asian British or Asian Welsh: Bangladeshi",3,L7: Intermediate occupations,12
E05013973,Harold Wood,1,"Asian, Asian British or Asian Welsh: Bangladeshi",4,L8 and L9: Small employers and own account workers,10
E05013973,Harold Wood,1,"Asian, Asian British or Asian Welsh: Bangladeshi",5,L10 and L11: Lower supervisory and technical occupations,1
E05013973,Harold Wood,1,"Asian, Asian British or Asian Welsh: Bangladeshi",6,L12: Semi-routine occupations,8
E05013973,Harold Wood,1,"Asian, Asian British or Asian Welsh: Bangladeshi",7,L13: Routine occupations,5
E05013973,Harold Wood,1,"Asian, Asian British or Asian Welsh: Bangladeshi",8,L14.1 and L14.2: Never worked and long-term unemployed,13
E05013973,Harold Wood,1,"Asian, Asian British or Asian Welsh: Bangladeshi",9,L15: Full-time students,11
E05013973,Harold Wood,2,"Asian, Asian British or Asian Welsh: Chinese",-8,Does not apply,19
E05013973,Harold Wood,2,"Asian, Asian British or Asian Welsh: Chinese",1,"L1, L2 and L3: Higher managerial, administrative and professional occupations",44
E05013973,Harold Wood,2,"Asian, Asian British or Asian Welsh: Chinese",2,"L4, L5 and L6: Lower managerial, administrative and professional occupations",42
E05013973,Harold Wood,2,"Asian, Asian British or Asian Welsh: Chinese",3,L7: Intermediate occupations,9
E05013973,Harold Wood,2,"Asian, Asian British or Asian Welsh: Chinese",4,L8 and L9: Small employers and own account workers,14
E05013973,Harold Wood,2,"Asian, Asian British or Asian Welsh: Chinese",5,L10 and L11: Lower supervisory and technical occupations,5
E05013973,Harold Wood,2,"Asian, Asian British or Asian Welsh: Chinese",6,L12: Semi-routine occupations,7
E05013973,Harold Wood,2,"Asian, Asian British or Asian Welsh: Chinese",7,L13: Routine occupations,7
E05013973,Harold Wood,2,"Asian, Asian British or Asian Welsh: Chinese",8,L14.1 and L14.2: Never worked and long-term unemployed,9
E05013973,Harold Wood,2,"Asian, Asian British or Asian Welsh: Chinese",9,L15: Full-time students,9
E05013973,Harold Wood,3,"Asian, Asian British or Asian Welsh: Indian",-8,Does not apply,169
E05013973,Harold Wood,3,"Asian, Asian British or Asian Welsh: Indian",1,"L1, L2 and L3: Higher managerial, administrative and professional occupations",178
E05013973,Harold Wood,3,"Asian, Asian British or Asian Welsh: Indian",2,"L4, L5 and L6: Lower managerial, administrative and professional occupations",135
E05013973,Harold Wood,3,"Asian, Asian British or Asian Welsh: Indian",3,L7: Intermediate occupations,45
E05013973,Harold Wood,3,"Asian, Asian British or Asian Welsh: Indian",4,L8 and L9: Small employers and own account workers,51
E05013973,Harold Wood,3,"Asian, Asian British or Asian Welsh: Indian",5,L10 and L11: Lower supervisory and technical occupations,8
E05013973,Harold Wood,3,"Asian, Asian British or Asian Welsh: Indian",6,L12: Semi-routine occupations,27
E05013973,Harold Wood,3,"Asian, Asian British or Asian Welsh: Indian",7,L13: Routine occupations,14
E05013973,Harold Wood,3,"Asian, Asian British or Asian Welsh: Indian",8,L14.1 and L14.2: Never worked and long-term unemployed,34
E05013973,Harold Wood,3,"Asian, Asian British or Asian Welsh: Indian",9,L15: Full-time students,22
E05013973,Harold Wood,4,"Asian, Asian British or Asian Welsh: Pakistani",-8,Does not apply,42
E05013973,Harold Wood,4,"Asian, Asian British or Asian Welsh: Pakistani",1,"L1, L2 and L3: Higher managerial, administrative and professional occupations",43
E05013973,Harold Wood,4,"Asian, Asian British or Asian Welsh: Pakistani",2,"L4, L5 and L6: Lower managerial, administrative and professional occupations",22
E05013973,Harold Wood,4,"Asian, Asian British or Asian Welsh: Pakistani",3,L7: Intermediate occupations,15
E05013973,Harold Wood,4,"Asian, Asian British or Asian Welsh: Pakistani",4,L8 and L9: Small employers and own account workers,17
E05013973,Harold Wood,4,"Asian, Asian British or Asian Welsh: Pakistani",5,L10 and L11: Lower supervisory and technical occupations,3
E05013973,Harold Wood,4,"Asian, Asian British or Asian Welsh: Pakistani",6,L12: Semi-routine occupations,11
E05013973,Harold Wood,4,"Asian, Asian British or Asian Welsh: Pakistani",7,L13: Routine occupations,3
E05013973,Harold Wood,4,"Asian, Asian British or Asian Welsh: Pakistani",8,L14.1 and L14.2: Never worked and long-term unemployed,22
E05013973,Harold Wood,4,"Asian, Asian British or Asian Welsh: Pakistani",9,L15: Full-time students,16
E05013973,Harold Wood,5,"Asian, Asian British or Asian Welsh: Other Asian",-8,Does not apply,42
E05013973,Harold Wood,5,"Asian, Asian British or Asian Welsh: Other Asian",1,"L1, L2 and L3: Higher managerial, administrative and professional occupations",28
E05013973,Harold Wood,5,"Asian, Asian British or Asian Welsh: Other Asian",2,"L4, L5 and L6: Lower managerial, administrative and professional occupations",29
E05013973,Harold Wood,5,"Asian, Asian British or Asian Welsh: Other Asian",3,L7: Intermediate occupations,15
E05013973,Harold Wood,5,"Asian, Asian British or Asian Welsh: Other Asian",4,L8 and L9: Small employers and own account workers,10
E05013973,Harold Wood,5,"Asian, Asian British or Asian Welsh: Other Asian",5,L10 and L11: Lower supervisory and technical occupations,6
E05013973,Harold Wood,5,"Asian, Asian British or Asian Welsh: Other Asian",6,L12: Semi-routine occupations,14
E05013973,Harold Wood,5,"Asian, Asian British or Asian Welsh: Other Asian",7,L13: Routine occupations,6
E05013973,Harold Wood,5,"Asian, Asian British or Asian Welsh: Other Asian",8,L14.1 and L14.2: Never worked and long-term unemployed,24
E05013973,Harold Wood,5,"Asian, Asian British or Asian Welsh: Other Asian",9,L15: Full-time students,19
E05013973,Harold Wood,6,"Black, Black British, Black Welsh, Caribbean or African: African",-8,Does not apply,115
E05013973,Harold Wood,6,"Black, Black British, Black Welsh, Caribbean or African: African",1,"L1, L2 and L3: Higher managerial, administrative and professional occupations",92
E05013973,Harold Wood,6,"Black, Black British, Black Welsh, Caribbean or African: African",2,"L4, L5 and L6: Lower managerial, administrative and professional occupations",121
E05013973,Harold Wood,6,"Black, Black British, Black Welsh, Caribbean or African: African",3,L7: Intermediate occupations,46
E05013973,Harold Wood,6,"Black, Black British, Black Welsh, Caribbean or African: African",4,L8 and L9: Small employers and own account workers,35
E05013973,Harold Wood,6,"Black, Black British, Black Welsh, Caribbean or African: African",5,L10 and L11: Lower supervisory and technical occupations,9
E05013973,Harold Wood,6,"Black, Black British, Black Welsh, Caribbean or African: African",6,L12: Semi-routine occupations,41
E05013973,Harold Wood,6,"Black, Black British, Black Welsh, Caribbean or African: African",7,L13: Routine occupations,20
E05013973,Harold Wood,6,"Black, Black British, Black Welsh, Caribbean or African: African",8,L14.1 and L14.2: Never worked and long-term unemployed,33
E05013973,Harold Wood,6,"Black, Black British, Black Welsh, Caribbean or African: African",9,L15: Full-time students,67
E05013973,Harold Wood,7,"Black, Black British, Black Welsh, Caribbean or African: Caribbean",-8,Does not apply,36
E05013973,Harold Wood,7,"Black, Black British, Black Welsh, Caribbean or African: Caribbean",1,"L1, L2 and L3: Higher managerial, administrative and professional occupations",35
E05013973,Harold Wood,7,"Black, Black British, Black Welsh, Caribbean or African: Caribbean",2,"L4, L5 and L6: Lower managerial, administrative and professional occupations",39
E05013973,Harold Wood,7,"Black, Black British, Black Welsh, Caribbean or African: Caribbean",3,L7: Intermediate occupations,31
E05013973,Harold Wood,7,"Black, Black British, Black Welsh, Caribbean or African: Caribbean",4,L8 and L9: Small employers and own account workers,16
E05013973,Harold Wood,7,"Black, Black British, Black Welsh, Caribbean or African: Caribbean",5,L10 and L11: Lower supervisory and technical occupations,9
E05013973,Harold Wood,7,"Black, Black British, Black Welsh, Caribbean or African: Caribbean",6,L12: Semi-routine occupations,23
E05013973,Harold Wood,7,"Black, Black British, Black Welsh, Caribbean or African: Caribbean",7,L13: Routine occupations,12
E05013973,Harold Wood,7,"Black, Black British, Black Welsh, Caribbean or African: Caribbean",8,L14.1 and L14.2: Never worked and long-term unemployed,13
E05013973,Harold Wood,7,"Black, Black British, Black Welsh, Caribbean or African: Caribbean",9,L15: Full-time students,8
E05013973,Harold Wood,8,"Black, Black British, Black Welsh, Caribbean or African: Other Black",-8,Does not apply,58
E05013973,Harold Wood,8,"Black, Black British, Black Welsh, Caribbean or African: Other Black",1,"L1, L2 and L3: Higher managerial, administrative and professional occupations",10
E05013973,Harold Wood,8,"Black, Black British, Black Welsh, Caribbean or African: Other Black",2,"L4, L5 and L6: Lower managerial, administrative and professional occupations",14
E05013973,Harold Wood,8,"Black, Black British, Black Welsh, Caribbean or African: Other Black",3,L7: Intermediate occupations,7
E05013973,Harold Wood,8,"Black, Black British, Black Welsh, Caribbean or African: Other Black",4,L8 and L9: Small employers and own account workers,2
E05013973,Harold Wood,8,"Black, Black British, Black Welsh, Caribbean or African: Other Black",5,L10 and L11: Lower supervisory and technical occupations,2
E05013973,Harold Wood,8,"Black, Black British, Black Welsh, Caribbean or African: Other Black",6,L12: Semi-routine occupations,9
E05013973,Harold Wood,8,"Black, Black British, Black Welsh, Caribbean or African: Other Black",7,L13: Routine occupations,4
E05013973,Harold Wood,8,"Black, Black British, Black Welsh, Caribbean or African: Other Black",8,L14.1 and L14.2: Never worked and long-term unemployed,0
E05013973,Harold Wood,8,"Black, Black British, Black Welsh, Caribbean or African: Other Black",9,L15: Full-time students,29
E05013973,Harold Wood,9,Mixed or Multiple ethnic groups: White and Asian,-8,Does not apply,66
E05013973,Harold Wood,9,Mixed or Multiple ethnic groups: White and Asian,1,"L1, L2 and L3: Higher managerial, administrative and professional occupations",16
E05013973,Harold Wood,9,Mixed or Multiple ethnic groups: White and Asian,2,"L4, L5 and L6: Lower managerial, administrative and professional occupations",11
E05013973,Harold Wood,9,Mixed or Multiple ethnic groups: White and Asian,3,L7: Intermediate occupations,6
E05013973,Harold Wood,9,Mixed or Multiple ethnic groups: White and Asian,4,L8 and L9: Small employers and own account workers,3
E05013973,Harold Wood,9,Mixed or Multiple ethnic groups: White and Asian,5,L10 and L11: Lower supervisory and technical occupations,4
E05013973,Harold Wood,9,Mixed or Multiple ethnic groups: White and Asian,6,L12: Semi-routine occupations,3
E05013973,Harold Wood,9,Mixed or Multiple ethnic groups: White and Asian,7,L13: Routine occupations,8
E05013973,Harold Wood,9,Mixed or Multiple ethnic groups: White and Asian,8,L14.1 and L14.2: Never worked and long-term unemployed,2
E05013973,Harold Wood,9,Mixed or Multiple ethnic groups: White and Asian,9,L15: Full-time students,3
E05013973,Harold Wood,10,Mixed or Multiple ethnic groups: White and Black African,-8,Does not apply,28
E05013973,Harold Wood,10,Mixed or Multiple ethnic groups: White and Black African,1,"L1, L2 and L3: Higher managerial, administrative and professional occupations",7
E05013973,Harold Wood,10,Mixed or Multiple ethnic groups: White and Black African,2,"L4, L5 and L6: Lower managerial, administrative and professional occupations",10
E05013973,Harold Wood,10,Mixed or Multiple ethnic groups: White and Black African,3,L7: Intermediate occupations,4
E05013973,Harold Wood,10,Mixed or Multiple ethnic groups: White and Black African,4,L8 and L9: Small employers and own account workers,1
E05013973,Harold Wood,10,Mixed or Multiple ethnic groups: White and Black African,5,L10 and L11: Lower supervisory and technical occupations,1
E05013973,Harold Wood,10,Mixed or Multiple ethnic groups: White and Black African,6,L12: Semi-routine occupations,2
E05013973,Harold Wood,10,Mixed or Multiple ethnic groups: White and Black African,7,L13: Routine occupations,0
E05013973,Harold Wood,10,Mixed or Multiple ethnic groups: White and Black African,8,L14.1 and L14.2: Never worked and long-term unemployed,6
E05013973,Harold Wood,10,Mixed or Multiple ethnic groups: White and Black African,9,L15: Full-time students,7
E05013973,Harold Wood,11,Mixed or Multiple ethnic groups: White and Black Caribbean,-8,Does not apply,88
E05013973,Harold Wood,11,Mixed or Multiple ethnic groups: White and Black Caribbean,1,"L1, L2 and L3: Higher managerial, administrative and professional occupations",9
E05013973,Harold Wood,11,Mixed or Multiple ethnic groups: White and Black Caribbean,2,"L4, L5 and L6: Lower managerial, administrative and professional occupations",19
E05013973,Harold Wood,11,Mixed or Multiple ethnic groups: White and Black Caribbean,3,L7: Intermediate occupations,12
E05013973,Harold Wood,11,Mixed or Multiple ethnic groups: White and Black Caribbean,4,L8 and L9: Small employers and own account workers,8
E05013973,Harold Wood,11,Mixed or Multiple ethnic groups: White and Black Caribbean,5,L10 and L11: Lower supervisory and technical occupations,5
E05013973,Harold Wood,11,Mixed or Multiple ethnic groups: White and Black Caribbean,6,L12: Semi-routine occupations,14
E05013973,Harold Wood,11,Mixed or Multiple ethnic groups: White and Black Caribbean,7,L13: Routine occupations,9
E05013973,Harold Wood,11,Mixed or Multiple ethnic groups: White and Black Caribbean,8,L14.1 and L14.2: Never worked and long-term unemployed,9
E05013973,Harold Wood,11,Mixed or Multiple ethnic groups: White and Black Caribbean,9,L15: Full-time students,13
E05013973,Harold Wood,12,Mixed or Multiple ethnic groups: Other Mixed or Multiple ethnic groups,-8,Does not apply,78
E05013973,Harold Wood,12,Mixed or Multiple ethnic groups: Other Mixed or Multiple ethnic groups,1,"L1, L2 and L3: Higher managerial, administrative and professional occupations",19
E05013973,Harold Wood,12,Mixed or Multiple ethnic groups: Other Mixed or Multiple ethnic groups,2,"L4, L5 and L6: Lower managerial, administrative and professional occupations",18
E05013973,Harold Wood,12,Mixed or Multiple ethnic groups: Other Mixed or Multiple ethnic groups,3,L7: Intermediate occupations,9
E05013973,Harold Wood,12,Mixed or Multiple ethnic groups: Other Mixed or Multiple ethnic groups,4,L8 and L9: Small employers and own account workers,9
E05013973,Harold Wood,12,Mixed or Multiple ethnic groups: Other Mixed or Multiple ethnic groups,5,L10 and L11: Lower supervisory and technical occupations,1
E05013973,Harold Wood,12,Mixed or Multiple ethnic groups: Other Mixed or Multiple ethnic groups,6,L12: Semi-routine occupations,3
E05013973,Harold Wood,12,Mixed or Multiple ethnic groups: Other Mixed or Multiple ethnic groups,7,L13: Routine occupations,5
E05013973,Harold Wood,12,Mixed or Multiple ethnic groups: Other Mixed or Multiple ethnic groups,8,L14.1 and L14.2: Never worked and long-term unemployed,5
E05013973,Harold Wood,12,Mixed or Multiple ethnic groups: Other Mixed or Multiple ethnic groups,9,L15: Full-time students,8
E05013973,Harold Wood,13,"White: English, Welsh, Scottish, Northern Irish or British",-8,Does not apply,1541
E05013973,Harold Wood,13,"White: English, Welsh, Scottish, Northern Irish or British",1,"L1, L2 and L3: Higher managerial, administrative and professional occupations",1125
E05013973,Harold Wood,13,"White: English, Welsh, Scottish, Northern Irish or British",2,"L4, L5 and L6: Lower managerial, administrative and professional occupations",1739
E05013973,Harold Wood,13,"White: English, Welsh, Scottish, Northern Irish or British",3,L7: Intermediate occupations,1421
E05013973,Harold Wood,13,"White: English, Welsh, Scottish, Northern Irish or British",4,L8 and L9: Small employers and own account workers,903
E05013973,Harold Wood,13,"White: English, Welsh, Scottish, Northern Irish or British",5,L10 and L11: Lower supervisory and technical occupations,413
E05013973,Harold Wood,13,"White: English, Welsh, Scottish, Northern Irish or British",6,L12: Semi-routine occupations,796
E05013973,Harold Wood,13,"White: English, Welsh, Scottish, Northern Irish or British",7,L13: Routine occupations,686
E05013973,Harold Wood,13,"White: English, Welsh, Scottish, Northern Irish or British",8,L14.1 and L14.2: Never worked and long-term unemployed,596
E05013973,Harold Wood,13,"White: English, Welsh, Scottish, Northern Irish or British",9,L15: Full-time students,311
E05013973,Harold Wood,14,White: Irish,-8,Does not apply,2
E05013973,Harold Wood,14,White: Irish,1,"L1, L2 and L3: Higher managerial, administrative and professional occupations",25
E05013973,Harold Wood,14,White: Irish,2,"L4, L5 and L6: Lower managerial, administrative and professional occupations",28
E05013973,Harold Wood,14,White: Irish,3,L7: Intermediate occupations,16
E05013973,Harold Wood,14,White: Irish,4,L8 and L9: Small employers and own account workers,12
E05013973,Harold Wood,14,White: Irish,5,L10 and L11: Lower supervisory and technical occupations,5
E05013973,Harold Wood,14,White: Irish,6,L12: Semi-routine occupations,8
E05013973,Harold Wood,14,White: Irish,7,L13: Routine occupations,16
E05013973,Harold Wood,14,White: Irish,8,L14.1 and L14.2: Never worked and long-term unemployed,12
E05013973,Harold Wood,14,White: Irish,9,L15: Full-time students,3
E05013973,Harold Wood,15,White: Gypsy or Irish Traveller,-8,Does not apply,1
E05013973,Harold Wood,15,White: Gypsy or Irish Traveller,1,"L1, L2 and L3: Higher managerial, administrative and professional occupations",0
E05013973,Harold Wood,15,White: Gypsy or Irish Traveller,2,"L4, L5 and L6: Lower managerial, administrative and professional occupations",0
E05013973,Harold Wood,15,White: Gypsy or Irish Traveller,3,L7: Intermediate occupations,1
E05013973,Harold Wood,15,White: Gypsy or Irish Traveller,4,L8 and L9: Small employers and own account workers,5
E05013973,Harold Wood,15,White: Gypsy or Irish Traveller,5,L10 and L11: Lower supervisory and technical occupations,1
E05013973,Harold Wood,15,White: Gypsy or Irish Traveller,6,L12: Semi-routine occupations,1
E05013973,Harold Wood,15,White: Gypsy or Irish Traveller,7,L13: Routine occupations,0
E05013973,Harold Wood,15,White: Gypsy or Irish Traveller,8,L14.1 and L14.2: Never worked and long-term unemployed,2
E05013973,Harold Wood,15,White: Gypsy or Irish Traveller,9,L15: Full-time students,0
E05013973,Harold Wood,16,White: Roma,-8,Does not apply,6
E05013973,Harold Wood,16,White: Roma,1,"L1, L2 and L3: Higher managerial, administrative and professional occupations",1
E05013973,Harold Wood,16,White: Roma,2,"L4, L5 and L6: Lower managerial, administrative and professional occupations",3
E05013973,Harold Wood,16,White: Roma,3,L7: Intermediate occupations,1
E05013973,Harold Wood,16,White: Roma,4,L8 and L9: Small employers and own account workers,3
E05013973,Harold Wood,16,White: Roma,5,L10 and L11: Lower supervisory and technical occupations,1
E05013973,Harold Wood,16,White: Roma,6,L12: Semi-routine occupations,3
E05013973,Harold Wood,16,White: Roma,7,L13: Routine occupations,1
E05013973,Harold Wood,16,White: Roma,8,L14.1 and L14.2: Never worked and long-term unemployed,0
E05013973,Harold Wood,16,White: Roma,9,L15: Full-time students,1
E05013973,Harold Wood,17,White: Other White,-8,Does not apply,207
E05013973,Harold Wood,17,White: Other White,1,"L1, L2 and L3: Higher managerial, administrative and professional occupations",103
E05013973,Harold Wood,17,White: Other White,2,"L4, L5 and L6: Lower managerial, administrative and professional occupations",165
E05013973,Harold Wood,17,White: Other White,3,L7: Intermediate occupations,64
E05013973,Harold Wood,17,White: Other White,4,L8 and L9: Small employers and own account workers,223
E05013973,Harold Wood,17,White: Other White,5,L10 and L11: Lower supervisory and technical occupations,41
E05013973,Harold Wood,17,White: Other White,6,L12: Semi-routine occupations,69
E05013973,Harold Wood,17,White: Other White,7,L13: Routine occupations,94
E05013973,Harold Wood,17,White: Other White,8,L14.1 and L14.2: Never worked and long-term unemployed,29
E05013973,Harold Wood,17,White: Other White,9,L15: Full-time students,71
E05013973,Harold Wood,18,Other ethnic group: Arab,-8,Does not apply,6
E05013973,Harold Wood,18,Other ethnic group: Arab,1,"L1, L2 and L3: Higher managerial, administrative and professional occupations",5
E05013973,Harold Wood,18,Other ethnic group: Arab,2,"L4, L5 and L6: Lower managerial, administrative and professional occupations",11
E05013973,Harold Wood,18,Other ethnic group: Arab,3,L7: Intermediate occupations,7
E05013973,Harold Wood,18,Other ethnic group: Arab,4,L8 and L9: Small employers and own account workers,3
E05013973,Harold Wood,18,Other ethnic group: Arab,5,L10 and L11: Lower supervisory and technical occupations,2
E05013973,Harold Wood,18,Other ethnic group: Arab,6,L12: Semi-routine occupations,0
E05013973,Harold Wood,18,Other ethnic group: Arab,7,L13: Routine occupations,1
E05013973,Harold Wood,18,Other ethnic group: Arab,8,L14.1 and L14.2: Never worked and long-term unemployed,1
E05013973,Harold Wood,18,Other ethnic group: Arab,9,L15: Full-time students,4
E05013973,Harold Wood,19,Other ethnic group: Any other ethnic group,-8,Does not apply,23
E05013973,Harold Wood,19,Other ethnic group: Any other ethnic group,1,"L1, L2 and L3: Higher managerial, administrative and professional occupations",21
E05013973,Harold Wood,19,Other ethnic group: Any other ethnic group,2,"L4, L5 and L6: Lower managerial, administrative and professional occupations",29
E05013973,Harold Wood,19,Other ethnic group: Any other ethnic group,3,L7: Intermediate occupations,14
E05013973,Harold Wood,19,Other ethnic group: Any other ethnic group,4,L8 and L9: Small employers and own account workers,18
E05013973,Harold Wood,19,Other ethnic group: Any other ethnic group,5,L10 and L11: Lower supervisory and technical occupations,5
E05013973,Harold Wood,19,Other ethnic group: Any other ethnic group,6,L12: Semi-routine occupations,7
E05013973,Harold Wood,19,Other ethnic group: Any other ethnic group,7,L13: Routine occupations,13
E05013973,Harold Wood,19,Other ethnic group: Any other ethnic group,8,L14.1 and L14.2: Never worked and long-term unemployed,12
E05013973,Harold Wood,19,Other ethnic group: Any other ethnic group,9,L15: Full-time students,10
E05013974,Havering-atte-Bower,-8,Does not apply,-8,Does not apply,0
E05013974,Havering-atte-Bower,-8,Does not apply,1,"L1, L2 and L3: Higher managerial, administrative and professional occupations",0
E05013974,Havering-atte-Bower,-8,Does not apply,2,"L4, L5 and L6: Lower managerial, administrative and professional occupations",0
E05013974,Havering-atte-Bower,-8,Does not apply,3,L7: Intermediate occupations,0
E05013974,Havering-atte-Bower,-8,Does not apply,4,L8 and L9: Small employers and own account workers,0
E05013974,Havering-atte-Bower,-8,Does not apply,5,L10 and L11: Lower supervisory and technical occupations,0
E05013974,Havering-atte-Bower,-8,Does not apply,6,L12: Semi-routine occupations,0
E05013974,Havering-atte-Bower,-8,Does not apply,7,L13: Routine occupations,0
E05013974,Havering-atte-Bower,-8,Does not apply,8,L14.1 and L14.2: Never worked and long-term unemployed,0
E05013974,Havering-atte-Bower,-8,Does not apply,9,L15: Full-time students,0
E05013974,Havering-atte-Bower,1,"Asian, Asian British or Asian Welsh: Bangladeshi",-8,Does not apply,94
E05013974,Havering-atte-Bower,1,"Asian, Asian British or Asian Welsh: Bangladeshi",1,"L1, L2 and L3: Higher managerial, administrative and professional occupations",22
E05013974,Havering-atte-Bower,1,"Asian, Asian British or Asian Welsh: Bangladeshi",2,"L4, L5 and L6: Lower managerial, administrative and professional occupations",29
E05013974,Havering-atte-Bower,1,"Asian, Asian British or Asian Welsh: Bangladeshi",3,L7: Intermediate occupations,22
E05013974,Havering-atte-Bower,1,"Asian, Asian British or Asian Welsh: Bangladeshi",4,L8 and L9: Small employers and own account workers,21
E05013974,Havering-atte-Bower,1,"Asian, Asian British or Asian Welsh: Bangladeshi",5,L10 and L11: Lower supervisory and technical occupations,8
E05013974,Havering-atte-Bower,1,"Asian, Asian British or Asian Welsh: Bangladeshi",6,L12: Semi-routine occupations,9
E05013974,Havering-atte-Bower,1,"Asian, Asian British or Asian Welsh: Bangladeshi",7,L13: Routine occupations,16
E05013974,Havering-atte-Bower,1,"Asian, Asian British or Asian Welsh: Bangladeshi",8,L14.1 and L14.2: Never worked and long-term unemployed,20
E05013974,Havering-atte-Bower,1,"Asian, Asian British or Asian Welsh: Bangladeshi",9,L15: Full-time students,21
E05013974,Havering-atte-Bower,2,"Asian, Asian British or Asian Welsh: Chinese",-8,Does not apply,13
E05013974,Havering-atte-Bower,2,"Asian, Asian British or Asian Welsh: Chinese",1,"L1, L2 and L3: Higher managerial, administrative and professional occupations",6
E05013974,Havering-atte-Bower,2,"Asian, Asian British or Asian Welsh: Chinese",2,"L4, L5 and L6: Lower managerial, administrative and professional occupations",20
E05013974,Havering-atte-Bower,2,"Asian, Asian British or Asian Welsh: Chinese",3,L7: Intermediate occupations,8
E05013974,Havering-atte-Bower,2,"Asian, Asian British or Asian Welsh: Chinese",4,L8 and L9: Small employers and own account workers,7
E05013974,Havering-atte-Bower,2,"Asian, Asian British or Asian Welsh: Chinese",5,L10 and L11: Lower supervisory and technical occupations,12
E05013974,Havering-atte-Bower,2,"Asian, Asian British or Asian Welsh: Chinese",6,L12: Semi-routine occupations,7
E05013974,Havering-atte-Bower,2,"Asian, Asian British or Asian Welsh: Chinese",7,L13: Routine occupations,4
E05013974,Havering-atte-Bower,2,"Asian, Asian British or Asian Welsh: Chinese",8,L14.1 and L14.2: Never worked and long-term unemployed,6
E05013974,Havering-atte-Bower,2,"Asian, Asian British or Asian Welsh: Chinese",9,L15: Full-time students,3
E05013974,Havering-atte-Bower,3,"Asian, Asian British or Asian Welsh: Indian",-8,Does not apply,127
E05013974,Havering-atte-Bower,3,"Asian, Asian British or Asian Welsh: Indian",1,"L1, L2 and L3: Higher managerial, administrative and professional occupations",52
E05013974,Havering-atte-Bower,3,"Asian, Asian British or Asian Welsh: Indian",2,"L4, L5 and L6: Lower managerial, administrative and professional occupations",100
E05013974,Havering-atte-Bower,3,"Asian, Asian British or Asian Welsh: Indian",3,L7: Intermediate occupations,35
E05013974,Havering-atte-Bower,3,"Asian, Asian British or Asian Welsh: Indian",4,L8 and L9: Small employers and own account workers,38
E05013974,Havering-atte-Bower,3,"Asian, Asian British or Asian Welsh: Indian",5,L10 and L11: Lower supervisory and technical occupations,17
E05013974,Havering-atte-Bower,3,"Asian, Asian British or Asian Welsh: Indian",6,L12: Semi-routine occupations,44
E05013974,Havering-atte-Bower,3,"Asian, Asian British or Asian Welsh: Indian",7,L13: Routine occupations,19
E05013974,Havering-atte-Bower,3,"Asian, Asian British or Asian Welsh: Indian",8,L14.1 and L14.2: Never worked and long-term unemployed,26
E05013974,Havering-atte-Bower,3,"Asian, Asian British or Asian Welsh: Indian",9,L15: Full-time students,19
E05013974,Havering-atte-Bower,4,"Asian, Asian British or Asian Welsh: Pakistani",-8,Does not apply,155
E05013974,Havering-atte-Bower,4,"Asian, Asian British or Asian Welsh: Pakistani",1,"L1, L2 and L3: Higher managerial, administrative and professional occupations",35
E05013974,Havering-atte-Bower,4,"Asian, Asian British or Asian Welsh: Pakistani",2,"L4, L5 and L6: Lower managerial, administrative and professional occupations",45
E05013974,Havering-atte-Bower,4,"Asian, Asian British or Asian Welsh: Pakistani",3,L7: Intermediate occupations,30
E05013974,Havering-atte-Bower,4,"Asian, Asian British or Asian Welsh: Pakistani",4,L8 and L9: Small employers and own account workers,34
E05013974,Havering-atte-Bower,4,"Asian, Asian British or Asian Welsh: Pakistani",5,L10 and L11: Lower supervisory and technical occupations,5
E05013974,Havering-atte-Bower,4,"Asian, Asian British or Asian Welsh: Pakistani",6,L12: Semi-routine occupations,34
E05013974,Havering-atte-Bower,4,"Asian, Asian British or Asian Welsh: Pakistani",7,L13: Routine occupations,11
E05013974,Havering-atte-Bower,4,"Asian, Asian British or Asian Welsh: Pakistani",8,L14.1 and L14.2: Never worked and long-term unemployed,49
E05013974,Havering-atte-Bower,4,"Asian, Asian British or Asian Welsh: Pakistani",9,L15: Full-time students,59
E05013974,Havering-atte-Bower,5,"Asian, Asian British or Asian Welsh: Other Asian",-8,Does not apply,50
E05013974,Havering-atte-Bower,5,"Asian, Asian British or Asian Welsh: Other Asian",1,"L1, L2 and L3: Higher managerial, administrative and professional occupations",19
E05013974,Havering-atte-Bower,5,"Asian, Asian British or Asian Welsh: Other Asian",2,"L4, L5 and L6: Lower managerial, administrative and professional occupations",51
E05013974,Havering-atte-Bower,5,"Asian, Asian British or Asian Welsh: Other Asian",3,L7: Intermediate occupations,17
E05013974,Havering-atte-Bower,5,"Asian, Asian British or Asian Welsh: Other Asian",4,L8 and L9: Small employers and own account workers,22
E05013974,Havering-atte-Bower,5,"Asian, Asian British or Asian Welsh: Other Asian",5,L10 and L11: Lower supervisory and technical occupations,3
E05013974,Havering-atte-Bower,5,"Asian, Asian British or Asian Welsh: Other Asian",6,L12: Semi-routine occupations,22
E05013974,Havering-atte-Bower,5,"Asian, Asian British or Asian Welsh: Other Asian",7,L13: Routine occupations,22
E05013974,Havering-atte-Bower,5,"Asian, Asian British or Asian Welsh: Other Asian",8,L14.1 and L14.2: Never worked and long-term unemployed,17
E05013974,Havering-atte-Bower,5,"Asian, Asian British or Asian Welsh: Other Asian",9,L15: Full-time students,17
E05013974,Havering-atte-Bower,6,"Black, Black British, Black Welsh, Caribbean or African: African",-8,Does not apply,203
E05013974,Havering-atte-Bower,6,"Black, Black British, Black Welsh, Caribbean or African: African",1,"L1, L2 and L3: Higher managerial, administrative and professional occupations",82
E05013974,Havering-atte-Bower,6,"Black, Black British, Black Welsh, Caribbean or African: African",2,"L4, L5 and L6: Lower managerial, administrative and professional occupations",161
E05013974,Havering-atte-Bower,6,"Black, Black British, Black Welsh, Caribbean or African: African",3,L7: Intermediate occupations,59
E05013974,Havering-atte-Bower,6,"Black, Black British, Black Welsh, Caribbean or African: African",4,L8 and L9: Small employers and own account workers,25
E05013974,Havering-atte-Bower,6,"Black, Black British, Black Welsh, Caribbean or African: African",5,L10 and L11: Lower supervisory and technical occupations,20
E05013974,Havering-atte-Bower,6,"Black, Black British, Black Welsh, Caribbean or African: African",6,L12: Semi-routine occupations,75
E05013974,Havering-atte-Bower,6,"Black, Black British, Black Welsh, Caribbean or African: African",7,L13: Routine occupations,43
E05013974,Havering-atte-Bower,6,"Black, Black British, Black Welsh, Caribbean or African: African",8,L14.1 and L14.2: Never worked and long-term unemployed,36
E05013974,Havering-atte-Bower,6,"Black, Black British, Black Welsh, Caribbean or African: African",9,L15: Full-time students,117
E05013974,Havering-atte-Bower,7,"Black, Black British, Black Welsh, Caribbean or African: Caribbean",-8,Does not apply,80
E05013974,Havering-atte-Bower,7,"Black, Black British, Black Welsh, Caribbean or African: Caribbean",1,"L1, L2 and L3: Higher managerial, administrative and professional occupations",45
E05013974,Havering-atte-Bower,7,"Black, Black British, Black Welsh, Caribbean or African: Caribbean",2,"L4, L5 and L6: Lower managerial, administrative and professional occupations",95
E05013974,Havering-atte-Bower,7,"Black, Black British, Black Welsh, Caribbean or African: Caribbean",3,L7: Intermediate occupations,39
E05013974,Havering-atte-Bower,7,"Black, Black British, Black Welsh, Caribbean or African: Caribbean",4,L8 and L9: Small employers and own account workers,17
E05013974,Havering-atte-Bower,7,"Black, Black British, Black Welsh, Caribbean or African: Caribbean",5,L10 and L11: Lower supervisory and technical occupations,10
E05013974,Havering-atte-Bower,7,"Black, Black British, Black Welsh, Caribbean or African: Caribbean",6,L12: Semi-routine occupations,44
E05013974,Havering-atte-Bower,7,"Black, Black British, Black Welsh, Caribbean or African: Caribbean",7,L13: Routine occupations,37
E05013974,Havering-atte-Bower,7,"Black, Black British, Black Welsh, Caribbean or African: Caribbean",8,L14.1 and L14.2: Never worked and long-term unemployed,17
E05013974,Havering-atte-Bower,7,"Black, Black British, Black Welsh, Caribbean or African: Caribbean",9,L15: Full-time students,29
E05013974,Havering-atte-Bower,8,"Black, Black British, Black Welsh, Caribbean or African: Other Black",-8,Does not apply,87
E05013974,Havering-atte-Bower,8,"Black, Black British, Black Welsh, Caribbean or African: Other Black",1,"L1, L2 and L3: Higher managerial, administrative and professional occupations",12
E05013974,Havering-atte-Bower,8,"Black, Black British, Black Welsh, Caribbean or African: Other Black",2,"L4, L5 and L6: Lower managerial, administrative and professional occupations",35
E05013974,Havering-atte-Bower,8,"Black, Black British, Black Welsh, Caribbean or African: Other Black",3,L7: Intermediate occupations,14
E05013974,Havering-atte-Bower,8,"Black, Black British, Black Welsh, Caribbean or African: Other Black",4,L8 and L9: Small employers and own account workers,11
E05013974,Havering-atte-Bower,8,"Black, Black British, Black Welsh, Caribbean or African: Other Black",5,L10 and L11: Lower supervisory and technical occupations,2
E05013974,Havering-atte-Bower,8,"Black, Black British, Black Welsh, Caribbean or African: Other Black",6,L12: Semi-routine occupations,12
E05013974,Havering-atte-Bower,8,"Black, Black British, Black Welsh, Caribbean or African: Other Black",7,L13: Routine occupations,6
E05013974,Havering-atte-Bower,8,"Black, Black British, Black Welsh, Caribbean or African: Other Black",8,L14.1 and L14.2: Never worked and long-term unemployed,4
E05013974,Havering-atte-Bower,8,"Black, Black British, Black Welsh, Caribbean or African: Other Black",9,L15: Full-time students,34
E05013974,Havering-atte-Bower,9,Mixed or Multiple ethnic groups: White and Asian,-8,Does not apply,74
E05013974,Havering-atte-Bower,9,Mixed or Multiple ethnic groups: White and Asian,1,"L1, L2 and L3: Higher managerial, administrative and professional occupations",6
E05013974,Havering-atte-Bower,9,Mixed or Multiple ethnic groups: White and Asian,2,"L4, L5 and L6: Lower managerial, administrative and professional occupations",11
E05013974,Havering-atte-Bower,9,Mixed or Multiple ethnic groups: White and Asian,3,L7: Intermediate occupations,8
E05013974,Havering-atte-Bower,9,Mixed or Multiple ethnic groups: White and Asian,4,L8 and L9: Small employers and own account workers,3
E05013974,Havering-atte-Bower,9,Mixed or Multiple ethnic groups: White and Asian,5,L10 and L11: Lower supervisory and technical occupations,9
E05013974,Havering-atte-Bower,9,Mixed or Multiple ethnic groups: White and Asian,6,L12: Semi-routine occupations,8
E05013974,Havering-atte-Bower,9,Mixed or Multiple ethnic groups: White and Asian,7,L13: Routine occupations,3
E05013974,Havering-atte-Bower,9,Mixed or Multiple ethnic groups: White and Asian,8,L14.1 and L14.2: Never worked and long-term unemployed,10
E05013974,Havering-atte-Bower,9,Mixed or Multiple ethnic groups: White and Asian,9,L15: Full-time students,12
E05013974,Havering-atte-Bower,10,Mixed or Multiple ethnic groups: White and Black African,-8,Does not apply,49
E05013974,Havering-atte-Bower,10,Mixed or Multiple ethnic groups: White and Black African,1,"L1, L2 and L3: Higher managerial, administrative and professional occupations",6
E05013974,Havering-atte-Bower,10,Mixed or Multiple ethnic groups: White and Black African,2,"L4, L5 and L6: Lower managerial, administrative and professional occupations",12
E05013974,Havering-atte-Bower,10,Mixed or Multiple ethnic groups: White and Black African,3,L7: Intermediate occupations,2
E05013974,Havering-atte-Bower,10,Mixed or Multiple ethnic groups: White and Black African,4,L8 and L9: Small employers and own account workers,3
E05013974,Havering-atte-Bower,10,Mixed or Multiple ethnic groups: White and Black African,5,L10 and L11: Lower supervisory and technical occupations,2
E05013974,Havering-atte-Bower,10,Mixed or Multiple ethnic groups: White and Black African,6,L12: Semi-routine occupations,5
E05013974,Havering-atte-Bower,10,Mixed or Multiple ethnic groups: White and Black African,7,L13: Routine occupations,2
E05013974,Havering-atte-Bower,10,Mixed or Multiple ethnic groups: White and Black African,8,L14.1 and L14.2: Never worked and long-term unemployed,4
E05013974,Havering-atte-Bower,10,Mixed or Multiple ethnic groups: White and Black African,9,L15: Full-time students,13
E05013974,Havering-atte-Bower,11,Mixed or Multiple ethnic groups: White and Black Caribbean,-8,Does not apply,106
E05013974,Havering-atte-Bower,11,Mixed or Multiple ethnic groups: White and Black Caribbean,1,"L1, L2 and L3: Higher managerial, administrative and professional occupations",10
E05013974,Havering-atte-Bower,11,Mixed or Multiple ethnic groups: White and Black Caribbean,2,"L4, L5 and L6: Lower managerial, administrative and professional occupations",24
E05013974,Havering-atte-Bower,11,Mixed or Multiple ethnic groups: White and Black Caribbean,3,L7: Intermediate occupations,23
E05013974,Havering-atte-Bower,11,Mixed or Multiple ethnic groups: White and Black Caribbean,4,L8 and L9: Small employers and own account workers,11
E05013974,Havering-atte-Bower,11,Mixed or Multiple ethnic groups: White and Black Caribbean,5,L10 and L11: Lower supervisory and technical occupations,11
E05013974,Havering-atte-Bower,11,Mixed or Multiple ethnic groups: White and Black Caribbean,6,L12: Semi-routine occupations,8
E05013974,Havering-atte-Bower,11,Mixed or Multiple ethnic groups: White and Black Caribbean,7,L13: Routine occupations,11
E05013974,Havering-atte-Bower,11,Mixed or Multiple ethnic groups: White and Black Caribbean,8,L14.1 and L14.2: Never worked and long-term unemployed,13
E05013974,Havering-atte-Bower,11,Mixed or Multiple ethnic groups: White and Black Caribbean,9,L15: Full-time students,20
E05013974,Havering-atte-Bower,12,Mixed or Multiple ethnic groups: Other Mixed or Multiple ethnic groups,-8,Does not apply,108
E05013974,Havering-atte-Bower,12,Mixed or Multiple ethnic groups: Other Mixed or Multiple ethnic groups,1,"L1, L2 and L3: Higher managerial, administrative and professional occupations",10
E05013974,Havering-atte-Bower,12,Mixed or Multiple ethnic groups: Other Mixed or Multiple ethnic groups,2,"L4, L5 and L6: Lower managerial, administrative and professional occupations",25
E05013974,Havering-atte-Bower,12,Mixed or Multiple ethnic groups: Other Mixed or Multiple ethnic groups,3,L7: Intermediate occupations,14
E05013974,Havering-atte-Bower,12,Mixed or Multiple ethnic groups: Other Mixed or Multiple ethnic groups,4,L8 and L9: Small employers and own account workers,9
E05013974,Havering-atte-Bower,12,Mixed or Multiple ethnic groups: Other Mixed or Multiple ethnic groups,5,L10 and L11: Lower supervisory and technical occupations,0
E05013974,Havering-atte-Bower,12,Mixed or Multiple ethnic groups: Other Mixed or Multiple ethnic groups,6,L12: Semi-routine occupations,8
E05013974,Havering-atte-Bower,12,Mixed or Multiple ethnic groups: Other Mixed or Multiple ethnic groups,7,L13: Routine occupations,1
E05013974,Havering-atte-Bower,12,Mixed or Multiple ethnic groups: Other Mixed or Multiple ethnic groups,8,L14.1 and L14.2: Never worked and long-term unemployed,8
E05013974,Havering-atte-Bower,12,Mixed or Multiple ethnic groups: Other Mixed or Multiple ethnic groups,9,L15: Full-time students,19
E05013974,Havering-atte-Bower,13,"White: English, Welsh, Scottish, Northern Irish or British",-8,Does not apply,2016
E05013974,Havering-atte-Bower,13,"White: English, Welsh, Scottish, Northern Irish or British",1,"L1, L2 and L3: Higher managerial, administrative and professional occupations",658
E05013974,Havering-atte-Bower,13,"White: English, Welsh, Scottish, Northern Irish or British",2,"L4, L5 and L6: Lower managerial, administrative and professional occupations",1542
E05013974,Havering-atte-Bower,13,"White: English, Welsh, Scottish, Northern Irish or British",3,L7: Intermediate occupations,1358
E05013974,Havering-atte-Bower,13,"White: English, Welsh, Scottish, Northern Irish or British",4,L8 and L9: Small employers and own account workers,1197
E05013974,Havering-atte-Bower,13,"White: English, Welsh, Scottish, Northern Irish or British",5,L10 and L11: Lower supervisory and technical occupations,541
E05013974,Havering-atte-Bower,13,"White: English, Welsh, Scottish, Northern Irish or British",6,L12: Semi-routine occupations,1287
E05013974,Havering-atte-Bower,13,"White: English, Welsh, Scottish, Northern Irish or British",7,L13: Routine occupations,1086
E05013974,Havering-atte-Bower,13,"White: English, Welsh, Scottish, Northern Irish or British",8,L14.1 and L14.2: Never worked and long-term unemployed,876
E05013974,Havering-atte-Bower,13,"White: English, Welsh, Scottish, Northern Irish or British",9,L15: Full-time students,380
E05013974,Havering-atte-Bower,14,White: Irish,-8,Does not apply,12
E05013974,Havering-atte-Bower,14,White: Irish,1,"L1, L2 and L3: Higher managerial, administrative and professional occupations",12
E05013974,Havering-atte-Bower,14,White: Irish,2,"L4, L5 and L6: Lower managerial, administrative and professional occupations",32
E05013974,Havering-atte-Bower,14,White: Irish,3,L7: Intermediate occupations,12
E05013974,Havering-atte-Bower,14,White: Irish,4,L8 and L9: Small employers and own account workers,14
E05013974,Havering-atte-Bower,14,White: Irish,5,L10 and L11: Lower supervisory and technical occupations,6
E05013974,Havering-atte-Bower,14,White: Irish,6,L12: Semi-routine occupations,15
E05013974,Havering-atte-Bower,14,White: Irish,7,L13: Routine occupations,22
E05013974,Havering-atte-Bower,14,White: Irish,8,L14.1 and L14.2: Never worked and long-term unemployed,7
E05013974,Havering-atte-Bower,14,White: Irish,9,L15: Full-time students,0
E05013974,Havering-atte-Bower,15,White: Gypsy or Irish Traveller,-8,Does not apply,8
E05013974,Havering-atte-Bower,15,White: Gypsy or Irish Traveller,1,"L1, L2 and L3: Higher managerial, administrative and professional occupations",0
E05013974,Havering-atte-Bower,15,White: Gypsy or Irish Traveller,2,"L4, L5 and L6: Lower managerial, administrative and professional occupations",1
E05013974,Havering-atte-Bower,15,White: Gypsy or Irish Traveller,3,L7: Intermediate occupations,0
E05013974,Havering-atte-Bower,15,White: Gypsy or Irish Traveller,4,L8 and L9: Small employers and own account workers,2
E05013974,Havering-atte-Bower,15,White: Gypsy or Irish Traveller,5,L10 and L11: Lower supervisory and technical occupations,0
E05013974,Havering-atte-Bower,15,White: Gypsy or Irish Traveller,6,L12: Semi-routine occupations,1
E05013974,Havering-atte-Bower,15,White: Gypsy or Irish Traveller,7,L13: Routine occupations,2
E05013974,Havering-atte-Bower,15,White: Gypsy or Irish Traveller,8,L14.1 and L14.2: Never worked and long-term unemployed,7
E05013974,Havering-atte-Bower,15,White: Gypsy or Irish Traveller,9,L15: Full-time students,0
E05013974,Havering-atte-Bower,16,White: Roma,-8,Does not apply,8
E05013974,Havering-atte-Bower,16,White: Roma,1,"L1, L2 and L3: Higher managerial, administrative and professional occupations",1
E05013974,Havering-atte-Bower,16,White: Roma,2,"L4, L5 and L6: Lower managerial, administrative and professional occupations",4
E05013974,Havering-atte-Bower,16,White: Roma,3,L7: Intermediate occupations,0
E05013974,Havering-atte-Bower,16,White: Roma,4,L8 and L9: Small employers and own account workers,13
E05013974,Havering-atte-Bower,16,White: Roma,5,L10 and L11: Lower supervisory and technical occupations,1
E05013974,Havering-atte-Bower,16,White: Roma,6,L12: Semi-routine occupations,0
E05013974,Havering-atte-Bower,16,White: Roma,7,L13: Routine occupations,3
E05013974,Havering-atte-Bower,16,White: Roma,8,L14.1 and L14.2: Never worked and long-term unemployed,2
E05013974,Havering-atte-Bower,16,White: Roma,9,L15: Full-time students,0
E05013974,Havering-atte-Bower,17,White: Other White,-8,Does not apply,252
E05013974,Havering-atte-Bower,17,White: Other White,1,"L1, L2 and L3: Higher managerial, administrative and professional occupations",69
E05013974,Havering-atte-Bower,17,White: Other White,2,"L4, L5 and L6: Lower managerial, administrative and professional occupations",154
E05013974,Havering-atte-Bower,17,White: Other White,3,L7: Intermediate occupations,77
E05013974,Havering-atte-Bower,17,White: Other White,4,L8 and L9: Small employers and own account workers,317
E05013974,Havering-atte-Bower,17,White: Other White,5,L10 and L11: Lower supervisory and technical occupations,48
E05013974,Havering-atte-Bower,17,White: Other White,6,L12: Semi-routine occupations,89
E05013974,Havering-atte-Bower,17,White: Other White,7,L13: Routine occupations,119
E05013974,Havering-atte-Bower,17,White: Other White,8,L14.1 and L14.2: Never worked and long-term unemployed,69
E05013974,Havering-atte-Bower,17,White: Other White,9,L15: Full-time students,85
E05013974,Havering-atte-Bower,18,Other ethnic group: Arab,-8,Does not apply,5
E05013974,Havering-atte-Bower,18,Other ethnic group: Arab,1,"L1, L2 and L3: Higher managerial, administrative and professional occupations",5
E05013974,Havering-atte-Bower,18,Other ethnic group: Arab,2,"L4, L5 and L6: Lower managerial, administrative and professional occupations",1
E05013974,Havering-atte-Bower,18,Other ethnic group: Arab,3,L7: Intermediate occupations,3
E05013974,Havering-atte-Bower,18,Other ethnic group: Arab,4,L8 and L9: Small employers and own account workers,2
E05013974,Havering-atte-Bower,18,Other ethnic group: Arab,5,L10 and L11: Lower supervisory and technical occupations,0
E05013974,Havering-atte-Bower,18,Other ethnic group: Arab,6,L12: Semi-routine occupations,1
E05013974,Havering-atte-Bower,18,Other ethnic group: Arab,7,L13: Routine occupations,2
E05013974,Havering-atte-Bower,18,Other ethnic group: Arab,8,L14.1 and L14.2: Never worked and long-term unemployed,2
E05013974,Havering-atte-Bower,18,Other ethnic group: Arab,9,L15: Full-time students,0
E05013974,Havering-atte-Bower,19,Other ethnic group: Any other ethnic group,-8,Does not apply,69
E05013974,Havering-atte-Bower,19,Other ethnic group: Any other ethnic group,1,"L1, L2 and L3: Higher managerial, administrative and professional occupations",29
E05013974,Havering-atte-Bower,19,Other ethnic group: Any other ethnic group,2,"L4, L5 and L6: Lower managerial, administrative and professional occupations",46
E05013974,Havering-atte-Bower,19,Other ethnic group: Any other ethnic group,3,L7: Intermediate occupations,21
E05013974,Havering-atte-Bower,19,Other ethnic group: Any other ethnic group,4,L8 and L9: Small employers and own account workers,34
E05013974,Havering-atte-Bower,19,Other ethnic group: Any other ethnic group,5,L10 and L11: Lower supervisory and technical occupations,8
E05013974,Havering-atte-Bower,19,Other ethnic group: Any other ethnic group,6,L12: Semi-routine occupations,22
E05013974,Havering-atte-Bower,19,Other ethnic group: Any other ethnic group,7,L13: Routine occupations,19
E05013974,Havering-atte-Bower,19,Other ethnic group: Any other ethnic group,8,L14.1 and L14.2: Never worked and long-term unemployed,30
E05013974,Havering-atte-Bower,19,Other ethnic group: Any other ethnic group,9,L15: Full-time students,18
E05013975,Heaton (Havering),-8,Does not apply,-8,Does not apply,0
E05013975,Heaton (Havering),-8,Does not apply,1,"L1, L2 and L3: Higher managerial, administrative and professional occupations",0
E05013975,Heaton (Havering),-8,Does not apply,2,"L4, L5 and L6: Lower managerial, administrative and professional occupations",0
E05013975,Heaton (Havering),-8,Does not apply,3,L7: Intermediate occupations,0
E05013975,Heaton (Havering),-8,Does not apply,4,L8 and L9: Small employers and own account workers,0
E05013975,Heaton (Havering),-8,Does not apply,5,L10 and L11: Lower supervisory and technical occupations,0
E05013975,Heaton (Havering),-8,Does not apply,6,L12: Semi-routine occupations,0
E05013975,Heaton (Havering),-8,Does not apply,7,L13: Routine occupations,0
E05013975,Heaton (Havering),-8,Does not apply,8,L14.1 and L14.2: Never worked and long-term unemployed,0
E05013975,Heaton (Havering),-8,Does not apply,9,L15: Full-time students,0
E05013975,Heaton (Havering),1,"Asian, Asian British or Asian Welsh: Bangladeshi",-8,Does not apply,97
E05013975,Heaton (Havering),1,"Asian, Asian British or Asian Welsh: Bangladeshi",1,"L1, L2 and L3: Higher managerial, administrative and professional occupations",23
E05013975,Heaton (Havering),1,"Asian, Asian British or Asian Welsh: Bangladeshi",2,"L4, L5 and L6: Lower managerial, administrative and professional occupations",27
E05013975,Heaton (Havering),1,"Asian, Asian British or Asian Welsh: Bangladeshi",3,L7: Intermediate occupations,18
E05013975,Heaton (Havering),1,"Asian, Asian British or Asian Welsh: Bangladeshi",4,L8 and L9: Small employers and own account workers,15
E05013975,Heaton (Havering),1,"Asian, Asian British or Asian Welsh: Bangladeshi",5,L10 and L11: Lower supervisory and technical occupations,6
E05013975,Heaton (Havering),1,"Asian, Asian British or Asian Welsh: Bangladeshi",6,L12: Semi-routine occupations,17
E05013975,Heaton (Havering),1,"Asian, Asian British or Asian Welsh: Bangladeshi",7,L13: Routine occupations,6
E05013975,Heaton (Havering),1,"Asian, Asian British or Asian Welsh: Bangladeshi",8,L14.1 and L14.2: Never worked and long-term unemployed,29
E05013975,Heaton (Havering),1,"Asian, Asian British or Asian Welsh: Bangladeshi",9,L15: Full-time students,24
E05013975,Heaton (Havering),2,"Asian, Asian British or Asian Welsh: Chinese",-8,Does not apply,17
E05013975,Heaton (Havering),2,"Asian, Asian British or Asian Welsh: Chinese",1,"L1, L2 and L3: Higher managerial, administrative and professional occupations",7
E05013975,Heaton (Havering),2,"Asian, Asian British or Asian Welsh: Chinese",2,"L4, L5 and L6: Lower managerial, administrative and professional occupations",7
E05013975,Heaton (Havering),2,"Asian, Asian British or Asian Welsh: Chinese",3,L7: Intermediate occupations,3
E05013975,Heaton (Havering),2,"Asian, Asian British or Asian Welsh: Chinese",4,L8 and L9: Small employers and own account workers,2
E05013975,Heaton (Havering),2,"Asian, Asian British or Asian Welsh: Chinese",5,L10 and L11: Lower supervisory and technical occupations,9
E05013975,Heaton (Havering),2,"Asian, Asian British or Asian Welsh: Chinese",6,L12: Semi-routine occupations,11
E05013975,Heaton (Havering),2,"Asian, Asian British or Asian Welsh: Chinese",7,L13: Routine occupations,9
E05013975,Heaton (Havering),2,"Asian, Asian British or Asian Welsh: Chinese",8,L14.1 and L14.2: Never worked and long-term unemployed,11
E05013975,Heaton (Havering),2,"Asian, Asian British or Asian Welsh: Chinese",9,L15: Full-time students,3
E05013975,Heaton (Havering),3,"Asian, Asian British or Asian Welsh: Indian",-8,Does not apply,105
E05013975,Heaton (Havering),3,"Asian, Asian British or Asian Welsh: Indian",1,"L1, L2 and L3: Higher managerial, administrative and professional occupations",61
E05013975,Heaton (Havering),3,"Asian, Asian British or Asian Welsh: Indian",2,"L4, L5 and L6: Lower managerial, administrative and professional occupations",59
E05013975,Heaton (Havering),3,"Asian, Asian British or Asian Welsh: Indian",3,L7: Intermediate occupations,33
E05013975,Heaton (Havering),3,"Asian, Asian British or Asian Welsh: Indian",4,L8 and L9: Small employers and own account workers,29
E05013975,Heaton (Havering),3,"Asian, Asian British or Asian Welsh: Indian",5,L10 and L11: Lower supervisory and technical occupations,11
E05013975,Heaton (Havering),3,"Asian, Asian British or Asian Welsh: Indian",6,L12: Semi-routine occupations,26
E05013975,Heaton (Havering),3,"Asian, Asian British or Asian Welsh: Indian",7,L13: Routine occupations,24
E05013975,Heaton (Havering),3,"Asian, Asian British or Asian Welsh: Indian",8,L14.1 and L14.2: Never worked and long-term unemployed,24
E05013975,Heaton (Havering),3,"Asian, Asian British or Asian Welsh: Indian",9,L15: Full-time students,19
E05013975,Heaton (Havering),4,"Asian, Asian British or Asian Welsh: Pakistani",-8,Does not apply,123
E05013975,Heaton (Havering),4,"Asian, Asian British or Asian Welsh: Pakistani",1,"L1, L2 and L3: Higher managerial, administrative and professional occupations",26
E05013975,Heaton (Havering),4,"Asian, Asian British or Asian Welsh: Pakistani",2,"L4, L5 and L6: Lower managerial, administrative and professional occupations",47
E05013975,Heaton (Havering),4,"Asian, Asian British or Asian Welsh: Pakistani",3,L7: Intermediate occupations,36
E05013975,Heaton (Havering),4,"Asian, Asian British or Asian Welsh: Pakistani",4,L8 and L9: Small employers and own account workers,39
E05013975,Heaton (Havering),4,"Asian, Asian British or Asian Welsh: Pakistani",5,L10 and L11: Lower supervisory and technical occupations,15
E05013975,Heaton (Havering),4,"Asian, Asian British or Asian Welsh: Pakistani",6,L12: Semi-routine occupations,28
E05013975,Heaton (Havering),4,"Asian, Asian British or Asian Welsh: Pakistani",7,L13: Routine occupations,15
E05013975,Heaton (Havering),4,"Asian, Asian British or Asian Welsh: Pakistani",8,L14.1 and L14.2: Never worked and long-term unemployed,39
E05013975,Heaton (Havering),4,"Asian, Asian British or Asian Welsh: Pakistani",9,L15: Full-time students,32
E05013975,Heaton (Havering),5,"Asian, Asian British or Asian Welsh: Other Asian",-8,Does not apply,73
E05013975,Heaton (Havering),5,"Asian, Asian British or Asian Welsh: Other Asian",1,"L1, L2 and L3: Higher managerial, administrative and professional occupations",21
E05013975,Heaton (Havering),5,"Asian, Asian British or Asian Welsh: Other Asian",2,"L4, L5 and L6: Lower managerial, administrative and professional occupations",38
E05013975,Heaton (Havering),5,"Asian, Asian British or Asian Welsh: Other Asian",3,L7: Intermediate occupations,26
E05013975,Heaton (Havering),5,"Asian, Asian British or Asian Welsh: Other Asian",4,L8 and L9: Small employers and own account workers,13
E05013975,Heaton (Havering),5,"Asian, Asian British or Asian Welsh: Other Asian",5,L10 and L11: Lower supervisory and technical occupations,8
E05013975,Heaton (Havering),5,"Asian, Asian British or Asian Welsh: Other Asian",6,L12: Semi-routine occupations,29
E05013975,Heaton (Havering),5,"Asian, Asian British or Asian Welsh: Other Asian",7,L13: Routine occupations,16
E05013975,Heaton (Havering),5,"Asian, Asian British or Asian Welsh: Other Asian",8,L14.1 and L14.2: Never worked and long-term unemployed,22
E05013975,Heaton (Havering),5,"Asian, Asian British or Asian Welsh: Other Asian",9,L15: Full-time students,20
E05013975,Heaton (Havering),6,"Black, Black British, Black Welsh, Caribbean or African: African",-8,Does not apply,525
E05013975,Heaton (Havering),6,"Black, Black British, Black Welsh, Caribbean or African: African",1,"L1, L2 and L3: Higher managerial, administrative and professional occupations",165
E05013975,Heaton (Havering),6,"Black, Black British, Black Welsh, Caribbean or African: African",2,"L4, L5 and L6: Lower managerial, administrative and professional occupations",355
E05013975,Heaton (Havering),6,"Black, Black British, Black Welsh, Caribbean or African: African",3,L7: Intermediate occupations,122
E05013975,Heaton (Havering),6,"Black, Black British, Black Welsh, Caribbean or African: African",4,L8 and L9: Small employers and own account workers,101
E05013975,Heaton (Havering),6,"Black, Black British, Black Welsh, Caribbean or African: African",5,L10 and L11: Lower supervisory and technical occupations,35
E05013975,Heaton (Havering),6,"Black, Black British, Black Welsh, Caribbean or African: African",6,L12: Semi-routine occupations,156
E05013975,Heaton (Havering),6,"Black, Black British, Black Welsh, Caribbean or African: African",7,L13: Routine occupations,87
E05013975,Heaton (Havering),6,"Black, Black British, Black Welsh, Caribbean or African: African",8,L14.1 and L14.2: Never worked and long-term unemployed,84
E05013975,Heaton (Havering),6,"Black, Black British, Black Welsh, Caribbean or African: African",9,L15: Full-time students,232
E05013975,Heaton (Havering),7,"Black, Black British, Black Welsh, Caribbean or African: Caribbean",-8,Does not apply,108
E05013975,Heaton (Havering),7,"Black, Black British, Black Welsh, Caribbean or African: Caribbean",1,"L1, L2 and L3: Higher managerial, administrative and professional occupations",31
E05013975,Heaton (Havering),7,"Black, Black British, Black Welsh, Caribbean or African: Caribbean",2,"L4, L5 and L6: Lower managerial, administrative and professional occupations",85
E05013975,Heaton (Havering),7,"Black, Black British, Black Welsh, Caribbean or African: Caribbean",3,L7: Intermediate occupations,44
E05013975,Heaton (Havering),7,"Black, Black British, Black Welsh, Caribbean or African: Caribbean",4,L8 and L9: Small employers and own account workers,28
E05013975,Heaton (Havering),7,"Black, Black British, Black Welsh, Caribbean or African: Caribbean",5,L10 and L11: Lower supervisory and technical occupations,14
E05013975,Heaton (Havering),7,"Black, Black British, Black Welsh, Caribbean or African: Caribbean",6,L12: Semi-routine occupations,38
E05013975,Heaton (Havering),7,"Black, Black British, Black Welsh, Caribbean or African: Caribbean",7,L13: Routine occupations,26
E05013975,Heaton (Havering),7,"Black, Black British, Black Welsh, Caribbean or African: Caribbean",8,L14.1 and L14.2: Never worked and long-term unemployed,37
E05013975,Heaton (Havering),7,"Black, Black British, Black Welsh, Caribbean or African: Caribbean",9,L15: Full-time students,33
E05013975,Heaton (Havering),8,"Black, Black British, Black Welsh, Caribbean or African: Other Black",-8,Does not apply,175
E05013975,Heaton (Havering),8,"Black, Black British, Black Welsh, Caribbean or African: Other Black",1,"L1, L2 and L3: Higher managerial, administrative and professional occupations",13
E05013975,Heaton (Havering),8,"Black, Black British, Black Welsh, Caribbean or African: Other Black",2,"L4, L5 and L6: Lower managerial, administrative and professional occupations",24
E05013975,Heaton (Havering),8,"Black, Black British, Black Welsh, Caribbean or African: Other Black",3,L7: Intermediate occupations,8
E05013975,Heaton (Havering),8,"Black, Black British, Black Welsh, Caribbean or African: Other Black",4,L8 and L9: Small employers and own account workers,7
E05013975,Heaton (Havering),8,"Black, Black British, Black Welsh, Caribbean or African: Other Black",5,L10 and L11: Lower supervisory and technical occupations,4
E05013975,Heaton (Havering),8,"Black, Black British, Black Welsh, Caribbean or African: Other Black",6,L12: Semi-routine occupations,11
E05013975,Heaton (Havering),8,"Black, Black British, Black Welsh, Caribbean or African: Other Black",7,L13: Routine occupations,2
E05013975,Heaton (Havering),8,"Black, Black British, Black Welsh, Caribbean or African: Other Black",8,L14.1 and L14.2: Never worked and long-term unemployed,6
E05013975,Heaton (Havering),8,"Black, Black British, Black Welsh, Caribbean or African: Other Black",9,L15: Full-time students,47
E05013975,Heaton (Havering),9,Mixed or Multiple ethnic groups: White and Asian,-8,Does not apply,56
E05013975,Heaton (Havering),9,Mixed or Multiple ethnic groups: White and Asian,1,"L1, L2 and L3: Higher managerial, administrative and professional occupations",5
E05013975,Heaton (Havering),9,Mixed or Multiple ethnic groups: White and Asian,2,"L4, L5 and L6: Lower managerial, administrative and professional occupations",8
E05013975,Heaton (Havering),9,Mixed or Multiple ethnic groups: White and Asian,3,L7: Intermediate occupations,6
E05013975,Heaton (Havering),9,Mixed or Multiple ethnic groups: White and Asian,4,L8 and L9: Small employers and own account workers,4
E05013975,Heaton (Havering),9,Mixed or Multiple ethnic groups: White and Asian,5,L10 and L11: Lower supervisory and technical occupations,3
E05013975,Heaton (Havering),9,Mixed or Multiple ethnic groups: White and Asian,6,L12: Semi-routine occupations,8
E05013975,Heaton (Havering),9,Mixed or Multiple ethnic groups: White and Asian,7,L13: Routine occupations,7
E05013975,Heaton (Havering),9,Mixed or Multiple ethnic groups: White and Asian,8,L14.1 and L14.2: Never worked and long-term unemployed,5
E05013975,Heaton (Havering),9,Mixed or Multiple ethnic groups: White and Asian,9,L15: Full-time students,5
E05013975,Heaton (Havering),10,Mixed or Multiple ethnic groups: White and Black African,-8,Does not apply,140
E05013975,Heaton (Havering),10,Mixed or Multiple ethnic groups: White and Black African,1,"L1, L2 and L3: Higher managerial, administrative and professional occupations",2
E05013975,Heaton (Havering),10,Mixed or Multiple ethnic groups: White and Black African,2,"L4, L5 and L6: Lower managerial, administrative and professional occupations",11
E05013975,Heaton (Havering),10,Mixed or Multiple ethnic groups: White and Black African,3,L7: Intermediate occupations,9
E05013975,Heaton (Havering),10,Mixed or Multiple ethnic groups: White and Black African,4,L8 and L9: Small employers and own account workers,4
E05013975,Heaton (Havering),10,Mixed or Multiple ethnic groups: White and Black African,5,L10 and L11: Lower supervisory and technical occupations,5
E05013975,Heaton (Havering),10,Mixed or Multiple ethnic groups: White and Black African,6,L12: Semi-routine occupations,7
E05013975,Heaton (Havering),10,Mixed or Multiple ethnic groups: White and Black African,7,L13: Routine occupations,5
E05013975,Heaton (Havering),10,Mixed or Multiple ethnic groups: White and Black African,8,L14.1 and L14.2: Never worked and long-term unemployed,6
E05013975,Heaton (Havering),10,Mixed or Multiple ethnic groups: White and Black African,9,L15: Full-time students,24
E05013975,Heaton (Havering),11,Mixed or Multiple ethnic groups: White and Black Caribbean,-8,Does not apply,137
E05013975,Heaton (Havering),11,Mixed or Multiple ethnic groups: White and Black Caribbean,1,"L1, L2 and L3: Higher managerial, administrative and professional occupations",7
E05013975,Heaton (Havering),11,Mixed or Multiple ethnic groups: White and Black Caribbean,2,"L4, L5 and L6: Lower managerial, administrative and professional occupations",17
E05013975,Heaton (Havering),11,Mixed or Multiple ethnic groups: White and Black Caribbean,3,L7: Intermediate occupations,15
E05013975,Heaton (Havering),11,Mixed or Multiple ethnic groups: White and Black Caribbean,4,L8 and L9: Small employers and own account workers,12
E05013975,Heaton (Havering),11,Mixed or Multiple ethnic groups: White and Black Caribbean,5,L10 and L11: Lower supervisory and technical occupations,7
E05013975,Heaton (Havering),11,Mixed or Multiple ethnic groups: White and Black Caribbean,6,L12: Semi-routine occupations,21
E05013975,Heaton (Havering),11,Mixed or Multiple ethnic groups: White and Black Caribbean,7,L13: Routine occupations,14
E05013975,Heaton (Havering),11,Mixed or Multiple ethnic groups: White and Black Caribbean,8,L14.1 and L14.2: Never worked and long-term unemployed,15
E05013975,Heaton (Havering),11,Mixed or Multiple ethnic groups: White and Black Caribbean,9,L15: Full-time students,27
E05013975,Heaton (Havering),12,Mixed or Multiple ethnic groups: Other Mixed or Multiple ethnic groups,-8,Does not apply,98
E05013975,Heaton (Havering),12,Mixed or Multiple ethnic groups: Other Mixed or Multiple ethnic groups,1,"L1, L2 and L3: Higher managerial, administrative and professional occupations",7
E05013975,Heaton (Havering),12,Mixed or Multiple ethnic groups: Other Mixed or Multiple ethnic groups,2,"L4, L5 and L6: Lower managerial, administrative and professional occupations",16
E05013975,Heaton (Havering),12,Mixed or Multiple ethnic groups: Other Mixed or Multiple ethnic groups,3,L7: Intermediate occupations,13
E05013975,Heaton (Havering),12,Mixed or Multiple ethnic groups: Other Mixed or Multiple ethnic groups,4,L8 and L9: Small employers and own account workers,11
E05013975,Heaton (Havering),12,Mixed or Multiple ethnic groups: Other Mixed or Multiple ethnic groups,5,L10 and L11: Lower supervisory and technical occupations,7
E05013975,Heaton (Havering),12,Mixed or Multiple ethnic groups: Other Mixed or Multiple ethnic groups,6,L12: Semi-routine occupations,9
E05013975,Heaton (Havering),12,Mixed or Multiple ethnic groups: Other Mixed or Multiple ethnic groups,7,L13: Routine occupations,10
E05013975,Heaton (Havering),12,Mixed or Multiple ethnic groups: Other Mixed or Multiple ethnic groups,8,L14.1 and L14.2: Never worked and long-term unemployed,13
E05013975,Heaton (Havering),12,Mixed or Multiple ethnic groups: Other Mixed or Multiple ethnic groups,9,L15: Full-time students,24
E05013975,Heaton (Havering),13,"White: English, Welsh, Scottish, Northern Irish or British",-8,Does not apply,2141
E05013975,Heaton (Havering),13,"White: English, Welsh, Scottish, Northern Irish or British",1,"L1, L2 and L3: Higher managerial, administrative and professional occupations",398
E05013975,Heaton (Havering),13,"White: English, Welsh, Scottish, Northern Irish or British",2,"L4, L5 and L6: Lower managerial, administrative and professional occupations",1096
E05013975,Heaton (Havering),13,"White: English, Welsh, Scottish, Northern Irish or British",3,L7: Intermediate occupations,1085
E05013975,Heaton (Havering),13,"White: English, Welsh, Scottish, Northern Irish or British",4,L8 and L9: Small employers and own account workers,902
E05013975,Heaton (Havering),13,"White: English, Welsh, Scottish, Northern Irish or British",5,L10 and L11: Lower supervisory and technical occupations,523
E05013975,Heaton (Havering),13,"White: English, Welsh, Scottish, Northern Irish or British",6,L12: Semi-routine occupations,1228
E05013975,Heaton (Havering),13,"White: English, Welsh, Scottish, Northern Irish or British",7,L13: Routine occupations,1292
E05013975,Heaton (Havering),13,"White: English, Welsh, Scottish, Northern Irish or British",8,L14.1 and L14.2: Never worked and long-term unemployed,1050
E05013975,Heaton (Havering),13,"White: English, Welsh, Scottish, Northern Irish or British",9,L15: Full-time students,411
E05013975,Heaton (Havering),14,White: Irish,-8,Does not apply,14
E05013975,Heaton (Havering),14,White: Irish,1,"L1, L2 and L3: Higher managerial, administrative and professional occupations",5
E05013975,Heaton (Havering),14,White: Irish,2,"L4, L5 and L6: Lower managerial, administrative and professional occupations",21
E05013975,Heaton (Havering),14,White: Irish,3,L7: Intermediate occupations,12
E05013975,Heaton (Havering),14,White: Irish,4,L8 and L9: Small employers and own account workers,14
E05013975,Heaton (Havering),14,White: Irish,5,L10 and L11: Lower supervisory and technical occupations,10
E05013975,Heaton (Havering),14,White: Irish,6,L12: Semi-routine occupations,12
E05013975,Heaton (Havering),14,White: Irish,7,L13: Routine occupations,7
E05013975,Heaton (Havering),14,White: Irish,8,L14.1 and L14.2: Never worked and long-term unemployed,6
E05013975,Heaton (Havering),14,White: Irish,9,L15: Full-time students,0
E05013975,Heaton (Havering),15,White: Gypsy or Irish Traveller,-8,Does not apply,2
E05013975,Heaton (Havering),15,White: Gypsy or Irish Traveller,1,"L1, L2 and L3: Higher managerial, administrative and professional occupations",0
E05013975,Heaton (Havering),15,White: Gypsy or Irish Traveller,2,"L4, L5 and L6: Lower managerial, administrative and professional occupations",0
E05013975,Heaton (Havering),15,White: Gypsy or Irish Traveller,3,L7: Intermediate occupations,0
E05013975,Heaton (Havering),15,White: Gypsy or Irish Traveller,4,L8 and L9: Small employers and own account workers,2
E05013975,Heaton (Havering),15,White: Gypsy or Irish Traveller,5,L10 and L11: Lower supervisory and technical occupations,0
E05013975,Heaton (Havering),15,White: Gypsy or Irish Traveller,6,L12: Semi-routine occupations,0
E05013975,Heaton (Havering),15,White: Gypsy or Irish Traveller,7,L13: Routine occupations,1
E05013975,Heaton (Havering),15,White: Gypsy or Irish Traveller,8,L14.1 and L14.2: Never worked and long-term unemployed,1
E05013975,Heaton (Havering),15,White: Gypsy or Irish Traveller,9,L15: Full-time students,2
E05013975,Heaton (Havering),16,White: Roma,-8,Does not apply,11
E05013975,Heaton (Havering),16,White: Roma,1,"L1, L2 and L3: Higher managerial, administrative and professional occupations",1
E05013975,Heaton (Havering),16,White: Roma,2,"L4, L5 and L6: Lower managerial, administrative and professional occupations",2
E05013975,Heaton (Havering),16,White: Roma,3,L7: Intermediate occupations,0
E05013975,Heaton (Havering),16,White: Roma,4,L8 and L9: Small employers and own account workers,9
E05013975,Heaton (Havering),16,White: Roma,5,L10 and L11: Lower supervisory and technical occupations,0
E05013975,Heaton (Havering),16,White: Roma,6,L12: Semi-routine occupations,0
E05013975,Heaton (Havering),16,White: Roma,7,L13: Routine occupations,4
E05013975,Heaton (Havering),16,White: Roma,8,L14.1 and L14.2: Never worked and long-term unemployed,3
E05013975,Heaton (Havering),16,White: Roma,9,L15: Full-time students,3
E05013975,Heaton (Havering),17,White: Other White,-8,Does not apply,387
E05013975,Heaton (Havering),17,White: Other White,1,"L1, L2 and L3: Higher managerial, administrative and professional occupations",95
E05013975,Heaton (Havering),17,White: Other White,2,"L4, L5 and L6: Lower managerial, administrative and professional occupations",182
E05013975,Heaton (Havering),17,White: Other White,3,L7: Intermediate occupations,106
E05013975,Heaton (Havering),17,White: Other White,4,L8 and L9: Small employers and own account workers,455
E05013975,Heaton (Havering),17,White: Other White,5,L10 and L11: Lower supervisory and technical occupations,81
E05013975,Heaton (Havering),17,White: Other White,6,L12: Semi-routine occupations,126
E05013975,Heaton (Havering),17,White: Other White,7,L13: Routine occupations,195
E05013975,Heaton (Havering),17,White: Other White,8,L14.1 and L14.2: Never worked and long-term unemployed,73
E05013975,Heaton (Havering),17,White: Other White,9,L15: Full-time students,123
E05013975,Heaton (Havering),18,Other ethnic group: Arab,-8,Does not apply,8
E05013975,Heaton (Havering),18,Other ethnic group: Arab,1,"L1, L2 and L3: Higher managerial, administrative and professional occupations",1
E05013975,Heaton (Havering),18,Other ethnic group: Arab,2,"L4, L5 and L6: Lower managerial, administrative and professional occupations",3
E05013975,Heaton (Havering),18,Other ethnic group: Arab,3,L7: Intermediate occupations,4
E05013975,Heaton (Havering),18,Other ethnic group: Arab,4,L8 and L9: Small employers and own account workers,5
E05013975,Heaton (Havering),18,Other ethnic group: Arab,5,L10 and L11: Lower supervisory and technical occupations,2
E05013975,Heaton (Havering),18,Other ethnic group: Arab,6,L12: Semi-routine occupations,5
E05013975,Heaton (Havering),18,Other ethnic group: Arab,7,L13: Routine occupations,2
E05013975,Heaton (Havering),18,Other ethnic group: Arab,8,L14.1 and L14.2: Never worked and long-term unemployed,5
E05013975,Heaton (Havering),18,Other ethnic group: Arab,9,L15: Full-time students,5
E05013975,Heaton (Havering),19,Other ethnic group: Any other ethnic group,-8,Does not apply,53
E05013975,Heaton (Havering),19,Other ethnic group: Any other ethnic group,1,"L1, L2 and L3: Higher managerial, administrative and professional occupations",19
E05013975,Heaton (Havering),19,Other ethnic group: Any other ethnic group,2,"L4, L5 and L6: Lower managerial, administrative and professional occupations",26
E05013975,Heaton (Havering),19,Other ethnic group: Any other ethnic group,3,L7: Intermediate occupations,18
E05013975,Heaton (Havering),19,Other ethnic group: Any other ethnic group,4,L8 and L9: Small employers and own account workers,34
E05013975,Heaton (Havering),19,Other ethnic group: Any other ethnic group,5,L10 and L11: Lower supervisory and technical occupations,7
E05013975,Heaton (Havering),19,Other ethnic group: Any other ethnic group,6,L12: Semi-routine occupations,25
E05013975,Heaton (Havering),19,Other ethnic group: Any other ethnic group,7,L13: Routine occupations,24
E05013975,Heaton (Havering),19,Other ethnic group: Any other ethnic group,8,L14.1 and L14.2: Never worked and long-term unemployed,36
E05013975,Heaton (Havering),19,Other ethnic group: Any other ethnic group,9,L15: Full-time students,25
E05013976,Hylands & Harrow Lodge,-8,Does not apply,-8,Does not apply,0
E05013976,Hylands & Harrow Lodge,-8,Does not apply,1,"L1, L2 and L3: Higher managerial, administrative and professional occupations",0
E05013976,Hylands & Harrow Lodge,-8,Does not apply,2,"L4, L5 and L6: Lower managerial, administrative and professional occupations",0
E05013976,Hylands & Harrow Lodge,-8,Does not apply,3,L7: Intermediate occupations,0
E05013976,Hylands & Harrow Lodge,-8,Does not apply,4,L8 and L9: Small employers and own account workers,0
E05013976,Hylands & Harrow Lodge,-8,Does not apply,5,L10 and L11: Lower supervisory and technical occupations,0
E05013976,Hylands & Harrow Lodge,-8,Does not apply,6,L12: Semi-routine occupations,0
E05013976,Hylands & Harrow Lodge,-8,Does not apply,7,L13: Routine occupations,0
E05013976,Hylands & Harrow Lodge,-8,Does not apply,8,L14.1 and L14.2: Never worked and long-term unemployed,0
E05013976,Hylands & Harrow Lodge,-8,Does not apply,9,L15: Full-time students,0
E05013976,Hylands & Harrow Lodge,1,"Asian, Asian British or Asian Welsh: Bangladeshi",-8,Does not apply,44
E05013976,Hylands & Harrow Lodge,1,"Asian, Asian British or Asian Welsh: Bangladeshi",1,"L1, L2 and L3: Higher managerial, administrative and professional occupations",14
E05013976,Hylands & Harrow Lodge,1,"Asian, Asian British or Asian Welsh: Bangladeshi",2,"L4, L5 and L6: Lower managerial, administrative and professional occupations",34
E05013976,Hylands & Harrow Lodge,1,"Asian, Asian British or Asian Welsh: Bangladeshi",3,L7: Intermediate occupations,32
E05013976,Hylands & Harrow Lodge,1,"Asian, Asian British or Asian Welsh: Bangladeshi",4,L8 and L9: Small employers and own account workers,9
E05013976,Hylands & Harrow Lodge,1,"Asian, Asian British or Asian Welsh: Bangladeshi",5,L10 and L11: Lower supervisory and technical occupations,3
E05013976,Hylands & Harrow Lodge,1,"Asian, Asian British or Asian Welsh: Bangladeshi",6,L12: Semi-routine occupations,12
E05013976,Hylands & Harrow Lodge,1,"Asian, Asian British or Asian Welsh: Bangladeshi",7,L13: Routine occupations,10
E05013976,Hylands & Harrow Lodge,1,"Asian, Asian British or Asian Welsh: Bangladeshi",8,L14.1 and L14.2: Never worked and long-term unemployed,10
E05013976,Hylands & Harrow Lodge,1,"Asian, Asian British or Asian Welsh: Bangladeshi",9,L15: Full-time students,19
E05013976,Hylands & Harrow Lodge,2,"Asian, Asian British or Asian Welsh: Chinese",-8,Does not apply,24
E05013976,Hylands & Harrow Lodge,2,"Asian, Asian British or Asian Welsh: Chinese",1,"L1, L2 and L3: Higher managerial, administrative and professional occupations",17
E05013976,Hylands & Harrow Lodge,2,"Asian, Asian British or Asian Welsh: Chinese",2,"L4, L5 and L6: Lower managerial, administrative and professional occupations",16
E05013976,Hylands & Harrow Lodge,2,"Asian, Asian British or Asian Welsh: Chinese",3,L7: Intermediate occupations,4
E05013976,Hylands & Harrow Lodge,2,"Asian, Asian British or Asian Welsh: Chinese",4,L8 and L9: Small employers and own account workers,7
E05013976,Hylands & Harrow Lodge,2,"Asian, Asian British or Asian Welsh: Chinese",5,L10 and L11: Lower supervisory and technical occupations,7
E05013976,Hylands & Harrow Lodge,2,"Asian, Asian British or Asian Welsh: Chinese",6,L12: Semi-routine occupations,6
E05013976,Hylands & Harrow Lodge,2,"Asian, Asian British or Asian Welsh: Chinese",7,L13: Routine occupations,3
E05013976,Hylands & Harrow Lodge,2,"Asian, Asian British or Asian Welsh: Chinese",8,L14.1 and L14.2: Never worked and long-term unemployed,6
E05013976,Hylands & Harrow Lodge,2,"Asian, Asian British or Asian Welsh: Chinese",9,L15: Full-time students,0
E05013976,Hylands & Harrow Lodge,3,"Asian, Asian British or Asian Welsh: Indian",-8,Does not apply,126
E05013976,Hylands & Harrow Lodge,3,"Asian, Asian British or Asian Welsh: Indian",1,"L1, L2 and L3: Higher managerial, administrative and professional occupations",92
E05013976,Hylands & Harrow Lodge,3,"Asian, Asian British or Asian Welsh: Indian",2,"L4, L5 and L6: Lower managerial, administrative and professional occupations",116
E05013976,Hylands & Harrow Lodge,3,"Asian, Asian British or Asian Welsh: Indian",3,L7: Intermediate occupations,68
E05013976,Hylands & Harrow Lodge,3,"Asian, Asian British or Asian Welsh: Indian",4,L8 and L9: Small employers and own account workers,39
E05013976,Hylands & Harrow Lodge,3,"Asian, Asian British or Asian Welsh: Indian",5,L10 and L11: Lower supervisory and technical occupations,20
E05013976,Hylands & Harrow Lodge,3,"Asian, Asian British or Asian Welsh: Indian",6,L12: Semi-routine occupations,36
E05013976,Hylands & Harrow Lodge,3,"Asian, Asian British or Asian Welsh: Indian",7,L13: Routine occupations,27
E05013976,Hylands & Harrow Lodge,3,"Asian, Asian British or Asian Welsh: Indian",8,L14.1 and L14.2: Never worked and long-term unemployed,31
E05013976,Hylands & Harrow Lodge,3,"Asian, Asian British or Asian Welsh: Indian",9,L15: Full-time students,41
E05013976,Hylands & Harrow Lodge,4,"Asian, Asian British or Asian Welsh: Pakistani",-8,Does not apply,56
E05013976,Hylands & Harrow Lodge,4,"Asian, Asian British or Asian Welsh: Pakistani",1,"L1, L2 and L3: Higher managerial, administrative and professional occupations",35
E05013976,Hylands & Harrow Lodge,4,"Asian, Asian British or Asian Welsh: Pakistani",2,"L4, L5 and L6: Lower managerial, administrative and professional occupations",36
E05013976,Hylands & Harrow Lodge,4,"Asian, Asian British or Asian Welsh: Pakistani",3,L7: Intermediate occupations,8
E05013976,Hylands & Harrow Lodge,4,"Asian, Asian British or Asian Welsh: Pakistani",4,L8 and L9: Small employers and own account workers,24
E05013976,Hylands & Harrow Lodge,4,"Asian, Asian British or Asian Welsh: Pakistani",5,L10 and L11: Lower supervisory and technical occupations,5
E05013976,Hylands & Harrow Lodge,4,"Asian, Asian British or Asian Welsh: Pakistani",6,L12: Semi-routine occupations,17
E05013976,Hylands & Harrow Lodge,4,"Asian, Asian British or Asian Welsh: Pakistani",7,L13: Routine occupations,4
E05013976,Hylands & Harrow Lodge,4,"Asian, Asian British or Asian Welsh: Pakistani",8,L14.1 and L14.2: Never worked and long-term unemployed,13
E05013976,Hylands & Harrow Lodge,4,"Asian, Asian British or Asian Welsh: Pakistani",9,L15: Full-time students,28
E05013976,Hylands & Harrow Lodge,5,"Asian, Asian British or Asian Welsh: Other Asian",-8,Does not apply,56
E05013976,Hylands & Harrow Lodge,5,"Asian, Asian British or Asian Welsh: Other Asian",1,"L1, L2 and L3: Higher managerial, administrative and professional occupations",19
E05013976,Hylands & Harrow Lodge,5,"Asian, Asian British or Asian Welsh: Other Asian",2,"L4, L5 and L6: Lower managerial, administrative and professional occupations",62
E05013976,Hylands & Harrow Lodge,5,"Asian, Asian British or Asian Welsh: Other Asian",3,L7: Intermediate occupations,15
E05013976,Hylands & Harrow Lodge,5,"Asian, Asian British or Asian Welsh: Other Asian",4,L8 and L9: Small employers and own account workers,12
E05013976,Hylands & Harrow Lodge,5,"Asian, Asian British or Asian Welsh: Other Asian",5,L10 and L11: Lower supervisory and technical occupations,12
E05013976,Hylands & Harrow Lodge,5,"Asian, Asian British or Asian Welsh: Other Asian",6,L12: Semi-routine occupations,20
E05013976,Hylands & Harrow Lodge,5,"Asian, Asian British or Asian Welsh: Other Asian",7,L13: Routine occupations,16
E05013976,Hylands & Harrow Lodge,5,"Asian, Asian British or Asian Welsh: Other Asian",8,L14.1 and L14.2: Never worked and long-term unemployed,18
E05013976,Hylands & Harrow Lodge,5,"Asian, Asian British or Asian Welsh: Other Asian",9,L15: Full-time students,12
E05013976,Hylands & Harrow Lodge,6,"Black, Black British, Black Welsh, Caribbean or African: African",-8,Does not apply,132
E05013976,Hylands & Harrow Lodge,6,"Black, Black British, Black Welsh, Caribbean or African: African",1,"L1, L2 and L3: Higher managerial, administrative and professional occupations",84
E05013976,Hylands & Harrow Lodge,6,"Black, Black British, Black Welsh, Caribbean or African: African",2,"L4, L5 and L6: Lower managerial, administrative and professional occupations",115
E05013976,Hylands & Harrow Lodge,6,"Black, Black British, Black Welsh, Caribbean or African: African",3,L7: Intermediate occupations,30
E05013976,Hylands & Harrow Lodge,6,"Black, Black British, Black Welsh, Caribbean or African: African",4,L8 and L9: Small employers and own account workers,24
E05013976,Hylands & Harrow Lodge,6,"Black, Black British, Black Welsh, Caribbean or African: African",5,L10 and L11: Lower supervisory and technical occupations,6
E05013976,Hylands & Harrow Lodge,6,"Black, Black British, Black Welsh, Caribbean or African: African",6,L12: Semi-routine occupations,39
E05013976,Hylands & Harrow Lodge,6,"Black, Black British, Black Welsh, Caribbean or African: African",7,L13: Routine occupations,20
E05013976,Hylands & Harrow Lodge,6,"Black, Black British, Black Welsh, Caribbean or African: African",8,L14.1 and L14.2: Never worked and long-term unemployed,25
E05013976,Hylands & Harrow Lodge,6,"Black, Black British, Black Welsh, Caribbean or African: African",9,L15: Full-time students,69
E05013976,Hylands & Harrow Lodge,7,"Black, Black British, Black Welsh, Caribbean or African: Caribbean",-8,Does not apply,25
E05013976,Hylands & Harrow Lodge,7,"Black, Black British, Black Welsh, Caribbean or African: Caribbean",1,"L1, L2 and L3: Higher managerial, administrative and professional occupations",29
E05013976,Hylands & Harrow Lodge,7,"Black, Black British, Black Welsh, Caribbean or African: Caribbean",2,"L4, L5 and L6: Lower managerial, administrative and professional occupations",43
E05013976,Hylands & Harrow Lodge,7,"Black, Black British, Black Welsh, Caribbean or African: Caribbean",3,L7: Intermediate occupations,28
E05013976,Hylands & Harrow Lodge,7,"Black, Black British, Black Welsh, Caribbean or African: Caribbean",4,L8 and L9: Small employers and own account workers,13
E05013976,Hylands & Harrow Lodge,7,"Black, Black British, Black Welsh, Caribbean or African: Caribbean",5,L10 and L11: Lower supervisory and technical occupations,8
E05013976,Hylands & Harrow Lodge,7,"Black, Black British, Black Welsh, Caribbean or African: Caribbean",6,L12: Semi-routine occupations,15
E05013976,Hylands & Harrow Lodge,7,"Black, Black British, Black Welsh, Caribbean or African: Caribbean",7,L13: Routine occupations,15
E05013976,Hylands & Harrow Lodge,7,"Black, Black British, Black Welsh, Caribbean or African: Caribbean",8,L14.1 and L14.2: Never worked and long-term unemployed,15
E05013976,Hylands & Harrow Lodge,7,"Black, Black British, Black Welsh, Caribbean or African: Caribbean",9,L15: Full-time students,13
E05013976,Hylands & Harrow Lodge,8,"Black, Black British, Black Welsh, Caribbean or African: Other Black",-8,Does not apply,64
E05013976,Hylands & Harrow Lodge,8,"Black, Black British, Black Welsh, Caribbean or African: Other Black",1,"L1, L2 and L3: Higher managerial, administrative and professional occupations",7
E05013976,Hylands & Harrow Lodge,8,"Black, Black British, Black Welsh, Caribbean or African: Other Black",2,"L4, L5 and L6: Lower managerial, administrative and professional occupations",14
E05013976,Hylands & Harrow Lodge,8,"Black, Black British, Black Welsh, Caribbean or African: Other Black",3,L7: Intermediate occupations,9
E05013976,Hylands & Harrow Lodge,8,"Black, Black British, Black Welsh, Caribbean or African: Other Black",4,L8 and L9: Small employers and own account workers,5
E05013976,Hylands & Harrow Lodge,8,"Black, Black British, Black Welsh, Caribbean or African: Other Black",5,L10 and L11: Lower supervisory and technical occupations,0
E05013976,Hylands & Harrow Lodge,8,"Black, Black British, Black Welsh, Caribbean or African: Other Black",6,L12: Semi-routine occupations,5
E05013976,Hylands & Harrow Lodge,8,"Black, Black British, Black Welsh, Caribbean or African: Other Black",7,L13: Routine occupations,0
E05013976,Hylands & Harrow Lodge,8,"Black, Black British, Black Welsh, Caribbean or African: Other Black",8,L14.1 and L14.2: Never worked and long-term unemployed,4
E05013976,Hylands & Harrow Lodge,8,"Black, Black British, Black Welsh, Caribbean or African: Other Black",9,L15: Full-time students,15
E05013976,Hylands & Harrow Lodge,9,Mixed or Multiple ethnic groups: White and Asian,-8,Does not apply,69
E05013976,Hylands & Harrow Lodge,9,Mixed or Multiple ethnic groups: White and Asian,1,"L1, L2 and L3: Higher managerial, administrative and professional occupations",16
E05013976,Hylands & Harrow Lodge,9,Mixed or Multiple ethnic groups: White and Asian,2,"L4, L5 and L6: Lower managerial, administrative and professional occupations",16
E05013976,Hylands & Harrow Lodge,9,Mixed or Multiple ethnic groups: White and Asian,3,L7: Intermediate occupations,7
E05013976,Hylands & Harrow Lodge,9,Mixed or Multiple ethnic groups: White and Asian,4,L8 and L9: Small employers and own account workers,9
E05013976,Hylands & Harrow Lodge,9,Mixed or Multiple ethnic groups: White and Asian,5,L10 and L11: Lower supervisory and technical occupations,3
E05013976,Hylands & Harrow Lodge,9,Mixed or Multiple ethnic groups: White and Asian,6,L12: Semi-routine occupations,0
E05013976,Hylands & Harrow Lodge,9,Mixed or Multiple ethnic groups: White and Asian,7,L13: Routine occupations,1
E05013976,Hylands & Harrow Lodge,9,Mixed or Multiple ethnic groups: White and Asian,8,L14.1 and L14.2: Never worked and long-term unemployed,2
E05013976,Hylands & Harrow Lodge,9,Mixed or Multiple ethnic groups: White and Asian,9,L15: Full-time students,7
E05013976,Hylands & Harrow Lodge,10,Mixed or Multiple ethnic groups: White and Black African,-8,Does not apply,32
E05013976,Hylands & Harrow Lodge,10,Mixed or Multiple ethnic groups: White and Black African,1,"L1, L2 and L3: Higher managerial, administrative and professional occupations",5
E05013976,Hylands & Harrow Lodge,10,Mixed or Multiple ethnic groups: White and Black African,2,"L4, L5 and L6: Lower managerial, administrative and professional occupations",4
E05013976,Hylands & Harrow Lodge,10,Mixed or Multiple ethnic groups: White and Black African,3,L7: Intermediate occupations,6
E05013976,Hylands & Harrow Lodge,10,Mixed or Multiple ethnic groups: White and Black African,4,L8 and L9: Small employers and own account workers,4
E05013976,Hylands & Harrow Lodge,10,Mixed or Multiple ethnic groups: White and Black African,5,L10 and L11: Lower supervisory and technical occupations,0
E05013976,Hylands & Harrow Lodge,10,Mixed or Multiple ethnic groups: White and Black African,6,L12: Semi-routine occupations,6
E05013976,Hylands & Harrow Lodge,10,Mixed or Multiple ethnic groups: White and Black African,7,L13: Routine occupations,4
E05013976,Hylands & Harrow Lodge,10,Mixed or Multiple ethnic groups: White and Black African,8,L14.1 and L14.2: Never worked and long-term unemployed,4
E05013976,Hylands & Harrow Lodge,10,Mixed or Multiple ethnic groups: White and Black African,9,L15: Full-time students,9
E05013976,Hylands & Harrow Lodge,11,Mixed or Multiple ethnic groups: White and Black Caribbean,-8,Does not apply,48
E05013976,Hylands & Harrow Lodge,11,Mixed or Multiple ethnic groups: White and Black Caribbean,1,"L1, L2 and L3: Higher managerial, administrative and professional occupations",3
E05013976,Hylands & Harrow Lodge,11,Mixed or Multiple ethnic groups: White and Black Caribbean,2,"L4, L5 and L6: Lower managerial, administrative and professional occupations",21
E05013976,Hylands & Harrow Lodge,11,Mixed or Multiple ethnic groups: White and Black Caribbean,3,L7: Intermediate occupations,6
E05013976,Hylands & Harrow Lodge,11,Mixed or Multiple ethnic groups: White and Black Caribbean,4,L8 and L9: Small employers and own account workers,9
E05013976,Hylands & Harrow Lodge,11,Mixed or Multiple ethnic groups: White and Black Caribbean,5,L10 and L11: Lower supervisory and technical occupations,6
E05013976,Hylands & Harrow Lodge,11,Mixed or Multiple ethnic groups: White and Black Caribbean,6,L12: Semi-routine occupations,7
E05013976,Hylands & Harrow Lodge,11,Mixed or Multiple ethnic groups: White and Black Caribbean,7,L13: Routine occupations,8
E05013976,Hylands & Harrow Lodge,11,Mixed or Multiple ethnic groups: White and Black Caribbean,8,L14.1 and L14.2: Never worked and long-term unemployed,4
E05013976,Hylands & Harrow Lodge,11,Mixed or Multiple ethnic groups: White and Black Caribbean,9,L15: Full-time students,14
E05013976,Hylands & Harrow Lodge,12,Mixed or Multiple ethnic groups: Other Mixed or Multiple ethnic groups,-8,Does not apply,60
E05013976,Hylands & Harrow Lodge,12,Mixed or Multiple ethnic groups: Other Mixed or Multiple ethnic groups,1,"L1, L2 and L3: Higher managerial, administrative and professional occupations",12
E05013976,Hylands & Harrow Lodge,12,Mixed or Multiple ethnic groups: Other Mixed or Multiple ethnic groups,2,"L4, L5 and L6: Lower managerial, administrative and professional occupations",21
E05013976,Hylands & Harrow Lodge,12,Mixed or Multiple ethnic groups: Other Mixed or Multiple ethnic groups,3,L7: Intermediate occupations,8
E05013976,Hylands & Harrow Lodge,12,Mixed or Multiple ethnic groups: Other Mixed or Multiple ethnic groups,4,L8 and L9: Small employers and own account workers,2
E05013976,Hylands & Harrow Lodge,12,Mixed or Multiple ethnic groups: Other Mixed or Multiple ethnic groups,5,L10 and L11: Lower supervisory and technical occupations,6
E05013976,Hylands & Harrow Lodge,12,Mixed or Multiple ethnic groups: Other Mixed or Multiple ethnic groups,6,L12: Semi-routine occupations,3
E05013976,Hylands & Harrow Lodge,12,Mixed or Multiple ethnic groups: Other Mixed or Multiple ethnic groups,7,L13: Routine occupations,10
E05013976,Hylands & Harrow Lodge,12,Mixed or Multiple ethnic groups: Other Mixed or Multiple ethnic groups,8,L14.1 and L14.2: Never worked and long-term unemployed,4
E05013976,Hylands & Harrow Lodge,12,Mixed or Multiple ethnic groups: Other Mixed or Multiple ethnic groups,9,L15: Full-time students,10
E05013976,Hylands & Harrow Lodge,13,"White: English, Welsh, Scottish, Northern Irish or British",-8,Does not apply,1464
E05013976,Hylands & Harrow Lodge,13,"White: English, Welsh, Scottish, Northern Irish or British",1,"L1, L2 and L3: Higher managerial, administrative and professional occupations",1013
E05013976,Hylands & Harrow Lodge,13,"White: English, Welsh, Scottish, Northern Irish or British",2,"L4, L5 and L6: Lower managerial, administrative and professional occupations",1774
E05013976,Hylands & Harrow Lodge,13,"White: English, Welsh, Scottish, Northern Irish or British",3,L7: Intermediate occupations,1569
E05013976,Hylands & Harrow Lodge,13,"White: English, Welsh, Scottish, Northern Irish or British",4,L8 and L9: Small employers and own account workers,993
E05013976,Hylands & Harrow Lodge,13,"White: English, Welsh, Scottish, Northern Irish or British",5,L10 and L11: Lower supervisory and technical occupations,447
E05013976,Hylands & Harrow Lodge,13,"White: English, Welsh, Scottish, Northern Irish or British",6,L12: Semi-routine occupations,911
E05013976,Hylands & Harrow Lodge,13,"White: English, Welsh, Scottish, Northern Irish or British",7,L13: Routine occupations,728
E05013976,Hylands & Harrow Lodge,13,"White: English, Welsh, Scottish, Northern Irish or British",8,L14.1 and L14.2: Never worked and long-term unemployed,517
E05013976,Hylands & Harrow Lodge,13,"White: English, Welsh, Scottish, Northern Irish or British",9,L15: Full-time students,389
E05013976,Hylands & Harrow Lodge,14,White: Irish,-8,Does not apply,24
E05013976,Hylands & Harrow Lodge,14,White: Irish,1,"L1, L2 and L3: Higher managerial, administrative and professional occupations",31
E05013976,Hylands & Harrow Lodge,14,White: Irish,2,"L4, L5 and L6: Lower managerial, administrative and professional occupations",67
E05013976,Hylands & Harrow Lodge,14,White: Irish,3,L7: Intermediate occupations,39
E05013976,Hylands & Harrow Lodge,14,White: Irish,4,L8 and L9: Small employers and own account workers,21
E05013976,Hylands & Harrow Lodge,14,White: Irish,5,L10 and L11: Lower supervisory and technical occupations,14
E05013976,Hylands & Harrow Lodge,14,White: Irish,6,L12: Semi-routine occupations,22
E05013976,Hylands & Harrow Lodge,14,White: Irish,7,L13: Routine occupations,19
E05013976,Hylands & Harrow Lodge,14,White: Irish,8,L14.1 and L14.2: Never worked and long-term unemployed,15
E05013976,Hylands & Harrow Lodge,14,White: Irish,9,L15: Full-time students,3
E05013976,Hylands & Harrow Lodge,15,White: Gypsy or Irish Traveller,-8,Does not apply,1
E05013976,Hylands & Harrow Lodge,15,White: Gypsy or Irish Traveller,1,"L1, L2 and L3: Higher managerial, administrative and professional occupations",0
E05013976,Hylands & Harrow Lodge,15,White: Gypsy or Irish Traveller,2,"L4, L5 and L6: Lower managerial, administrative and professional occupations",0
E05013976,Hylands & Harrow Lodge,15,White: Gypsy or Irish Traveller,3,L7: Intermediate occupations,0
E05013976,Hylands & Harrow Lodge,15,White: Gypsy or Irish Traveller,4,L8 and L9: Small employers and own account workers,2
E05013976,Hylands & Harrow Lodge,15,White: Gypsy or Irish Traveller,5,L10 and L11: Lower supervisory and technical occupations,1
E05013976,Hylands & Harrow Lodge,15,White: Gypsy or Irish Traveller,6,L12: Semi-routine occupations,1
E05013976,Hylands & Harrow Lodge,15,White: Gypsy or Irish Traveller,7,L13: Routine occupations,0
E05013976,Hylands & Harrow Lodge,15,White: Gypsy or Irish Traveller,8,L14.1 and L14.2: Never worked and long-term unemployed,5
E05013976,Hylands & Harrow Lodge,15,White: Gypsy or Irish Traveller,9,L15: Full-time students,1
E05013976,Hylands & Harrow Lodge,16,White: Roma,-8,Does not apply,2
E05013976,Hylands & Harrow Lodge,16,White: Roma,1,"L1, L2 and L3: Higher managerial, administrative and professional occupations",2
E05013976,Hylands & Harrow Lodge,16,White: Roma,2,"L4, L5 and L6: Lower managerial, administrative and professional occupations",1
E05013976,Hylands & Harrow Lodge,16,White: Roma,3,L7: Intermediate occupations,0
E05013976,Hylands & Harrow Lodge,16,White: Roma,4,L8 and L9: Small employers and own account workers,6
E05013976,Hylands & Harrow Lodge,16,White: Roma,5,L10 and L11: Lower supervisory and technical occupations,0
E05013976,Hylands & Harrow Lodge,16,White: Roma,6,L12: Semi-routine occupations,0
E05013976,Hylands & Harrow Lodge,16,White: Roma,7,L13: Routine occupations,1
E05013976,Hylands & Harrow Lodge,16,White: Roma,8,L14.1 and L14.2: Never worked and long-term unemployed,0
E05013976,Hylands & Harrow Lodge,16,White: Roma,9,L15: Full-time students,0
E05013976,Hylands & Harrow Lodge,17,White: Other White,-8,Does not apply,130
E05013976,Hylands & Harrow Lodge,17,White: Other White,1,"L1, L2 and L3: Higher managerial, administrative and professional occupations",58
E05013976,Hylands & Harrow Lodge,17,White: Other White,2,"L4, L5 and L6: Lower managerial, administrative and professional occupations",79
E05013976,Hylands & Harrow Lodge,17,White: Other White,3,L7: Intermediate occupations,61
E05013976,Hylands & Harrow Lodge,17,White: Other White,4,L8 and L9: Small employers and own account workers,150
E05013976,Hylands & Harrow Lodge,17,White: Other White,5,L10 and L11: Lower supervisory and technical occupations,28
E05013976,Hylands & Harrow Lodge,17,White: Other White,6,L12: Semi-routine occupations,49
E05013976,Hylands & Harrow Lodge,17,White: Other White,7,L13: Routine occupations,67
E05013976,Hylands & Harrow Lodge,17,White: Other White,8,L14.1 and L14.2: Never worked and long-term unemployed,47
E05013976,Hylands & Harrow Lodge,17,White: Other White,9,L15: Full-time students,66
E05013976,Hylands & Harrow Lodge,18,Other ethnic group: Arab,-8,Does not apply,17
E05013976,Hylands & Harrow Lodge,18,Other ethnic group: Arab,1,"L1, L2 and L3: Higher managerial, administrative and professional occupations",7
E05013976,Hylands & Harrow Lodge,18,Other ethnic group: Arab,2,"L4, L5 and L6: Lower managerial, administrative and professional occupations",3
E05013976,Hylands & Harrow Lodge,18,Other ethnic group: Arab,3,L7: Intermediate occupations,2
E05013976,Hylands & Harrow Lodge,18,Other ethnic group: Arab,4,L8 and L9: Small employers and own account workers,2
E05013976,Hylands & Harrow Lodge,18,Other ethnic group: Arab,5,L10 and L11: Lower supervisory and technical occupations,0
E05013976,Hylands & Harrow Lodge,18,Other ethnic group: Arab,6,L12: Semi-routine occupations,1
E05013976,Hylands & Harrow Lodge,18,Other ethnic group: Arab,7,L13: Routine occupations,2
E05013976,Hylands & Harrow Lodge,18,Other ethnic group: Arab,8,L14.1 and L14.2: Never worked and long-term unemployed,6
E05013976,Hylands & Harrow Lodge,18,Other ethnic group: Arab,9,L15: Full-time students,9
E05013976,Hylands & Harrow Lodge,19,Other ethnic group: Any other ethnic group,-8,Does not apply,38
E05013976,Hylands & Harrow Lodge,19,Other ethnic group: Any other ethnic group,1,"L1, L2 and L3: Higher managerial, administrative and professional occupations",24
E05013976,Hylands & Harrow Lodge,19,Other ethnic group: Any other ethnic group,2,"L4, L5 and L6: Lower managerial, administrative and professional occupations",39
E05013976,Hylands & Harrow Lodge,19,Other ethnic group: Any other ethnic group,3,L7: Intermediate occupations,23
E05013976,Hylands & Harrow Lodge,19,Other ethnic group: Any other ethnic group,4,L8 and L9: Small employers and own account workers,26
E05013976,Hylands & Harrow Lodge,19,Other ethnic group: Any other ethnic group,5,L10 and L11: Lower supervisory and technical occupations,8
E05013976,Hylands & Harrow Lodge,19,Other ethnic group: Any other ethnic group,6,L12: Semi-routine occupations,10
E05013976,Hylands & Harrow Lodge,19,Other ethnic group: Any other ethnic group,7,L13: Routine occupations,18
E05013976,Hylands & Harrow Lodge,19,Other ethnic group: Any other ethnic group,8,L14.1 and L14.2: Never worked and long-term unemployed,17
E05013976,Hylands & Harrow Lodge,19,Other ethnic group: Any other ethnic group,9,L15: Full-time students,7
E05013977,Marshalls & Rise Park,-8,Does not apply,-8,Does not apply,0
E05013977,Marshalls & Rise Park,-8,Does not apply,1,"L1, L2 and L3: Higher managerial, administrative and professional occupations",0
E05013977,Marshalls & Rise Park,-8,Does not apply,2,"L4, L5 and L6: Lower managerial, administrative and professional occupations",0
E05013977,Marshalls & Rise Park,-8,Does not apply,3,L7: Intermediate occupations,0
E05013977,Marshalls & Rise Park,-8,Does not apply,4,L8 and L9: Small employers and own account workers,0
E05013977,Marshalls & Rise Park,-8,Does not apply,5,L10 and L11: Lower supervisory and technical occupations,0
E05013977,Marshalls & Rise Park,-8,Does not apply,6,L12: Semi-routine occupations,0
E05013977,Marshalls & Rise Park,-8,Does not apply,7,L13: Routine occupations,0
E05013977,Marshalls & Rise Park,-8,Does not apply,8,L14.1 and L14.2: Never worked and long-term unemployed,0
E05013977,Marshalls & Rise Park,-8,Does not apply,9,L15: Full-time students,0
E05013977,Marshalls & Rise Park,1,"Asian, Asian British or Asian Welsh: Bangladeshi",-8,Does not apply,44
E05013977,Marshalls & Rise Park,1,"Asian, Asian British or Asian Welsh: Bangladeshi",1,"L1, L2 and L3: Higher managerial, administrative and professional occupations",28
E05013977,Marshalls & Rise Park,1,"Asian, Asian British or Asian Welsh: Bangladeshi",2,"L4, L5 and L6: Lower managerial, administrative and professional occupations",34
E05013977,Marshalls & Rise Park,1,"Asian, Asian British or Asian Welsh: Bangladeshi",3,L7: Intermediate occupations,11
E05013977,Marshalls & Rise Park,1,"Asian, Asian British or Asian Welsh: Bangladeshi",4,L8 and L9: Small employers and own account workers,10
E05013977,Marshalls & Rise Park,1,"Asian, Asian British or Asian Welsh: Bangladeshi",5,L10 and L11: Lower supervisory and technical occupations,3
E05013977,Marshalls & Rise Park,1,"Asian, Asian British or Asian Welsh: Bangladeshi",6,L12: Semi-routine occupations,12
E05013977,Marshalls & Rise Park,1,"Asian, Asian British or Asian Welsh: Bangladeshi",7,L13: Routine occupations,8
E05013977,Marshalls & Rise Park,1,"Asian, Asian British or Asian Welsh: Bangladeshi",8,L14.1 and L14.2: Never worked and long-term unemployed,20
E05013977,Marshalls & Rise Park,1,"Asian, Asian British or Asian Welsh: Bangladeshi",9,L15: Full-time students,16
E05013977,Marshalls & Rise Park,2,"Asian, Asian British or Asian Welsh: Chinese",-8,Does not apply,22
E05013977,Marshalls & Rise Park,2,"Asian, Asian British or Asian Welsh: Chinese",1,"L1, L2 and L3: Higher managerial, administrative and professional occupations",12
E05013977,Marshalls & Rise Park,2,"Asian, Asian British or Asian Welsh: Chinese",2,"L4, L5 and L6: Lower managerial, administrative and professional occupations",23
E05013977,Marshalls & Rise Park,2,"Asian, Asian British or Asian Welsh: Chinese",3,L7: Intermediate occupations,9
E05013977,Marshalls & Rise Park,2,"Asian, Asian British or Asian Welsh: Chinese",4,L8 and L9: Small employers and own account workers,7
E05013977,Marshalls & Rise Park,2,"Asian, Asian British or Asian Welsh: Chinese",5,L10 and L11: Lower supervisory and technical occupations,8
E05013977,Marshalls & Rise Park,2,"Asian, Asian British or Asian Welsh: Chinese",6,L12: Semi-routine occupations,8
E05013977,Marshalls & Rise Park,2,"Asian, Asian British or Asian Welsh: Chinese",7,L13: Routine occupations,10
E05013977,Marshalls & Rise Park,2,"Asian, Asian British or Asian Welsh: Chinese",8,L14.1 and L14.2: Never worked and long-term unemployed,7
E05013977,Marshalls & Rise Park,2,"Asian, Asian British or Asian Welsh: Chinese",9,L15: Full-time students,5
E05013977,Marshalls & Rise Park,3,"Asian, Asian British or Asian Welsh: Indian",-8,Does not apply,193
E05013977,Marshalls & Rise Park,3,"Asian, Asian British or Asian Welsh: Indian",1,"L1, L2 and L3: Higher managerial, administrative and professional occupations",156
E05013977,Marshalls & Rise Park,3,"Asian, Asian British or Asian Welsh: Indian",2,"L4, L5 and L6: Lower managerial, administrative and professional occupations",144
E05013977,Marshalls & Rise Park,3,"Asian, Asian British or Asian Welsh: Indian",3,L7: Intermediate occupations,54
E05013977,Marshalls & Rise Park,3,"Asian, Asian British or Asian Welsh: Indian",4,L8 and L9: Small employers and own account workers,84
E05013977,Marshalls & Rise Park,3,"Asian, Asian British or Asian Welsh: Indian",5,L10 and L11: Lower supervisory and technical occupations,16
E05013977,Marshalls & Rise Park,3,"Asian, Asian British or Asian Welsh: Indian",6,L12: Semi-routine occupations,37
E05013977,Marshalls & Rise Park,3,"Asian, Asian British or Asian Welsh: Indian",7,L13: Routine occupations,27
E05013977,Marshalls & Rise Park,3,"Asian, Asian British or Asian Welsh: Indian",8,L14.1 and L14.2: Never worked and long-term unemployed,48
E05013977,Marshalls & Rise Park,3,"Asian, Asian British or Asian Welsh: Indian",9,L15: Full-time students,42
E05013977,Marshalls & Rise Park,4,"Asian, Asian British or Asian Welsh: Pakistani",-8,Does not apply,125
E05013977,Marshalls & Rise Park,4,"Asian, Asian British or Asian Welsh: Pakistani",1,"L1, L2 and L3: Higher managerial, administrative and professional occupations",56
E05013977,Marshalls & Rise Park,4,"Asian, Asian British or Asian Welsh: Pakistani",2,"L4, L5 and L6: Lower managerial, administrative and professional occupations",49
E05013977,Marshalls & Rise Park,4,"Asian, Asian British or Asian Welsh: Pakistani",3,L7: Intermediate occupations,21
E05013977,Marshalls & Rise Park,4,"Asian, Asian British or Asian Welsh: Pakistani",4,L8 and L9: Small employers and own account workers,44
E05013977,Marshalls & Rise Park,4,"Asian, Asian British or Asian Welsh: Pakistani",5,L10 and L11: Lower supervisory and technical occupations,5
E05013977,Marshalls & Rise Park,4,"Asian, Asian British or Asian Welsh: Pakistani",6,L12: Semi-routine occupations,21
E05013977,Marshalls & Rise Park,4,"Asian, Asian British or Asian Welsh: Pakistani",7,L13: Routine occupations,5
E05013977,Marshalls & Rise Park,4,"Asian, Asian British or Asian Welsh: Pakistani",8,L14.1 and L14.2: Never worked and long-term unemployed,49
E05013977,Marshalls & Rise Park,4,"Asian, Asian British or Asian Welsh: Pakistani",9,L15: Full-time students,45
E05013977,Marshalls & Rise Park,5,"Asian, Asian British or Asian Welsh: Other Asian",-8,Does not apply,44
E05013977,Marshalls & Rise Park,5,"Asian, Asian British or Asian Welsh: Other Asian",1,"L1, L2 and L3: Higher managerial, administrative and professional occupations",30
E05013977,Marshalls & Rise Park,5,"Asian, Asian British or Asian Welsh: Other Asian",2,"L4, L5 and L6: Lower managerial, administrative and professional occupations",46
E05013977,Marshalls & Rise Park,5,"Asian, Asian British or Asian Welsh: Other Asian",3,L7: Intermediate occupations,30
E05013977,Marshalls & Rise Park,5,"Asian, Asian British or Asian Welsh: Other Asian",4,L8 and L9: Small employers and own account workers,20
E05013977,Marshalls & Rise Park,5,"Asian, Asian British or Asian Welsh: Other Asian",5,L10 and L11: Lower supervisory and technical occupations,11
E05013977,Marshalls & Rise Park,5,"Asian, Asian British or Asian Welsh: Other Asian",6,L12: Semi-routine occupations,16
E05013977,Marshalls & Rise Park,5,"Asian, Asian British or Asian Welsh: Other Asian",7,L13: Routine occupations,13
E05013977,Marshalls & Rise Park,5,"Asian, Asian British or Asian Welsh: Other Asian",8,L14.1 and L14.2: Never worked and long-term unemployed,14
E05013977,Marshalls & Rise Park,5,"Asian, Asian British or Asian Welsh: Other Asian",9,L15: Full-time students,18
E05013977,Marshalls & Rise Park,6,"Black, Black British, Black Welsh, Caribbean or African: African",-8,Does not apply,74
E05013977,Marshalls & Rise Park,6,"Black, Black British, Black Welsh, Caribbean or African: African",1,"L1, L2 and L3: Higher managerial, administrative and professional occupations",39
E05013977,Marshalls & Rise Park,6,"Black, Black British, Black Welsh, Caribbean or African: African",2,"L4, L5 and L6: Lower managerial, administrative and professional occupations",83
E05013977,Marshalls & Rise Park,6,"Black, Black British, Black Welsh, Caribbean or African: African",3,L7: Intermediate occupations,23
E05013977,Marshalls & Rise Park,6,"Black, Black British, Black Welsh, Caribbean or African: African",4,L8 and L9: Small employers and own account workers,27
E05013977,Marshalls & Rise Park,6,"Black, Black British, Black Welsh, Caribbean or African: African",5,L10 and L11: Lower supervisory and technical occupations,5
E05013977,Marshalls & Rise Park,6,"Black, Black British, Black Welsh, Caribbean or African: African",6,L12: Semi-routine occupations,19
E05013977,Marshalls & Rise Park,6,"Black, Black British, Black Welsh, Caribbean or African: African",7,L13: Routine occupations,26
E05013977,Marshalls & Rise Park,6,"Black, Black British, Black Welsh, Caribbean or African: African",8,L14.1 and L14.2: Never worked and long-term unemployed,17
E05013977,Marshalls & Rise Park,6,"Black, Black British, Black Welsh, Caribbean or African: African",9,L15: Full-time students,34
E05013977,Marshalls & Rise Park,7,"Black, Black British, Black Welsh, Caribbean or African: Caribbean",-8,Does not apply,17
E05013977,Marshalls & Rise Park,7,"Black, Black British, Black Welsh, Caribbean or African: Caribbean",1,"L1, L2 and L3: Higher managerial, administrative and professional occupations",20
E05013977,Marshalls & Rise Park,7,"Black, Black British, Black Welsh, Caribbean or African: Caribbean",2,"L4, L5 and L6: Lower managerial, administrative and professional occupations",39
E05013977,Marshalls & Rise Park,7,"Black, Black British, Black Welsh, Caribbean or African: Caribbean",3,L7: Intermediate occupations,31
E05013977,Marshalls & Rise Park,7,"Black, Black British, Black Welsh, Caribbean or African: Caribbean",4,L8 and L9: Small employers and own account workers,26
E05013977,Marshalls & Rise Park,7,"Black, Black British, Black Welsh, Caribbean or African: Caribbean",5,L10 and L11: Lower supervisory and technical occupations,11
E05013977,Marshalls & Rise Park,7,"Black, Black British, Black Welsh, Caribbean or African: Caribbean",6,L12: Semi-routine occupations,10
E05013977,Marshalls & Rise Park,7,"Black, Black British, Black Welsh, Caribbean or African: Caribbean",7,L13: Routine occupations,13
E05013977,Marshalls & Rise Park,7,"Black, Black British, Black Welsh, Caribbean or African: Caribbean",8,L14.1 and L14.2: Never worked and long-term unemployed,14
E05013977,Marshalls & Rise Park,7,"Black, Black British, Black Welsh, Caribbean or African: Caribbean",9,L15: Full-time students,11
E05013977,Marshalls & Rise Park,8,"Black, Black British, Black Welsh, Caribbean or African: Other Black",-8,Does not apply,29
E05013977,Marshalls & Rise Park,8,"Black, Black British, Black Welsh, Caribbean or African: Other Black",1,"L1, L2 and L3: Higher managerial, administrative and professional occupations",7
E05013977,Marshalls & Rise Park,8,"Black, Black British, Black Welsh, Caribbean or African: Other Black",2,"L4, L5 and L6: Lower managerial, administrative and professional occupations",7
E05013977,Marshalls & Rise Park,8,"Black, Black British, Black Welsh, Caribbean or African: Other Black",3,L7: Intermediate occupations,5
E05013977,Marshalls & Rise Park,8,"Black, Black British, Black Welsh, Caribbean or African: Other Black",4,L8 and L9: Small employers and own account workers,7
E05013977,Marshalls & Rise Park,8,"Black, Black British, Black Welsh, Caribbean or African: Other Black",5,L10 and L11: Lower supervisory and technical occupations,0
E05013977,Marshalls & Rise Park,8,"Black, Black British, Black Welsh, Caribbean or African: Other Black",6,L12: Semi-routine occupations,3
E05013977,Marshalls & Rise Park,8,"Black, Black British, Black Welsh, Caribbean or African: Other Black",7,L13: Routine occupations,3
E05013977,Marshalls & Rise Park,8,"Black, Black British, Black Welsh, Caribbean or African: Other Black",8,L14.1 and L14.2: Never worked and long-term unemployed,7
E05013977,Marshalls & Rise Park,8,"Black, Black British, Black Welsh, Caribbean or African: Other Black",9,L15: Full-time students,8
E05013977,Marshalls & Rise Park,9,Mixed or Multiple ethnic groups: White and Asian,-8,Does not apply,58
E05013977,Marshalls & Rise Park,9,Mixed or Multiple ethnic groups: White and Asian,1,"L1, L2 and L3: Higher managerial, administrative and professional occupations",14
E05013977,Marshalls & Rise Park,9,Mixed or Multiple ethnic groups: White and Asian,2,"L4, L5 and L6: Lower managerial, administrative and professional occupations",17
E05013977,Marshalls & Rise Park,9,Mixed or Multiple ethnic groups: White and Asian,3,L7: Intermediate occupations,3
E05013977,Marshalls & Rise Park,9,Mixed or Multiple ethnic groups: White and Asian,4,L8 and L9: Small employers and own account workers,1
E05013977,Marshalls & Rise Park,9,Mixed or Multiple ethnic groups: White and Asian,5,L10 and L11: Lower supervisory and technical occupations,2
E05013977,Marshalls & Rise Park,9,Mixed or Multiple ethnic groups: White and Asian,6,L12: Semi-routine occupations,4
E05013977,Marshalls & Rise Park,9,Mixed or Multiple ethnic groups: White and Asian,7,L13: Routine occupations,3
E05013977,Marshalls & Rise Park,9,Mixed or Multiple ethnic groups: White and Asian,8,L14.1 and L14.2: Never worked and long-term unemployed,7
E05013977,Marshalls & Rise Park,9,Mixed or Multiple ethnic groups: White and Asian,9,L15: Full-time students,12
E05013977,Marshalls & Rise Park,10,Mixed or Multiple ethnic groups: White and Black African,-8,Does not apply,24
E05013977,Marshalls & Rise Park,10,Mixed or Multiple ethnic groups: White and Black African,1,"L1, L2 and L3: Higher managerial, administrative and professional occupations",7
E05013977,Marshalls & Rise Park,10,Mixed or Multiple ethnic groups: White and Black African,2,"L4, L5 and L6: Lower managerial, administrative and professional occupations",3
E05013977,Marshalls & Rise Park,10,Mixed or Multiple ethnic groups: White and Black African,3,L7: Intermediate occupations,1
E05013977,Marshalls & Rise Park,10,Mixed or Multiple ethnic groups: White and Black African,4,L8 and L9: Small employers and own account workers,2
E05013977,Marshalls & Rise Park,10,Mixed or Multiple ethnic groups: White and Black African,5,L10 and L11: Lower supervisory and technical occupations,1
E05013977,Marshalls & Rise Park,10,Mixed or Multiple ethnic groups: White and Black African,6,L12: Semi-routine occupations,4
E05013977,Marshalls & Rise Park,10,Mixed or Multiple ethnic groups: White and Black African,7,L13: Routine occupations,4
E05013977,Marshalls & Rise Park,10,Mixed or Multiple ethnic groups: White and Black African,8,L14.1 and L14.2: Never worked and long-term unemployed,0
E05013977,Marshalls & Rise Park,10,Mixed or Multiple ethnic groups: White and Black African,9,L15: Full-time students,2
E05013977,Marshalls & Rise Park,11,Mixed or Multiple ethnic groups: White and Black Caribbean,-8,Does not apply,58
E05013977,Marshalls & Rise Park,11,Mixed or Multiple ethnic groups: White and Black Caribbean,1,"L1, L2 and L3: Higher managerial, administrative and professional occupations",5
E05013977,Marshalls & Rise Park,11,Mixed or Multiple ethnic groups: White and Black Caribbean,2,"L4, L5 and L6: Lower managerial, administrative and professional occupations",20
E05013977,Marshalls & Rise Park,11,Mixed or Multiple ethnic groups: White and Black Caribbean,3,L7: Intermediate occupations,10
E05013977,Marshalls & Rise Park,11,Mixed or Multiple ethnic groups: White and Black Caribbean,4,L8 and L9: Small employers and own account workers,12
E05013977,Marshalls & Rise Park,11,Mixed or Multiple ethnic groups: White and Black Caribbean,5,L10 and L11: Lower supervisory and technical occupations,3
E05013977,Marshalls & Rise Park,11,Mixed or Multiple ethnic groups: White and Black Caribbean,6,L12: Semi-routine occupations,4
E05013977,Marshalls & Rise Park,11,Mixed or Multiple ethnic groups: White and Black Caribbean,7,L13: Routine occupations,3
E05013977,Marshalls & Rise Park,11,Mixed or Multiple ethnic groups: White and Black Caribbean,8,L14.1 and L14.2: Never worked and long-term unemployed,3
E05013977,Marshalls & Rise Park,11,Mixed or Multiple ethnic groups: White and Black Caribbean,9,L15: Full-time students,11
E05013977,Marshalls & Rise Park,12,Mixed or Multiple ethnic groups: Other Mixed or Multiple ethnic groups,-8,Does not apply,53
E05013977,Marshalls & Rise Park,12,Mixed or Multiple ethnic groups: Other Mixed or Multiple ethnic groups,1,"L1, L2 and L3: Higher managerial, administrative and professional occupations",9
E05013977,Marshalls & Rise Park,12,Mixed or Multiple ethnic groups: Other Mixed or Multiple ethnic groups,2,"L4, L5 and L6: Lower managerial, administrative and professional occupations",16
E05013977,Marshalls & Rise Park,12,Mixed or Multiple ethnic groups: Other Mixed or Multiple ethnic groups,3,L7: Intermediate occupations,8
E05013977,Marshalls & Rise Park,12,Mixed or Multiple ethnic groups: Other Mixed or Multiple ethnic groups,4,L8 and L9: Small employers and own account workers,4
E05013977,Marshalls & Rise Park,12,Mixed or Multiple ethnic groups: Other Mixed or Multiple ethnic groups,5,L10 and L11: Lower supervisory and technical occupations,4
E05013977,Marshalls & Rise Park,12,Mixed or Multiple ethnic groups: Other Mixed or Multiple ethnic groups,6,L12: Semi-routine occupations,9
E05013977,Marshalls & Rise Park,12,Mixed or Multiple ethnic groups: Other Mixed or Multiple ethnic groups,7,L13: Routine occupations,5
E05013977,Marshalls & Rise Park,12,Mixed or Multiple ethnic groups: Other Mixed or Multiple ethnic groups,8,L14.1 and L14.2: Never worked and long-term unemployed,4
E05013977,Marshalls & Rise Park,12,Mixed or Multiple ethnic groups: Other Mixed or Multiple ethnic groups,9,L15: Full-time students,8
E05013977,Marshalls & Rise Park,13,"White: English, Welsh, Scottish, Northern Irish or British",-8,Does not apply,1286
E05013977,Marshalls & Rise Park,13,"White: English, Welsh, Scottish, Northern Irish or British",1,"L1, L2 and L3: Higher managerial, administrative and professional occupations",1046
E05013977,Marshalls & Rise Park,13,"White: English, Welsh, Scottish, Northern Irish or British",2,"L4, L5 and L6: Lower managerial, administrative and professional occupations",1612
E05013977,Marshalls & Rise Park,13,"White: English, Welsh, Scottish, Northern Irish or British",3,L7: Intermediate occupations,1393
E05013977,Marshalls & Rise Park,13,"White: English, Welsh, Scottish, Northern Irish or British",4,L8 and L9: Small employers and own account workers,1026
E05013977,Marshalls & Rise Park,13,"White: English, Welsh, Scottish, Northern Irish or British",5,L10 and L11: Lower supervisory and technical occupations,391
E05013977,Marshalls & Rise Park,13,"White: English, Welsh, Scottish, Northern Irish or British",6,L12: Semi-routine occupations,766
E05013977,Marshalls & Rise Park,13,"White: English, Welsh, Scottish, Northern Irish or British",7,L13: Routine occupations,573
E05013977,Marshalls & Rise Park,13,"White: English, Welsh, Scottish, Northern Irish or British",8,L14.1 and L14.2: Never worked and long-term unemployed,505
E05013977,Marshalls & Rise Park,13,"White: English, Welsh, Scottish, Northern Irish or British",9,L15: Full-time students,332
E05013977,Marshalls & Rise Park,14,White: Irish,-8,Does not apply,6
E05013977,Marshalls & Rise Park,14,White: Irish,1,"L1, L2 and L3: Higher managerial, administrative and professional occupations",29
E05013977,Marshalls & Rise Park,14,White: Irish,2,"L4, L5 and L6: Lower managerial, administrative and professional occupations",48
E05013977,Marshalls & Rise Park,14,White: Irish,3,L7: Intermediate occupations,21
E05013977,Marshalls & Rise Park,14,White: Irish,4,L8 and L9: Small employers and own account workers,32
E05013977,Marshalls & Rise Park,14,White: Irish,5,L10 and L11: Lower supervisory and technical occupations,7
E05013977,Marshalls & Rise Park,14,White: Irish,6,L12: Semi-routine occupations,14
E05013977,Marshalls & Rise Park,14,White: Irish,7,L13: Routine occupations,15
E05013977,Marshalls & Rise Park,14,White: Irish,8,L14.1 and L14.2: Never worked and long-term unemployed,16
E05013977,Marshalls & Rise Park,14,White: Irish,9,L15: Full-time students,2
E05013977,Marshalls & Rise Park,15,White: Gypsy or Irish Traveller,-8,Does not apply,0
E05013977,Marshalls & Rise Park,15,White: Gypsy or Irish Traveller,1,"L1, L2 and L3: Higher managerial, administrative and professional occupations",0
E05013977,Marshalls & Rise Park,15,White: Gypsy or Irish Traveller,2,"L4, L5 and L6: Lower managerial, administrative and professional occupations",0
E05013977,Marshalls & Rise Park,15,White: Gypsy or Irish Traveller,3,L7: Intermediate occupations,0
E05013977,Marshalls & Rise Park,15,White: Gypsy or Irish Traveller,4,L8 and L9: Small employers and own account workers,0
E05013977,Marshalls & Rise Park,15,White: Gypsy or Irish Traveller,5,L10 and L11: Lower supervisory and technical occupations,0
E05013977,Marshalls & Rise Park,15,White: Gypsy or Irish Traveller,6,L12: Semi-routine occupations,0
E05013977,Marshalls & Rise Park,15,White: Gypsy or Irish Traveller,7,L13: Routine occupations,0
E05013977,Marshalls & Rise Park,15,White: Gypsy or Irish Traveller,8,L14.1 and L14.2: Never worked and long-term unemployed,4
E05013977,Marshalls & Rise Park,15,White: Gypsy or Irish Traveller,9,L15: Full-time students,0
E05013977,Marshalls & Rise Park,16,White: Roma,-8,Does not apply,3
E05013977,Marshalls & Rise Park,16,White: Roma,1,"L1, L2 and L3: Higher managerial, administrative and professional occupations",0
E05013977,Marshalls & Rise Park,16,White: Roma,2,"L4, L5 and L6: Lower managerial, administrative and professional occupations",1
E05013977,Marshalls & Rise Park,16,White: Roma,3,L7: Intermediate occupations,0
E05013977,Marshalls & Rise Park,16,White: Roma,4,L8 and L9: Small employers and own account workers,5
E05013977,Marshalls & Rise Park,16,White: Roma,5,L10 and L11: Lower supervisory and technical occupations,0
E05013977,Marshalls & Rise Park,16,White: Roma,6,L12: Semi-routine occupations,0
E05013977,Marshalls & Rise Park,16,White: Roma,7,L13: Routine occupations,5
E05013977,Marshalls & Rise Park,16,White: Roma,8,L14.1 and L14.2: Never worked and long-term unemployed,1
E05013977,Marshalls & Rise Park,16,White: Roma,9,L15: Full-time students,0
E05013977,Marshalls & Rise Park,17,White: Other White,-8,Does not apply,117
E05013977,Marshalls & Rise Park,17,White: Other White,1,"L1, L2 and L3: Higher managerial, administrative and professional occupations",60
E05013977,Marshalls & Rise Park,17,White: Other White,2,"L4, L5 and L6: Lower managerial, administrative and professional occupations",99
E05013977,Marshalls & Rise Park,17,White: Other White,3,L7: Intermediate occupations,43
E05013977,Marshalls & Rise Park,17,White: Other White,4,L8 and L9: Small employers and own account workers,171
E05013977,Marshalls & Rise Park,17,White: Other White,5,L10 and L11: Lower supervisory and technical occupations,23
E05013977,Marshalls & Rise Park,17,White: Other White,6,L12: Semi-routine occupations,57
E05013977,Marshalls & Rise Park,17,White: Other White,7,L13: Routine occupations,79
E05013977,Marshalls & Rise Park,17,White: Other White,8,L14.1 and L14.2: Never worked and long-term unemployed,36
E05013977,Marshalls & Rise Park,17,White: Other White,9,L15: Full-time students,39
E05013977,Marshalls & Rise Park,18,Other ethnic group: Arab,-8,Does not apply,17
E05013977,Marshalls & Rise Park,18,Other ethnic group: Arab,1,"L1, L2 and L3: Higher managerial, administrative and professional occupations",6
E05013977,Marshalls & Rise Park,18,Other ethnic group: Arab,2,"L4, L5 and L6: Lower managerial, administrative and professional occupations",6
E05013977,Marshalls & Rise Park,18,Other ethnic group: Arab,3,L7: Intermediate occupations,4
E05013977,Marshalls & Rise Park,18,Other ethnic group: Arab,4,L8 and L9: Small employers and own account workers,4
E05013977,Marshalls & Rise Park,18,Other ethnic group: Arab,5,L10 and L11: Lower supervisory and technical occupations,1
E05013977,Marshalls & Rise Park,18,Other ethnic group: Arab,6,L12: Semi-routine occupations,0
E05013977,Marshalls & Rise Park,18,Other ethnic group: Arab,7,L13: Routine occupations,0
E05013977,Marshalls & Rise Park,18,Other ethnic group: Arab,8,L14.1 and L14.2: Never worked and long-term unemployed,4
E05013977,Marshalls & Rise Park,18,Other ethnic group: Arab,9,L15: Full-time students,2
E05013977,Marshalls & Rise Park,19,Other ethnic group: Any other ethnic group,-8,Does not apply,50
E05013977,Marshalls & Rise Park,19,Other ethnic group: Any other ethnic group,1,"L1, L2 and L3: Higher managerial, administrative and professional occupations",34
E05013977,Marshalls & Rise Park,19,Other ethnic group: Any other ethnic group,2,"L4, L5 and L6: Lower managerial, administrative and professional occupations",38
E05013977,Marshalls & Rise Park,19,Other ethnic group: Any other ethnic group,3,L7: Intermediate occupations,28
E05013977,Marshalls & Rise Park,19,Other ethnic group: Any other ethnic group,4,L8 and L9: Small employers and own account workers,28
E05013977,Marshalls & Rise Park,19,Other ethnic group: Any other ethnic group,5,L10 and L11: Lower supervisory and technical occupations,15
E05013977,Marshalls & Rise Park,19,Other ethnic group: Any other ethnic group,6,L12: Semi-routine occupations,12
E05013977,Marshalls & Rise Park,19,Other ethnic group: Any other ethnic group,7,L13: Routine occupations,19
E05013977,Marshalls & Rise Park,19,Other ethnic group: Any other ethnic group,8,L14.1 and L14.2: Never worked and long-term unemployed,17
E05013977,Marshalls & Rise Park,19,Other ethnic group: Any other ethnic group,9,L15: Full-time students,20
E05013978,Mawneys,-8,Does not apply,-8,Does not apply,0
E05013978,Mawneys,-8,Does not apply,1,"L1, L2 and L3: Higher managerial, administrative and professional occupations",0
E05013978,Mawneys,-8,Does not apply,2,"L4, L5 and L6: Lower managerial, administrative and professional occupations",0
E05013978,Mawneys,-8,Does not apply,3,L7: Intermediate occupations,0
E05013978,Mawneys,-8,Does not apply,4,L8 and L9: Small employers and own account workers,0
E05013978,Mawneys,-8,Does not apply,5,L10 and L11: Lower supervisory and technical occupations,0
E05013978,Mawneys,-8,Does not apply,6,L12: Semi-routine occupations,0
E05013978,Mawneys,-8,Does not apply,7,L13: Routine occupations,0
E05013978,Mawneys,-8,Does not apply,8,L14.1 and L14.2: Never worked and long-term unemployed,0
E05013978,Mawneys,-8,Does not apply,9,L15: Full-time students,0
E05013978,Mawneys,1,"Asian, Asian British or Asian Welsh: Bangladeshi",-8,Does not apply,92
E05013978,Mawneys,1,"Asian, Asian British or Asian Welsh: Bangladeshi",1,"L1, L2 and L3: Higher managerial, administrative and professional occupations",27
E05013978,Mawneys,1,"Asian, Asian British or Asian Welsh: Bangladeshi",2,"L4, L5 and L6: Lower managerial, administrative and professional occupations",45
E05013978,Mawneys,1,"Asian, Asian British or Asian Welsh: Bangladeshi",3,L7: Intermediate occupations,29
E05013978,Mawneys,1,"Asian, Asian British or Asian Welsh: Bangladeshi",4,L8 and L9: Small employers and own account workers,17
E05013978,Mawneys,1,"Asian, Asian British or Asian Welsh: Bangladeshi",5,L10 and L11: Lower supervisory and technical occupations,11
E05013978,Mawneys,1,"Asian, Asian British or Asian Welsh: Bangladeshi",6,L12: Semi-routine occupations,19
E05013978,Mawneys,1,"Asian, Asian British or Asian Welsh: Bangladeshi",7,L13: Routine occupations,4
E05013978,Mawneys,1,"Asian, Asian British or Asian Welsh: Bangladeshi",8,L14.1 and L14.2: Never worked and long-term unemployed,15
E05013978,Mawneys,1,"Asian, Asian British or Asian Welsh: Bangladeshi",9,L15: Full-time students,30
E05013978,Mawneys,2,"Asian, Asian British or Asian Welsh: Chinese",-8,Does not apply,13
E05013978,Mawneys,2,"Asian, Asian British or Asian Welsh: Chinese",1,"L1, L2 and L3: Higher managerial, administrative and professional occupations",9
E05013978,Mawneys,2,"Asian, Asian British or Asian Welsh: Chinese",2,"L4, L5 and L6: Lower managerial, administrative and professional occupations",14
E05013978,Mawneys,2,"Asian, Asian British or Asian Welsh: Chinese",3,L7: Intermediate occupations,8
E05013978,Mawneys,2,"Asian, Asian British or Asian Welsh: Chinese",4,L8 and L9: Small employers and own account workers,15
E05013978,Mawneys,2,"Asian, Asian British or Asian Welsh: Chinese",5,L10 and L11: Lower supervisory and technical occupations,3
E05013978,Mawneys,2,"Asian, Asian British or Asian Welsh: Chinese",6,L12: Semi-routine occupations,11
E05013978,Mawneys,2,"Asian, Asian British or Asian Welsh: Chinese",7,L13: Routine occupations,6
E05013978,Mawneys,2,"Asian, Asian British or Asian Welsh: Chinese",8,L14.1 and L14.2: Never worked and long-term unemployed,8
E05013978,Mawneys,2,"Asian, Asian British or Asian Welsh: Chinese",9,L15: Full-time students,3
E05013978,Mawneys,3,"Asian, Asian British or Asian Welsh: Indian",-8,Does not apply,131
E05013978,Mawneys,3,"Asian, Asian British or Asian Welsh: Indian",1,"L1, L2 and L3: Higher managerial, administrative and professional occupations",83
E05013978,Mawneys,3,"Asian, Asian British or Asian Welsh: Indian",2,"L4, L5 and L6: Lower managerial, administrative and professional occupations",118
E05013978,Mawneys,3,"Asian, Asian British or Asian Welsh: Indian",3,L7: Intermediate occupations,48
E05013978,Mawneys,3,"Asian, Asian British or Asian Welsh: Indian",4,L8 and L9: Small employers and own account workers,42
E05013978,Mawneys,3,"Asian, Asian British or Asian Welsh: Indian",5,L10 and L11: Lower supervisory and technical occupations,19
E05013978,Mawneys,3,"Asian, Asian British or Asian Welsh: Indian",6,L12: Semi-routine occupations,42
E05013978,Mawneys,3,"Asian, Asian British or Asian Welsh: Indian",7,L13: Routine occupations,32
E05013978,Mawneys,3,"Asian, Asian British or Asian Welsh: Indian",8,L14.1 and L14.2: Never worked and long-term unemployed,30
E05013978,Mawneys,3,"Asian, Asian British or Asian Welsh: Indian",9,L15: Full-time students,37
E05013978,Mawneys,4,"Asian, Asian British or Asian Welsh: Pakistani",-8,Does not apply,173
E05013978,Mawneys,4,"Asian, Asian British or Asian Welsh: Pakistani",1,"L1, L2 and L3: Higher managerial, administrative and professional occupations",62
E05013978,Mawneys,4,"Asian, Asian British or Asian Welsh: Pakistani",2,"L4, L5 and L6: Lower managerial, administrative and professional occupations",76
E05013978,Mawneys,4,"Asian, Asian British or Asian Welsh: Pakistani",3,L7: Intermediate occupations,43
E05013978,Mawneys,4,"Asian, Asian British or Asian Welsh: Pakistani",4,L8 and L9: Small employers and own account workers,45
E05013978,Mawneys,4,"Asian, Asian British or Asian Welsh: Pakistani",5,L10 and L11: Lower supervisory and technical occupations,10
E05013978,Mawneys,4,"Asian, Asian British or Asian Welsh: Pakistani",6,L12: Semi-routine occupations,23
E05013978,Mawneys,4,"Asian, Asian British or Asian Welsh: Pakistani",7,L13: Routine occupations,17
E05013978,Mawneys,4,"Asian, Asian British or Asian Welsh: Pakistani",8,L14.1 and L14.2: Never worked and long-term unemployed,47
E05013978,Mawneys,4,"Asian, Asian British or Asian Welsh: Pakistani",9,L15: Full-time students,41
E05013978,Mawneys,5,"Asian, Asian British or Asian Welsh: Other Asian",-8,Does not apply,56
E05013978,Mawneys,5,"Asian, Asian British or Asian Welsh: Other Asian",1,"L1, L2 and L3: Higher managerial, administrative and professional occupations",18
E05013978,Mawneys,5,"Asian, Asian British or Asian Welsh: Other Asian",2,"L4, L5 and L6: Lower managerial, administrative and professional occupations",24
E05013978,Mawneys,5,"Asian, Asian British or Asian Welsh: Other Asian",3,L7: Intermediate occupations,25
E05013978,Mawneys,5,"Asian, Asian British or Asian Welsh: Other Asian",4,L8 and L9: Small employers and own account workers,23
E05013978,Mawneys,5,"Asian, Asian British or Asian Welsh: Other Asian",5,L10 and L11: Lower supervisory and technical occupations,3
E05013978,Mawneys,5,"Asian, Asian British or Asian Welsh: Other Asian",6,L12: Semi-routine occupations,24
E05013978,Mawneys,5,"Asian, Asian British or Asian Welsh: Other Asian",7,L13: Routine occupations,23
E05013978,Mawneys,5,"Asian, Asian British or Asian Welsh: Other Asian",8,L14.1 and L14.2: Never worked and long-term unemployed,22
E05013978,Mawneys,5,"Asian, Asian British or Asian Welsh: Other Asian",9,L15: Full-time students,25
E05013978,Mawneys,6,"Black, Black British, Black Welsh, Caribbean or African: African",-8,Does not apply,137
E05013978,Mawneys,6,"Black, Black British, Black Welsh, Caribbean or African: African",1,"L1, L2 and L3: Higher managerial, administrative and professional occupations",57
E05013978,Mawneys,6,"Black, Black British, Black Welsh, Caribbean or African: African",2,"L4, L5 and L6: Lower managerial, administrative and professional occupations",118
E05013978,Mawneys,6,"Black, Black British, Black Welsh, Caribbean or African: African",3,L7: Intermediate occupations,36
E05013978,Mawneys,6,"Black, Black British, Black Welsh, Caribbean or African: African",4,L8 and L9: Small employers and own account workers,28
E05013978,Mawneys,6,"Black, Black British, Black Welsh, Caribbean or African: African",5,L10 and L11: Lower supervisory and technical occupations,10
E05013978,Mawneys,6,"Black, Black British, Black Welsh, Caribbean or African: African",6,L12: Semi-routine occupations,50
E05013978,Mawneys,6,"Black, Black British, Black Welsh, Caribbean or African: African",7,L13: Routine occupations,22
E05013978,Mawneys,6,"Black, Black British, Black Welsh, Caribbean or African: African",8,L14.1 and L14.2: Never worked and long-term unemployed,35
E05013978,Mawneys,6,"Black, Black British, Black Welsh, Caribbean or African: African",9,L15: Full-time students,71
E05013978,Mawneys,7,"Black, Black British, Black Welsh, Caribbean or African: Caribbean",-8,Does not apply,57
E05013978,Mawneys,7,"Black, Black British, Black Welsh, Caribbean or African: Caribbean",1,"L1, L2 and L3: Higher managerial, administrative and professional occupations",50
E05013978,Mawneys,7,"Black, Black British, Black Welsh, Caribbean or African: Caribbean",2,"L4, L5 and L6: Lower managerial, administrative and professional occupations",92
E05013978,Mawneys,7,"Black, Black British, Black Welsh, Caribbean or African: Caribbean",3,L7: Intermediate occupations,38
E05013978,Mawneys,7,"Black, Black British, Black Welsh, Caribbean or African: Caribbean",4,L8 and L9: Small employers and own account workers,20
E05013978,Mawneys,7,"Black, Black British, Black Welsh, Caribbean or African: Caribbean",5,L10 and L11: Lower supervisory and technical occupations,14
E05013978,Mawneys,7,"Black, Black British, Black Welsh, Caribbean or African: Caribbean",6,L12: Semi-routine occupations,34
E05013978,Mawneys,7,"Black, Black British, Black Welsh, Caribbean or African: Caribbean",7,L13: Routine occupations,32
E05013978,Mawneys,7,"Black, Black British, Black Welsh, Caribbean or African: Caribbean",8,L14.1 and L14.2: Never worked and long-term unemployed,11
E05013978,Mawneys,7,"Black, Black British, Black Welsh, Caribbean or African: Caribbean",9,L15: Full-time students,30
E05013978,Mawneys,8,"Black, Black British, Black Welsh, Caribbean or African: Other Black",-8,Does not apply,74
E05013978,Mawneys,8,"Black, Black British, Black Welsh, Caribbean or African: Other Black",1,"L1, L2 and L3: Higher managerial, administrative and professional occupations",9
E05013978,Mawneys,8,"Black, Black British, Black Welsh, Caribbean or African: Other Black",2,"L4, L5 and L6: Lower managerial, administrative and professional occupations",19
E05013978,Mawneys,8,"Black, Black British, Black Welsh, Caribbean or African: Other Black",3,L7: Intermediate occupations,11
E05013978,Mawneys,8,"Black, Black British, Black Welsh, Caribbean or African: Other Black",4,L8 and L9: Small employers and own account workers,5
E05013978,Mawneys,8,"Black, Black British, Black Welsh, Caribbean or African: Other Black",5,L10 and L11: Lower supervisory and technical occupations,3
E05013978,Mawneys,8,"Black, Black British, Black Welsh, Caribbean or African: Other Black",6,L12: Semi-routine occupations,3
E05013978,Mawneys,8,"Black, Black British, Black Welsh, Caribbean or African: Other Black",7,L13: Routine occupations,7
E05013978,Mawneys,8,"Black, Black British, Black Welsh, Caribbean or African: Other Black",8,L14.1 and L14.2: Never worked and long-term unemployed,5
E05013978,Mawneys,8,"Black, Black British, Black Welsh, Caribbean or African: Other Black",9,L15: Full-time students,18
E05013978,Mawneys,9,Mixed or Multiple ethnic groups: White and Asian,-8,Does not apply,61
E05013978,Mawneys,9,Mixed or Multiple ethnic groups: White and Asian,1,"L1, L2 and L3: Higher managerial, administrative and professional occupations",7
E05013978,Mawneys,9,Mixed or Multiple ethnic groups: White and Asian,2,"L4, L5 and L6: Lower managerial, administrative and professional occupations",11
E05013978,Mawneys,9,Mixed or Multiple ethnic groups: White and Asian,3,L7: Intermediate occupations,1
E05013978,Mawneys,9,Mixed or Multiple ethnic groups: White and Asian,4,L8 and L9: Small employers and own account workers,3
E05013978,Mawneys,9,Mixed or Multiple ethnic groups: White and Asian,5,L10 and L11: Lower supervisory and technical occupations,2
E05013978,Mawneys,9,Mixed or Multiple ethnic groups: White and Asian,6,L12: Semi-routine occupations,6
E05013978,Mawneys,9,Mixed or Multiple ethnic groups: White and Asian,7,L13: Routine occupations,3
E05013978,Mawneys,9,Mixed or Multiple ethnic groups: White and Asian,8,L14.1 and L14.2: Never worked and long-term unemployed,2
E05013978,Mawneys,9,Mixed or Multiple ethnic groups: White and Asian,9,L15: Full-time students,11
E05013978,Mawneys,10,Mixed or Multiple ethnic groups: White and Black African,-8,Does not apply,42
E05013978,Mawneys,10,Mixed or Multiple ethnic groups: White and Black African,1,"L1, L2 and L3: Higher managerial, administrative and professional occupations",5
E05013978,Mawneys,10,Mixed or Multiple ethnic groups: White and Black African,2,"L4, L5 and L6: Lower managerial, administrative and professional occupations",6
E05013978,Mawneys,10,Mixed or Multiple ethnic groups: White and Black African,3,L7: Intermediate occupations,2
E05013978,Mawneys,10,Mixed or Multiple ethnic groups: White and Black African,4,L8 and L9: Small employers and own account workers,2
E05013978,Mawneys,10,Mixed or Multiple ethnic groups: White and Black African,5,L10 and L11: Lower supervisory and technical occupations,1
E05013978,Mawneys,10,Mixed or Multiple ethnic groups: White and Black African,6,L12: Semi-routine occupations,4
E05013978,Mawneys,10,Mixed or Multiple ethnic groups: White and Black African,7,L13: Routine occupations,3
E05013978,Mawneys,10,Mixed or Multiple ethnic groups: White and Black African,8,L14.1 and L14.2: Never worked and long-term unemployed,2
E05013978,Mawneys,10,Mixed or Multiple ethnic groups: White and Black African,9,L15: Full-time students,6
E05013978,Mawneys,11,Mixed or Multiple ethnic groups: White and Black Caribbean,-8,Does not apply,126
E05013978,Mawneys,11,Mixed or Multiple ethnic groups: White and Black Caribbean,1,"L1, L2 and L3: Higher managerial, administrative and professional occupations",14
E05013978,Mawneys,11,Mixed or Multiple ethnic groups: White and Black Caribbean,2,"L4, L5 and L6: Lower managerial, administrative and professional occupations",15
E05013978,Mawneys,11,Mixed or Multiple ethnic groups: White and Black Caribbean,3,L7: Intermediate occupations,12
E05013978,Mawneys,11,Mixed or Multiple ethnic groups: White and Black Caribbean,4,L8 and L9: Small employers and own account workers,18
E05013978,Mawneys,11,Mixed or Multiple ethnic groups: White and Black Caribbean,5,L10 and L11: Lower supervisory and technical occupations,9
E05013978,Mawneys,11,Mixed or Multiple ethnic groups: White and Black Caribbean,6,L12: Semi-routine occupations,9
E05013978,Mawneys,11,Mixed or Multiple ethnic groups: White and Black Caribbean,7,L13: Routine occupations,8
E05013978,Mawneys,11,Mixed or Multiple ethnic groups: White and Black Caribbean,8,L14.1 and L14.2: Never worked and long-term unemployed,15
E05013978,Mawneys,11,Mixed or Multiple ethnic groups: White and Black Caribbean,9,L15: Full-time students,18
E05013978,Mawneys,12,Mixed or Multiple ethnic groups: Other Mixed or Multiple ethnic groups,-8,Does not apply,82
E05013978,Mawneys,12,Mixed or Multiple ethnic groups: Other Mixed or Multiple ethnic groups,1,"L1, L2 and L3: Higher managerial, administrative and professional occupations",9
E05013978,Mawneys,12,Mixed or Multiple ethnic groups: Other Mixed or Multiple ethnic groups,2,"L4, L5 and L6: Lower managerial, administrative and professional occupations",16
E05013978,Mawneys,12,Mixed or Multiple ethnic groups: Other Mixed or Multiple ethnic groups,3,L7: Intermediate occupations,12
E05013978,Mawneys,12,Mixed or Multiple ethnic groups: Other Mixed or Multiple ethnic groups,4,L8 and L9: Small employers and own account workers,3
E05013978,Mawneys,12,Mixed or Multiple ethnic groups: Other Mixed or Multiple ethnic groups,5,L10 and L11: Lower supervisory and technical occupations,8
E05013978,Mawneys,12,Mixed or Multiple ethnic groups: Other Mixed or Multiple ethnic groups,6,L12: Semi-routine occupations,7
E05013978,Mawneys,12,Mixed or Multiple ethnic groups: Other Mixed or Multiple ethnic groups,7,L13: Routine occupations,6
E05013978,Mawneys,12,Mixed or Multiple ethnic groups: Other Mixed or Multiple ethnic groups,8,L14.1 and L14.2: Never worked and long-term unemployed,6
E05013978,Mawneys,12,Mixed or Multiple ethnic groups: Other Mixed or Multiple ethnic groups,9,L15: Full-time students,21
E05013978,Mawneys,13,"White: English, Welsh, Scottish, Northern Irish or British",-8,Does not apply,1622
E05013978,Mawneys,13,"White: English, Welsh, Scottish, Northern Irish or British",1,"L1, L2 and L3: Higher managerial, administrative and professional occupations",645
E05013978,Mawneys,13,"White: English, Welsh, Scottish, Northern Irish or British",2,"L4, L5 and L6: Lower managerial, administrative and professional occupations",1414
E05013978,Mawneys,13,"White: English, Welsh, Scottish, Northern Irish or British",3,L7: Intermediate occupations,1292
E05013978,Mawneys,13,"White: English, Welsh, Scottish, Northern Irish or British",4,L8 and L9: Small employers and own account workers,1022
E05013978,Mawneys,13,"White: English, Welsh, Scottish, Northern Irish or British",5,L10 and L11: Lower supervisory and technical occupations,474
E05013978,Mawneys,13,"White: English, Welsh, Scottish, Northern Irish or British",6,L12: Semi-routine occupations,1067
E05013978,Mawneys,13,"White: English, Welsh, Scottish, Northern Irish or British",7,L13: Routine occupations,880
E05013978,Mawneys,13,"White: English, Welsh, Scottish, Northern Irish or British",8,L14.1 and L14.2: Never worked and long-term unemployed,646
E05013978,Mawneys,13,"White: English, Welsh, Scottish, Northern Irish or British",9,L15: Full-time students,326
E05013978,Mawneys,14,White: Irish,-8,Does not apply,9
E05013978,Mawneys,14,White: Irish,1,"L1, L2 and L3: Higher managerial, administrative and professional occupations",15
E05013978,Mawneys,14,White: Irish,2,"L4, L5 and L6: Lower managerial, administrative and professional occupations",34
E05013978,Mawneys,14,White: Irish,3,L7: Intermediate occupations,16
E05013978,Mawneys,14,White: Irish,4,L8 and L9: Small employers and own account workers,11
E05013978,Mawneys,14,White: Irish,5,L10 and L11: Lower supervisory and technical occupations,11
E05013978,Mawneys,14,White: Irish,6,L12: Semi-routine occupations,15
E05013978,Mawneys,14,White: Irish,7,L13: Routine occupations,16
E05013978,Mawneys,14,White: Irish,8,L14.1 and L14.2: Never worked and long-term unemployed,9
E05013978,Mawneys,14,White: Irish,9,L15: Full-time students,2
E05013978,Mawneys,15,White: Gypsy or Irish Traveller,-8,Does not apply,2
E05013978,Mawneys,15,White: Gypsy or Irish Traveller,1,"L1, L2 and L3: Higher managerial, administrative and professional occupations",0
E05013978,Mawneys,15,White: Gypsy or Irish Traveller,2,"L4, L5 and L6: Lower managerial, administrative and professional occupations",0
E05013978,Mawneys,15,White: Gypsy or Irish Traveller,3,L7: Intermediate occupations,0
E05013978,Mawneys,15,White: Gypsy or Irish Traveller,4,L8 and L9: Small employers and own account workers,0
E05013978,Mawneys,15,White: Gypsy or Irish Traveller,5,L10 and L11: Lower supervisory and technical occupations,0
E05013978,Mawneys,15,White: Gypsy or Irish Traveller,6,L12: Semi-routine occupations,1
E05013978,Mawneys,15,White: Gypsy or Irish Traveller,7,L13: Routine occupations,1
E05013978,Mawneys,15,White: Gypsy or Irish Traveller,8,L14.1 and L14.2: Never worked and long-term unemployed,0
E05013978,Mawneys,15,White: Gypsy or Irish Traveller,9,L15: Full-time students,0
E05013978,Mawneys,16,White: Roma,-8,Does not apply,6
E05013978,Mawneys,16,White: Roma,1,"L1, L2 and L3: Higher managerial, administrative and professional occupations",0
E05013978,Mawneys,16,White: Roma,2,"L4, L5 and L6: Lower managerial, administrative and professional occupations",0
E05013978,Mawneys,16,White: Roma,3,L7: Intermediate occupations,1
E05013978,Mawneys,16,White: Roma,4,L8 and L9: Small employers and own account workers,14
E05013978,Mawneys,16,White: Roma,5,L10 and L11: Lower supervisory and technical occupations,0
E05013978,Mawneys,16,White: Roma,6,L12: Semi-routine occupations,2
E05013978,Mawneys,16,White: Roma,7,L13: Routine occupations,5
E05013978,Mawneys,16,White: Roma,8,L14.1 and L14.2: Never worked and long-term unemployed,4
E05013978,Mawneys,16,White: Roma,9,L15: Full-time students,0
E05013978,Mawneys,17,White: Other White,-8,Does not apply,222
E05013978,Mawneys,17,White: Other White,1,"L1, L2 and L3: Higher managerial, administrative and professional occupations",71
E05013978,Mawneys,17,White: Other White,2,"L4, L5 and L6: Lower managerial, administrative and professional occupations",141
E05013978,Mawneys,17,White: Other White,3,L7: Intermediate occupations,77
E05013978,Mawneys,17,White: Other White,4,L8 and L9: Small employers and own account workers,275
E05013978,Mawneys,17,White: Other White,5,L10 and L11: Lower supervisory and technical occupations,43
E05013978,Mawneys,17,White: Other White,6,L12: Semi-routine occupations,93
E05013978,Mawneys,17,White: Other White,7,L13: Routine occupations,100
E05013978,Mawneys,17,White: Other White,8,L14.1 and L14.2: Never worked and long-term unemployed,45
E05013978,Mawneys,17,White: Other White,9,L15: Full-time students,78
E05013978,Mawneys,18,Other ethnic group: Arab,-8,Does not apply,9
E05013978,Mawneys,18,Other ethnic group: Arab,1,"L1, L2 and L3: Higher managerial, administrative and professional occupations",3
E05013978,Mawneys,18,Other ethnic group: Arab,2,"L4, L5 and L6: Lower managerial, administrative and professional occupations",4
E05013978,Mawneys,18,Other ethnic group: Arab,3,L7: Intermediate occupations,2
E05013978,Mawneys,18,Other ethnic group: Arab,4,L8 and L9: Small employers and own account workers,5
E05013978,Mawneys,18,Other ethnic group: Arab,5,L10 and L11: Lower supervisory and technical occupations,2
E05013978,Mawneys,18,Other ethnic group: Arab,6,L12: Semi-routine occupations,0
E05013978,Mawneys,18,Other ethnic group: Arab,7,L13: Routine occupations,1
E05013978,Mawneys,18,Other ethnic group: Arab,8,L14.1 and L14.2: Never worked and long-term unemployed,8
E05013978,Mawneys,18,Other ethnic group: Arab,9,L15: Full-time students,5
E05013978,Mawneys,19,Other ethnic group: Any other ethnic group,-8,Does not apply,67
E05013978,Mawneys,19,Other ethnic group: Any other ethnic group,1,"L1, L2 and L3: Higher managerial, administrative and professional occupations",29
E05013978,Mawneys,19,Other ethnic group: Any other ethnic group,2,"L4, L5 and L6: Lower managerial, administrative and professional occupations",40
E05013978,Mawneys,19,Other ethnic group: Any other ethnic group,3,L7: Intermediate occupations,24
E05013978,Mawneys,19,Other ethnic group: Any other ethnic group,4,L8 and L9: Small employers and own account workers,48
E05013978,Mawneys,19,Other ethnic group: Any other ethnic group,5,L10 and L11: Lower supervisory and technical occupations,11
E05013978,Mawneys,19,Other ethnic group: Any other ethnic group,6,L12: Semi-routine occupations,20
E05013978,Mawneys,19,Other ethnic group: Any other ethnic group,7,L13: Routine occupations,26
E05013978,Mawneys,19,Other ethnic group: Any other ethnic group,8,L14.1 and L14.2: Never worked and long-term unemployed,24
E05013978,Mawneys,19,Other ethnic group: Any other ethnic group,9,L15: Full-time students,18
E05013979,Rainham & Wennington,-8,Does not apply,-8,Does not apply,0
E05013979,Rainham & Wennington,-8,Does not apply,1,"L1, L2 and L3: Higher managerial, administrative and professional occupations",0
E05013979,Rainham & Wennington,-8,Does not apply,2,"L4, L5 and L6: Lower managerial, administrative and professional occupations",0
E05013979,Rainham & Wennington,-8,Does not apply,3,L7: Intermediate occupations,0
E05013979,Rainham & Wennington,-8,Does not apply,4,L8 and L9: Small employers and own account workers,0
E05013979,Rainham & Wennington,-8,Does not apply,5,L10 and L11: Lower supervisory and technical occupations,0
E05013979,Rainham & Wennington,-8,Does not apply,6,L12: Semi-routine occupations,0
E05013979,Rainham & Wennington,-8,Does not apply,7,L13: Routine occupations,0
E05013979,Rainham & Wennington,-8,Does not apply,8,L14.1 and L14.2: Never worked and long-term unemployed,0
E05013979,Rainham & Wennington,-8,Does not apply,9,L15: Full-time students,0
E05013979,Rainham & Wennington,1,"Asian, Asian British or Asian Welsh: Bangladeshi",-8,Does not apply,119
E05013979,Rainham & Wennington,1,"Asian, Asian British or Asian Welsh: Bangladeshi",1,"L1, L2 and L3: Higher managerial, administrative and professional occupations",28
E05013979,Rainham & Wennington,1,"Asian, Asian British or Asian Welsh: Bangladeshi",2,"L4, L5 and L6: Lower managerial, administrative and professional occupations",45
E05013979,Rainham & Wennington,1,"Asian, Asian British or Asian Welsh: Bangladeshi",3,L7: Intermediate occupations,26
E05013979,Rainham & Wennington,1,"Asian, Asian British or Asian Welsh: Bangladeshi",4,L8 and L9: Small employers and own account workers,23
E05013979,Rainham & Wennington,1,"Asian, Asian British or Asian Welsh: Bangladeshi",5,L10 and L11: Lower supervisory and technical occupations,8
E05013979,Rainham & Wennington,1,"Asian, Asian British or Asian Welsh: Bangladeshi",6,L12: Semi-routine occupations,31
E05013979,Rainham & Wennington,1,"Asian, Asian British or Asian Welsh: Bangladeshi",7,L13: Routine occupations,13
E05013979,Rainham & Wennington,1,"Asian, Asian British or Asian Welsh: Bangladeshi",8,L14.1 and L14.2: Never worked and long-term unemployed,45
E05013979,Rainham & Wennington,1,"Asian, Asian British or Asian Welsh: Bangladeshi",9,L15: Full-time students,24
E05013979,Rainham & Wennington,2,"Asian, Asian British or Asian Welsh: Chinese",-8,Does not apply,7
E05013979,Rainham & Wennington,2,"Asian, Asian British or Asian Welsh: Chinese",1,"L1, L2 and L3: Higher managerial, administrative and professional occupations",5
E05013979,Rainham & Wennington,2,"Asian, Asian British or Asian Welsh: Chinese",2,"L4, L5 and L6: Lower managerial, administrative and professional occupations",4
E05013979,Rainham & Wennington,2,"Asian, Asian British or Asian Welsh: Chinese",3,L7: Intermediate occupations,2
E05013979,Rainham & Wennington,2,"Asian, Asian British or Asian Welsh: Chinese",4,L8 and L9: Small employers and own account workers,6
E05013979,Rainham & Wennington,2,"Asian, Asian British or Asian Welsh: Chinese",5,L10 and L11: Lower supervisory and technical occupations,2
E05013979,Rainham & Wennington,2,"Asian, Asian British or Asian Welsh: Chinese",6,L12: Semi-routine occupations,2
E05013979,Rainham & Wennington,2,"Asian, Asian British or Asian Welsh: Chinese",7,L13: Routine occupations,0
E05013979,Rainham & Wennington,2,"Asian, Asian British or Asian Welsh: Chinese",8,L14.1 and L14.2: Never worked and long-term unemployed,5
E05013979,Rainham & Wennington,2,"Asian, Asian British or Asian Welsh: Chinese",9,L15: Full-time students,3
E05013979,Rainham & Wennington,3,"Asian, Asian British or Asian Welsh: Indian",-8,Does not apply,147
E05013979,Rainham & Wennington,3,"Asian, Asian British or Asian Welsh: Indian",1,"L1, L2 and L3: Higher managerial, administrative and professional occupations",65
E05013979,Rainham & Wennington,3,"Asian, Asian British or Asian Welsh: Indian",2,"L4, L5 and L6: Lower managerial, administrative and professional occupations",98
E05013979,Rainham & Wennington,3,"Asian, Asian British or Asian Welsh: Indian",3,L7: Intermediate occupations,48
E05013979,Rainham & Wennington,3,"Asian, Asian British or Asian Welsh: Indian",4,L8 and L9: Small employers and own account workers,72
E05013979,Rainham & Wennington,3,"Asian, Asian British or Asian Welsh: Indian",5,L10 and L11: Lower supervisory and technical occupations,24
E05013979,Rainham & Wennington,3,"Asian, Asian British or Asian Welsh: Indian",6,L12: Semi-routine occupations,56
E05013979,Rainham & Wennington,3,"Asian, Asian British or Asian Welsh: Indian",7,L13: Routine occupations,47
E05013979,Rainham & Wennington,3,"Asian, Asian British or Asian Welsh: Indian",8,L14.1 and L14.2: Never worked and long-term unemployed,55
E05013979,Rainham & Wennington,3,"Asian, Asian British or Asian Welsh: Indian",9,L15: Full-time students,27
E05013979,Rainham & Wennington,4,"Asian, Asian British or Asian Welsh: Pakistani",-8,Does not apply,113
E05013979,Rainham & Wennington,4,"Asian, Asian British or Asian Welsh: Pakistani",1,"L1, L2 and L3: Higher managerial, administrative and professional occupations",35
E05013979,Rainham & Wennington,4,"Asian, Asian British or Asian Welsh: Pakistani",2,"L4, L5 and L6: Lower managerial, administrative and professional occupations",42
E05013979,Rainham & Wennington,4,"Asian, Asian British or Asian Welsh: Pakistani",3,L7: Intermediate occupations,17
E05013979,Rainham & Wennington,4,"Asian, Asian British or Asian Welsh: Pakistani",4,L8 and L9: Small employers and own account workers,33
E05013979,Rainham & Wennington,4,"Asian, Asian British or Asian Welsh: Pakistani",5,L10 and L11: Lower supervisory and technical occupations,9
E05013979,Rainham & Wennington,4,"Asian, Asian British or Asian Welsh: Pakistani",6,L12: Semi-routine occupations,25
E05013979,Rainham & Wennington,4,"Asian, Asian British or Asian Welsh: Pakistani",7,L13: Routine occupations,12
E05013979,Rainham & Wennington,4,"Asian, Asian British or Asian Welsh: Pakistani",8,L14.1 and L14.2: Never worked and long-term unemployed,36
E05013979,Rainham & Wennington,4,"Asian, Asian British or Asian Welsh: Pakistani",9,L15: Full-time students,29
E05013979,Rainham & Wennington,5,"Asian, Asian British or Asian Welsh: Other Asian",-8,Does not apply,37
E05013979,Rainham & Wennington,5,"Asian, Asian British or Asian Welsh: Other Asian",1,"L1, L2 and L3: Higher managerial, administrative and professional occupations",10
E05013979,Rainham & Wennington,5,"Asian, Asian British or Asian Welsh: Other Asian",2,"L4, L5 and L6: Lower managerial, administrative and professional occupations",24
E05013979,Rainham & Wennington,5,"Asian, Asian British or Asian Welsh: Other Asian",3,L7: Intermediate occupations,11
E05013979,Rainham & Wennington,5,"Asian, Asian British or Asian Welsh: Other Asian",4,L8 and L9: Small employers and own account workers,8
E05013979,Rainham & Wennington,5,"Asian, Asian British or Asian Welsh: Other Asian",5,L10 and L11: Lower supervisory and technical occupations,2
E05013979,Rainham & Wennington,5,"Asian, Asian British or Asian Welsh: Other Asian",6,L12: Semi-routine occupations,19
E05013979,Rainham & Wennington,5,"Asian, Asian British or Asian Welsh: Other Asian",7,L13: Routine occupations,10
E05013979,Rainham & Wennington,5,"Asian, Asian British or Asian Welsh: Other Asian",8,L14.1 and L14.2: Never worked and long-term unemployed,8
E05013979,Rainham & Wennington,5,"Asian, Asian British or Asian Welsh: Other Asian",9,L15: Full-time students,12
E05013979,Rainham & Wennington,6,"Black, Black British, Black Welsh, Caribbean or African: African",-8,Does not apply,318
E05013979,Rainham & Wennington,6,"Black, Black British, Black Welsh, Caribbean or African: African",1,"L1, L2 and L3: Higher managerial, administrative and professional occupations",118
E05013979,Rainham & Wennington,6,"Black, Black British, Black Welsh, Caribbean or African: African",2,"L4, L5 and L6: Lower managerial, administrative and professional occupations",200
E05013979,Rainham & Wennington,6,"Black, Black British, Black Welsh, Caribbean or African: African",3,L7: Intermediate occupations,57
E05013979,Rainham & Wennington,6,"Black, Black British, Black Welsh, Caribbean or African: African",4,L8 and L9: Small employers and own account workers,61
E05013979,Rainham & Wennington,6,"Black, Black British, Black Welsh, Caribbean or African: African",5,L10 and L11: Lower supervisory and technical occupations,26
E05013979,Rainham & Wennington,6,"Black, Black British, Black Welsh, Caribbean or African: African",6,L12: Semi-routine occupations,89
E05013979,Rainham & Wennington,6,"Black, Black British, Black Welsh, Caribbean or African: African",7,L13: Routine occupations,62
E05013979,Rainham & Wennington,6,"Black, Black British, Black Welsh, Caribbean or African: African",8,L14.1 and L14.2: Never worked and long-term unemployed,64
E05013979,Rainham & Wennington,6,"Black, Black British, Black Welsh, Caribbean or African: African",9,L15: Full-time students,132
E05013979,Rainham & Wennington,7,"Black, Black British, Black Welsh, Caribbean or African: Caribbean",-8,Does not apply,52
E05013979,Rainham & Wennington,7,"Black, Black British, Black Welsh, Caribbean or African: Caribbean",1,"L1, L2 and L3: Higher managerial, administrative and professional occupations",12
E05013979,Rainham & Wennington,7,"Black, Black British, Black Welsh, Caribbean or African: Caribbean",2,"L4, L5 and L6: Lower managerial, administrative and professional occupations",44
E05013979,Rainham & Wennington,7,"Black, Black British, Black Welsh, Caribbean or African: Caribbean",3,L7: Intermediate occupations,45
E05013979,Rainham & Wennington,7,"Black, Black British, Black Welsh, Caribbean or African: Caribbean",4,L8 and L9: Small employers and own account workers,26
E05013979,Rainham & Wennington,7,"Black, Black British, Black Welsh, Caribbean or African: Caribbean",5,L10 and L11: Lower supervisory and technical occupations,11
E05013979,Rainham & Wennington,7,"Black, Black British, Black Welsh, Caribbean or African: Caribbean",6,L12: Semi-routine occupations,32
E05013979,Rainham & Wennington,7,"Black, Black British, Black Welsh, Caribbean or African: Caribbean",7,L13: Routine occupations,27
E05013979,Rainham & Wennington,7,"Black, Black British, Black Welsh, Caribbean or African: Caribbean",8,L14.1 and L14.2: Never worked and long-term unemployed,18
E05013979,Rainham & Wennington,7,"Black, Black British, Black Welsh, Caribbean or African: Caribbean",9,L15: Full-time students,13
E05013979,Rainham & Wennington,8,"Black, Black British, Black Welsh, Caribbean or African: Other Black",-8,Does not apply,91
E05013979,Rainham & Wennington,8,"Black, Black British, Black Welsh, Caribbean or African: Other Black",1,"L1, L2 and L3: Higher managerial, administrative and professional occupations",7
E05013979,Rainham & Wennington,8,"Black, Black British, Black Welsh, Caribbean or African: Other Black",2,"L4, L5 and L6: Lower managerial, administrative and professional occupations",18
E05013979,Rainham & Wennington,8,"Black, Black British, Black Welsh, Caribbean or African: Other Black",3,L7: Intermediate occupations,13
E05013979,Rainham & Wennington,8,"Black, Black British, Black Welsh, Caribbean or African: Other Black",4,L8 and L9: Small employers and own account workers,5
E05013979,Rainham & Wennington,8,"Black, Black British, Black Welsh, Caribbean or African: Other Black",5,L10 and L11: Lower supervisory and technical occupations,4
E05013979,Rainham & Wennington,8,"Black, Black British, Black Welsh, Caribbean or African: Other Black",6,L12: Semi-routine occupations,7
E05013979,Rainham & Wennington,8,"Black, Black British, Black Welsh, Caribbean or African: Other Black",7,L13: Routine occupations,8
E05013979,Rainham & Wennington,8,"Black, Black British, Black Welsh, Caribbean or African: Other Black",8,L14.1 and L14.2: Never worked and long-term unemployed,9
E05013979,Rainham & Wennington,8,"Black, Black British, Black Welsh, Caribbean or African: Other Black",9,L15: Full-time students,26
E05013979,Rainham & Wennington,9,Mixed or Multiple ethnic groups: White and Asian,-8,Does not apply,53
E05013979,Rainham & Wennington,9,Mixed or Multiple ethnic groups: White and Asian,1,"L1, L2 and L3: Higher managerial, administrative and professional occupations",14
E05013979,Rainham & Wennington,9,Mixed or Multiple ethnic groups: White and Asian,2,"L4, L5 and L6: Lower managerial, administrative and professional occupations",8
E05013979,Rainham & Wennington,9,Mixed or Multiple ethnic groups: White and Asian,3,L7: Intermediate occupations,5
E05013979,Rainham & Wennington,9,Mixed or Multiple ethnic groups: White and Asian,4,L8 and L9: Small employers and own account workers,6
E05013979,Rainham & Wennington,9,Mixed or Multiple ethnic groups: White and Asian,5,L10 and L11: Lower supervisory and technical occupations,5
E05013979,Rainham & Wennington,9,Mixed or Multiple ethnic groups: White and Asian,6,L12: Semi-routine occupations,5
E05013979,Rainham & Wennington,9,Mixed or Multiple ethnic groups: White and Asian,7,L13: Routine occupations,6
E05013979,Rainham & Wennington,9,Mixed or Multiple ethnic groups: White and Asian,8,L14.1 and L14.2: Never worked and long-term unemployed,5
E05013979,Rainham & Wennington,9,Mixed or Multiple ethnic groups: White and Asian,9,L15: Full-time students,11
E05013979,Rainham & Wennington,10,Mixed or Multiple ethnic groups: White and Black African,-8,Does not apply,41
E05013979,Rainham & Wennington,10,Mixed or Multiple ethnic groups: White and Black African,1,"L1, L2 and L3: Higher managerial, administrative and professional occupations",5
E05013979,Rainham & Wennington,10,Mixed or Multiple ethnic groups: White and Black African,2,"L4, L5 and L6: Lower managerial, administrative and professional occupations",2
E05013979,Rainham & Wennington,10,Mixed or Multiple ethnic groups: White and Black African,3,L7: Intermediate occupations,4
E05013979,Rainham & Wennington,10,Mixed or Multiple ethnic groups: White and Black African,4,L8 and L9: Small employers and own account workers,2
E05013979,Rainham & Wennington,10,Mixed or Multiple ethnic groups: White and Black African,5,L10 and L11: Lower supervisory and technical occupations,2
E05013979,Rainham & Wennington,10,Mixed or Multiple ethnic groups: White and Black African,6,L12: Semi-routine occupations,4
E05013979,Rainham & Wennington,10,Mixed or Multiple ethnic groups: White and Black African,7,L13: Routine occupations,8
E05013979,Rainham & Wennington,10,Mixed or Multiple ethnic groups: White and Black African,8,L14.1 and L14.2: Never worked and long-term unemployed,3
E05013979,Rainham & Wennington,10,Mixed or Multiple ethnic groups: White and Black African,9,L15: Full-time students,5
E05013979,Rainham & Wennington,11,Mixed or Multiple ethnic groups: White and Black Caribbean,-8,Does not apply,85
E05013979,Rainham & Wennington,11,Mixed or Multiple ethnic groups: White and Black Caribbean,1,"L1, L2 and L3: Higher managerial, administrative and professional occupations",11
E05013979,Rainham & Wennington,11,Mixed or Multiple ethnic groups: White and Black Caribbean,2,"L4, L5 and L6: Lower managerial, administrative and professional occupations",24
E05013979,Rainham & Wennington,11,Mixed or Multiple ethnic groups: White and Black Caribbean,3,L7: Intermediate occupations,14
E05013979,Rainham & Wennington,11,Mixed or Multiple ethnic groups: White and Black Caribbean,4,L8 and L9: Small employers and own account workers,10
E05013979,Rainham & Wennington,11,Mixed or Multiple ethnic groups: White and Black Caribbean,5,L10 and L11: Lower supervisory and technical occupations,6
E05013979,Rainham & Wennington,11,Mixed or Multiple ethnic groups: White and Black Caribbean,6,L12: Semi-routine occupations,14
E05013979,Rainham & Wennington,11,Mixed or Multiple ethnic groups: White and Black Caribbean,7,L13: Routine occupations,10
E05013979,Rainham & Wennington,11,Mixed or Multiple ethnic groups: White and Black Caribbean,8,L14.1 and L14.2: Never worked and long-term unemployed,10
E05013979,Rainham & Wennington,11,Mixed or Multiple ethnic groups: White and Black Caribbean,9,L15: Full-time students,17
E05013979,Rainham & Wennington,12,Mixed or Multiple ethnic groups: Other Mixed or Multiple ethnic groups,-8,Does not apply,63
E05013979,Rainham & Wennington,12,Mixed or Multiple ethnic groups: Other Mixed or Multiple ethnic groups,1,"L1, L2 and L3: Higher managerial, administrative and professional occupations",6
E05013979,Rainham & Wennington,12,Mixed or Multiple ethnic groups: Other Mixed or Multiple ethnic groups,2,"L4, L5 and L6: Lower managerial, administrative and professional occupations",9
E05013979,Rainham & Wennington,12,Mixed or Multiple ethnic groups: Other Mixed or Multiple ethnic groups,3,L7: Intermediate occupations,5
E05013979,Rainham & Wennington,12,Mixed or Multiple ethnic groups: Other Mixed or Multiple ethnic groups,4,L8 and L9: Small employers and own account workers,4
E05013979,Rainham & Wennington,12,Mixed or Multiple ethnic groups: Other Mixed or Multiple ethnic groups,5,L10 and L11: Lower supervisory and technical occupations,3
E05013979,Rainham & Wennington,12,Mixed or Multiple ethnic groups: Other Mixed or Multiple ethnic groups,6,L12: Semi-routine occupations,4
E05013979,Rainham & Wennington,12,Mixed or Multiple ethnic groups: Other Mixed or Multiple ethnic groups,7,L13: Routine occupations,8
E05013979,Rainham & Wennington,12,Mixed or Multiple ethnic groups: Other Mixed or Multiple ethnic groups,8,L14.1 and L14.2: Never worked and long-term unemployed,5
E05013979,Rainham & Wennington,12,Mixed or Multiple ethnic groups: Other Mixed or Multiple ethnic groups,9,L15: Full-time students,8
E05013979,Rainham & Wennington,13,"White: English, Welsh, Scottish, Northern Irish or British",-8,Does not apply,1363
E05013979,Rainham & Wennington,13,"White: English, Welsh, Scottish, Northern Irish or British",1,"L1, L2 and L3: Higher managerial, administrative and professional occupations",611
E05013979,Rainham & Wennington,13,"White: English, Welsh, Scottish, Northern Irish or British",2,"L4, L5 and L6: Lower managerial, administrative and professional occupations",1176
E05013979,Rainham & Wennington,13,"White: English, Welsh, Scottish, Northern Irish or British",3,L7: Intermediate occupations,1214
E05013979,Rainham & Wennington,13,"White: English, Welsh, Scottish, Northern Irish or British",4,L8 and L9: Small employers and own account workers,871
E05013979,Rainham & Wennington,13,"White: English, Welsh, Scottish, Northern Irish or British",5,L10 and L11: Lower supervisory and technical occupations,470
E05013979,Rainham & Wennington,13,"White: English, Welsh, Scottish, Northern Irish or British",6,L12: Semi-routine occupations,939
E05013979,Rainham & Wennington,13,"White: English, Welsh, Scottish, Northern Irish or British",7,L13: Routine occupations,941
E05013979,Rainham & Wennington,13,"White: English, Welsh, Scottish, Northern Irish or British",8,L14.1 and L14.2: Never worked and long-term unemployed,656
E05013979,Rainham & Wennington,13,"White: English, Welsh, Scottish, Northern Irish or British",9,L15: Full-time students,286
E05013979,Rainham & Wennington,14,White: Irish,-8,Does not apply,1
E05013979,Rainham & Wennington,14,White: Irish,1,"L1, L2 and L3: Higher managerial, administrative and professional occupations",9
E05013979,Rainham & Wennington,14,White: Irish,2,"L4, L5 and L6: Lower managerial, administrative and professional occupations",24
E05013979,Rainham & Wennington,14,White: Irish,3,L7: Intermediate occupations,17
E05013979,Rainham & Wennington,14,White: Irish,4,L8 and L9: Small employers and own account workers,9
E05013979,Rainham & Wennington,14,White: Irish,5,L10 and L11: Lower supervisory and technical occupations,3
E05013979,Rainham & Wennington,14,White: Irish,6,L12: Semi-routine occupations,16
E05013979,Rainham & Wennington,14,White: Irish,7,L13: Routine occupations,14
E05013979,Rainham & Wennington,14,White: Irish,8,L14.1 and L14.2: Never worked and long-term unemployed,8
E05013979,Rainham & Wennington,14,White: Irish,9,L15: Full-time students,1
E05013979,Rainham & Wennington,15,White: Gypsy or Irish Traveller,-8,Does not apply,8
E05013979,Rainham & Wennington,15,White: Gypsy or Irish Traveller,1,"L1, L2 and L3: Higher managerial, administrative and professional occupations",0
E05013979,Rainham & Wennington,15,White: Gypsy or Irish Traveller,2,"L4, L5 and L6: Lower managerial, administrative and professional occupations",1
E05013979,Rainham & Wennington,15,White: Gypsy or Irish Traveller,3,L7: Intermediate occupations,1
E05013979,Rainham & Wennington,15,White: Gypsy or Irish Traveller,4,L8 and L9: Small employers and own account workers,3
E05013979,Rainham & Wennington,15,White: Gypsy or Irish Traveller,5,L10 and L11: Lower supervisory and technical occupations,1
E05013979,Rainham & Wennington,15,White: Gypsy or Irish Traveller,6,L12: Semi-routine occupations,0
E05013979,Rainham & Wennington,15,White: Gypsy or Irish Traveller,7,L13: Routine occupations,1
E05013979,Rainham & Wennington,15,White: Gypsy or Irish Traveller,8,L14.1 and L14.2: Never worked and long-term unemployed,1
E05013979,Rainham & Wennington,15,White: Gypsy or Irish Traveller,9,L15: Full-time students,1
E05013979,Rainham & Wennington,16,White: Roma,-8,Does not apply,11
E05013979,Rainham & Wennington,16,White: Roma,1,"L1, L2 and L3: Higher managerial, administrative and professional occupations",0
E05013979,Rainham & Wennington,16,White: Roma,2,"L4, L5 and L6: Lower managerial, administrative and professional occupations",5
E05013979,Rainham & Wennington,16,White: Roma,3,L7: Intermediate occupations,1
E05013979,Rainham & Wennington,16,White: Roma,4,L8 and L9: Small employers and own account workers,8
E05013979,Rainham & Wennington,16,White: Roma,5,L10 and L11: Lower supervisory and technical occupations,1
E05013979,Rainham & Wennington,16,White: Roma,6,L12: Semi-routine occupations,0
E05013979,Rainham & Wennington,16,White: Roma,7,L13: Routine occupations,5
E05013979,Rainham & Wennington,16,White: Roma,8,L14.1 and L14.2: Never worked and long-term unemployed,3
E05013979,Rainham & Wennington,16,White: Roma,9,L15: Full-time students,1
E05013979,Rainham & Wennington,17,White: Other White,-8,Does not apply,161
E05013979,Rainham & Wennington,17,White: Other White,1,"L1, L2 and L3: Higher managerial, administrative and professional occupations",56
E05013979,Rainham & Wennington,17,White: Other White,2,"L4, L5 and L6: Lower managerial, administrative and professional occupations",98
E05013979,Rainham & Wennington,17,White: Other White,3,L7: Intermediate occupations,65
E05013979,Rainham & Wennington,17,White: Other White,4,L8 and L9: Small employers and own account workers,207
E05013979,Rainham & Wennington,17,White: Other White,5,L10 and L11: Lower supervisory and technical occupations,38
E05013979,Rainham & Wennington,17,White: Other White,6,L12: Semi-routine occupations,68
E05013979,Rainham & Wennington,17,White: Other White,7,L13: Routine occupations,150
E05013979,Rainham & Wennington,17,White: Other White,8,L14.1 and L14.2: Never worked and long-term unemployed,52
E05013979,Rainham & Wennington,17,White: Other White,9,L15: Full-time students,53
E05013979,Rainham & Wennington,18,Other ethnic group: Arab,-8,Does not apply,11
E05013979,Rainham & Wennington,18,Other ethnic group: Arab,1,"L1, L2 and L3: Higher managerial, administrative and professional occupations",3
E05013979,Rainham & Wennington,18,Other ethnic group: Arab,2,"L4, L5 and L6: Lower managerial, administrative and professional occupations",3
E05013979,Rainham & Wennington,18,Other ethnic group: Arab,3,L7: Intermediate occupations,1
E05013979,Rainham & Wennington,18,Other ethnic group: Arab,4,L8 and L9: Small employers and own account workers,2
E05013979,Rainham & Wennington,18,Other ethnic group: Arab,5,L10 and L11: Lower supervisory and technical occupations,2
E05013979,Rainham & Wennington,18,Other ethnic group: Arab,6,L12: Semi-routine occupations,3
E05013979,Rainham & Wennington,18,Other ethnic group: Arab,7,L13: Routine occupations,0
E05013979,Rainham & Wennington,18,Other ethnic group: Arab,8,L14.1 and L14.2: Never worked and long-term unemployed,8
E05013979,Rainham & Wennington,18,Other ethnic group: Arab,9,L15: Full-time students,7
E05013979,Rainham & Wennington,19,Other ethnic group: Any other ethnic group,-8,Does not apply,77
E05013979,Rainham & Wennington,19,Other ethnic group: Any other ethnic group,1,"L1, L2 and L3: Higher managerial, administrative and professional occupations",12
E05013979,Rainham & Wennington,19,Other ethnic group: Any other ethnic group,2,"L4, L5 and L6: Lower managerial, administrative and professional occupations",32
E05013979,Rainham & Wennington,19,Other ethnic group: Any other ethnic group,3,L7: Intermediate occupations,23
E05013979,Rainham & Wennington,19,Other ethnic group: Any other ethnic group,4,L8 and L9: Small employers and own account workers,37
E05013979,Rainham & Wennington,19,Other ethnic group: Any other ethnic group,5,L10 and L11: Lower supervisory and technical occupations,6
E05013979,Rainham & Wennington,19,Other ethnic group: Any other ethnic group,6,L12: Semi-routine occupations,14
E05013979,Rainham & Wennington,19,Other ethnic group: Any other ethnic group,7,L13: Routine occupations,23
E05013979,Rainham & Wennington,19,Other ethnic group: Any other ethnic group,8,L14.1 and L14.2: Never worked and long-term unemployed,28
E05013979,Rainham & Wennington,19,Other ethnic group: Any other ethnic group,9,L15: Full-time students,16
E05013980,Rush Green & Crowlands,-8,Does not apply,-8,Does not apply,0
E05013980,Rush Green & Crowlands,-8,Does not apply,1,"L1, L2 and L3: Higher managerial, administrative and professional occupations",0
E05013980,Rush Green & Crowlands,-8,Does not apply,2,"L4, L5 and L6: Lower managerial, administrative and professional occupations",0
E05013980,Rush Green & Crowlands,-8,Does not apply,3,L7: Intermediate occupations,0
E05013980,Rush Green & Crowlands,-8,Does not apply,4,L8 and L9: Small employers and own account workers,0
E05013980,Rush Green & Crowlands,-8,Does not apply,5,L10 and L11: Lower supervisory and technical occupations,0
E05013980,Rush Green & Crowlands,-8,Does not apply,6,L12: Semi-routine occupations,0
E05013980,Rush Green & Crowlands,-8,Does not apply,7,L13: Routine occupations,0
E05013980,Rush Green & Crowlands,-8,Does not apply,8,L14.1 and L14.2: Never worked and long-term unemployed,0
E05013980,Rush Green & Crowlands,-8,Does not apply,9,L15: Full-time students,0
E05013980,Rush Green & Crowlands,1,"Asian, Asian British or Asian Welsh: Bangladeshi",-8,Does not apply,208
E05013980,Rush Green & Crowlands,1,"Asian, Asian British or Asian Welsh: Bangladeshi",1,"L1, L2 and L3: Higher managerial, administrative and professional occupations",65
E05013980,Rush Green & Crowlands,1,"Asian, Asian British or Asian Welsh: Bangladeshi",2,"L4, L5 and L6: Lower managerial, administrative and professional occupations",80
E05013980,Rush Green & Crowlands,1,"Asian, Asian British or Asian Welsh: Bangladeshi",3,L7: Intermediate occupations,51
E05013980,Rush Green & Crowlands,1,"Asian, Asian British or Asian Welsh: Bangladeshi",4,L8 and L9: Small employers and own account workers,52
E05013980,Rush Green & Crowlands,1,"Asian, Asian British or Asian Welsh: Bangladeshi",5,L10 and L11: Lower supervisory and technical occupations,15
E05013980,Rush Green & Crowlands,1,"Asian, Asian British or Asian Welsh: Bangladeshi",6,L12: Semi-routine occupations,42
E05013980,Rush Green & Crowlands,1,"Asian, Asian British or Asian Welsh: Bangladeshi",7,L13: Routine occupations,32
E05013980,Rush Green & Crowlands,1,"Asian, Asian British or Asian Welsh: Bangladeshi",8,L14.1 and L14.2: Never worked and long-term unemployed,82
E05013980,Rush Green & Crowlands,1,"Asian, Asian British or Asian Welsh: Bangladeshi",9,L15: Full-time students,75
E05013980,Rush Green & Crowlands,2,"Asian, Asian British or Asian Welsh: Chinese",-8,Does not apply,16
E05013980,Rush Green & Crowlands,2,"Asian, Asian British or Asian Welsh: Chinese",1,"L1, L2 and L3: Higher managerial, administrative and professional occupations",19
E05013980,Rush Green & Crowlands,2,"Asian, Asian British or Asian Welsh: Chinese",2,"L4, L5 and L6: Lower managerial, administrative and professional occupations",25
E05013980,Rush Green & Crowlands,2,"Asian, Asian British or Asian Welsh: Chinese",3,L7: Intermediate occupations,10
E05013980,Rush Green & Crowlands,2,"Asian, Asian British or Asian Welsh: Chinese",4,L8 and L9: Small employers and own account workers,15
E05013980,Rush Green & Crowlands,2,"Asian, Asian British or Asian Welsh: Chinese",5,L10 and L11: Lower supervisory and technical occupations,12
E05013980,Rush Green & Crowlands,2,"Asian, Asian British or Asian Welsh: Chinese",6,L12: Semi-routine occupations,15
E05013980,Rush Green & Crowlands,2,"Asian, Asian British or Asian Welsh: Chinese",7,L13: Routine occupations,9
E05013980,Rush Green & Crowlands,2,"Asian, Asian British or Asian Welsh: Chinese",8,L14.1 and L14.2: Never worked and long-term unemployed,8
E05013980,Rush Green & Crowlands,2,"Asian, Asian British or Asian Welsh: Chinese",9,L15: Full-time students,6
E05013980,Rush Green & Crowlands,3,"Asian, Asian British or Asian Welsh: Indian",-8,Does not apply,221
E05013980,Rush Green & Crowlands,3,"Asian, Asian British or Asian Welsh: Indian",1,"L1, L2 and L3: Higher managerial, administrative and professional occupations",160
E05013980,Rush Green & Crowlands,3,"Asian, Asian British or Asian Welsh: Indian",2,"L4, L5 and L6: Lower managerial, administrative and professional occupations",171
E05013980,Rush Green & Crowlands,3,"Asian, Asian British or Asian Welsh: Indian",3,L7: Intermediate occupations,78
E05013980,Rush Green & Crowlands,3,"Asian, Asian British or Asian Welsh: Indian",4,L8 and L9: Small employers and own account workers,52
E05013980,Rush Green & Crowlands,3,"Asian, Asian British or Asian Welsh: Indian",5,L10 and L11: Lower supervisory and technical occupations,15
E05013980,Rush Green & Crowlands,3,"Asian, Asian British or Asian Welsh: Indian",6,L12: Semi-routine occupations,69
E05013980,Rush Green & Crowlands,3,"Asian, Asian British or Asian Welsh: Indian",7,L13: Routine occupations,33
E05013980,Rush Green & Crowlands,3,"Asian, Asian British or Asian Welsh: Indian",8,L14.1 and L14.2: Never worked and long-term unemployed,77
E05013980,Rush Green & Crowlands,3,"Asian, Asian British or Asian Welsh: Indian",9,L15: Full-time students,41
E05013980,Rush Green & Crowlands,4,"Asian, Asian British or Asian Welsh: Pakistani",-8,Does not apply,218
E05013980,Rush Green & Crowlands,4,"Asian, Asian British or Asian Welsh: Pakistani",1,"L1, L2 and L3: Higher managerial, administrative and professional occupations",96
E05013980,Rush Green & Crowlands,4,"Asian, Asian British or Asian Welsh: Pakistani",2,"L4, L5 and L6: Lower managerial, administrative and professional occupations",66
E05013980,Rush Green & Crowlands,4,"Asian, Asian British or Asian Welsh: Pakistani",3,L7: Intermediate occupations,56
E05013980,Rush Green & Crowlands,4,"Asian, Asian British or Asian Welsh: Pakistani",4,L8 and L9: Small employers and own account workers,54
E05013980,Rush Green & Crowlands,4,"Asian, Asian British or Asian Welsh: Pakistani",5,L10 and L11: Lower supervisory and technical occupations,7
E05013980,Rush Green & Crowlands,4,"Asian, Asian British or Asian Welsh: Pakistani",6,L12: Semi-routine occupations,48
E05013980,Rush Green & Crowlands,4,"Asian, Asian British or Asian Welsh: Pakistani",7,L13: Routine occupations,24
E05013980,Rush Green & Crowlands,4,"Asian, Asian British or Asian Welsh: Pakistani",8,L14.1 and L14.2: Never worked and long-term unemployed,72
E05013980,Rush Green & Crowlands,4,"Asian, Asian British or Asian Welsh: Pakistani",9,L15: Full-time students,47
E05013980,Rush Green & Crowlands,5,"Asian, Asian British or Asian Welsh: Other Asian",-8,Does not apply,148
E05013980,Rush Green & Crowlands,5,"Asian, Asian British or Asian Welsh: Other Asian",1,"L1, L2 and L3: Higher managerial, administrative and professional occupations",50
E05013980,Rush Green & Crowlands,5,"Asian, Asian British or Asian Welsh: Other Asian",2,"L4, L5 and L6: Lower managerial, administrative and professional occupations",224
E05013980,Rush Green & Crowlands,5,"Asian, Asian British or Asian Welsh: Other Asian",3,L7: Intermediate occupations,64
E05013980,Rush Green & Crowlands,5,"Asian, Asian British or Asian Welsh: Other Asian",4,L8 and L9: Small employers and own account workers,27
E05013980,Rush Green & Crowlands,5,"Asian, Asian British or Asian Welsh: Other Asian",5,L10 and L11: Lower supervisory and technical occupations,16
E05013980,Rush Green & Crowlands,5,"Asian, Asian British or Asian Welsh: Other Asian",6,L12: Semi-routine occupations,44
E05013980,Rush Green & Crowlands,5,"Asian, Asian British or Asian Welsh: Other Asian",7,L13: Routine occupations,26
E05013980,Rush Green & Crowlands,5,"Asian, Asian British or Asian Welsh: Other Asian",8,L14.1 and L14.2: Never worked and long-term unemployed,36
E05013980,Rush Green & Crowlands,5,"Asian, Asian British or Asian Welsh: Other Asian",9,L15: Full-time students,46
E05013980,Rush Green & Crowlands,6,"Black, Black British, Black Welsh, Caribbean or African: African",-8,Does not apply,352
E05013980,Rush Green & Crowlands,6,"Black, Black British, Black Welsh, Caribbean or African: African",1,"L1, L2 and L3: Higher managerial, administrative and professional occupations",135
E05013980,Rush Green & Crowlands,6,"Black, Black British, Black Welsh, Caribbean or African: African",2,"L4, L5 and L6: Lower managerial, administrative and professional occupations",246
E05013980,Rush Green & Crowlands,6,"Black, Black British, Black Welsh, Caribbean or African: African",3,L7: Intermediate occupations,79
E05013980,Rush Green & Crowlands,6,"Black, Black British, Black Welsh, Caribbean or African: African",4,L8 and L9: Small employers and own account workers,51
E05013980,Rush Green & Crowlands,6,"Black, Black British, Black Welsh, Caribbean or African: African",5,L10 and L11: Lower supervisory and technical occupations,24
E05013980,Rush Green & Crowlands,6,"Black, Black British, Black Welsh, Caribbean or African: African",6,L12: Semi-routine occupations,100
E05013980,Rush Green & Crowlands,6,"Black, Black British, Black Welsh, Caribbean or African: African",7,L13: Routine occupations,56
E05013980,Rush Green & Crowlands,6,"Black, Black British, Black Welsh, Caribbean or African: African",8,L14.1 and L14.2: Never worked and long-term unemployed,80
E05013980,Rush Green & Crowlands,6,"Black, Black British, Black Welsh, Caribbean or African: African",9,L15: Full-time students,149
E05013980,Rush Green & Crowlands,7,"Black, Black British, Black Welsh, Caribbean or African: Caribbean",-8,Does not apply,100
E05013980,Rush Green & Crowlands,7,"Black, Black British, Black Welsh, Caribbean or African: Caribbean",1,"L1, L2 and L3: Higher managerial, administrative and professional occupations",57
E05013980,Rush Green & Crowlands,7,"Black, Black British, Black Welsh, Caribbean or African: Caribbean",2,"L4, L5 and L6: Lower managerial, administrative and professional occupations",118
E05013980,Rush Green & Crowlands,7,"Black, Black British, Black Welsh, Caribbean or African: Caribbean",3,L7: Intermediate occupations,67
E05013980,Rush Green & Crowlands,7,"Black, Black British, Black Welsh, Caribbean or African: Caribbean",4,L8 and L9: Small employers and own account workers,52
E05013980,Rush Green & Crowlands,7,"Black, Black British, Black Welsh, Caribbean or African: Caribbean",5,L10 and L11: Lower supervisory and technical occupations,20
E05013980,Rush Green & Crowlands,7,"Black, Black British, Black Welsh, Caribbean or African: Caribbean",6,L12: Semi-routine occupations,44
E05013980,Rush Green & Crowlands,7,"Black, Black British, Black Welsh, Caribbean or African: Caribbean",7,L13: Routine occupations,43
E05013980,Rush Green & Crowlands,7,"Black, Black British, Black Welsh, Caribbean or African: Caribbean",8,L14.1 and L14.2: Never worked and long-term unemployed,35
E05013980,Rush Green & Crowlands,7,"Black, Black British, Black Welsh, Caribbean or African: Caribbean",9,L15: Full-time students,34
E05013980,Rush Green & Crowlands,8,"Black, Black British, Black Welsh, Caribbean or African: Other Black",-8,Does not apply,118
E05013980,Rush Green & Crowlands,8,"Black, Black British, Black Welsh, Caribbean or African: Other Black",1,"L1, L2 and L3: Higher managerial, administrative and professional occupations",20
E05013980,Rush Green & Crowlands,8,"Black, Black British, Black Welsh, Caribbean or African: Other Black",2,"L4, L5 and L6: Lower managerial, administrative and professional occupations",21
E05013980,Rush Green & Crowlands,8,"Black, Black British, Black Welsh, Caribbean or African: Other Black",3,L7: Intermediate occupations,15
E05013980,Rush Green & Crowlands,8,"Black, Black British, Black Welsh, Caribbean or African: Other Black",4,L8 and L9: Small employers and own account workers,6
E05013980,Rush Green & Crowlands,8,"Black, Black British, Black Welsh, Caribbean or African: Other Black",5,L10 and L11: Lower supervisory and technical occupations,8
E05013980,Rush Green & Crowlands,8,"Black, Black British, Black Welsh, Caribbean or African: Other Black",6,L12: Semi-routine occupations,6
E05013980,Rush Green & Crowlands,8,"Black, Black British, Black Welsh, Caribbean or African: Other Black",7,L13: Routine occupations,10
E05013980,Rush Green & Crowlands,8,"Black, Black British, Black Welsh, Caribbean or African: Other Black",8,L14.1 and L14.2: Never worked and long-term unemployed,11
E05013980,Rush Green & Crowlands,8,"Black, Black British, Black Welsh, Caribbean or African: Other Black",9,L15: Full-time students,23
E05013980,Rush Green & Crowlands,9,Mixed or Multiple ethnic groups: White and Asian,-8,Does not apply,104
E05013980,Rush Green & Crowlands,9,Mixed or Multiple ethnic groups: White and Asian,1,"L1, L2 and L3: Higher managerial, administrative and professional occupations",8
E05013980,Rush Green & Crowlands,9,Mixed or Multiple ethnic groups: White and Asian,2,"L4, L5 and L6: Lower managerial, administrative and professional occupations",21
E05013980,Rush Green & Crowlands,9,Mixed or Multiple ethnic groups: White and Asian,3,L7: Intermediate occupations,15
E05013980,Rush Green & Crowlands,9,Mixed or Multiple ethnic groups: White and Asian,4,L8 and L9: Small employers and own account workers,4
E05013980,Rush Green & Crowlands,9,Mixed or Multiple ethnic groups: White and Asian,5,L10 and L11: Lower supervisory and technical occupations,5
E05013980,Rush Green & Crowlands,9,Mixed or Multiple ethnic groups: White and Asian,6,L12: Semi-routine occupations,5
E05013980,Rush Green & Crowlands,9,Mixed or Multiple ethnic groups: White and Asian,7,L13: Routine occupations,2
E05013980,Rush Green & Crowlands,9,Mixed or Multiple ethnic groups: White and Asian,8,L14.1 and L14.2: Never worked and long-term unemployed,7
E05013980,Rush Green & Crowlands,9,Mixed or Multiple ethnic groups: White and Asian,9,L15: Full-time students,9
E05013980,Rush Green & Crowlands,10,Mixed or Multiple ethnic groups: White and Black African,-8,Does not apply,93
E05013980,Rush Green & Crowlands,10,Mixed or Multiple ethnic groups: White and Black African,1,"L1, L2 and L3: Higher managerial, administrative and professional occupations",8
E05013980,Rush Green & Crowlands,10,Mixed or Multiple ethnic groups: White and Black African,2,"L4, L5 and L6: Lower managerial, administrative and professional occupations",13
E05013980,Rush Green & Crowlands,10,Mixed or Multiple ethnic groups: White and Black African,3,L7: Intermediate occupations,4
E05013980,Rush Green & Crowlands,10,Mixed or Multiple ethnic groups: White and Black African,4,L8 and L9: Small employers and own account workers,1
E05013980,Rush Green & Crowlands,10,Mixed or Multiple ethnic groups: White and Black African,5,L10 and L11: Lower supervisory and technical occupations,2
E05013980,Rush Green & Crowlands,10,Mixed or Multiple ethnic groups: White and Black African,6,L12: Semi-routine occupations,9
E05013980,Rush Green & Crowlands,10,Mixed or Multiple ethnic groups: White and Black African,7,L13: Routine occupations,6
E05013980,Rush Green & Crowlands,10,Mixed or Multiple ethnic groups: White and Black African,8,L14.1 and L14.2: Never worked and long-term unemployed,3
E05013980,Rush Green & Crowlands,10,Mixed or Multiple ethnic groups: White and Black African,9,L15: Full-time students,12
E05013980,Rush Green & Crowlands,11,Mixed or Multiple ethnic groups: White and Black Caribbean,-8,Does not apply,141
E05013980,Rush Green & Crowlands,11,Mixed or Multiple ethnic groups: White and Black Caribbean,1,"L1, L2 and L3: Higher managerial, administrative and professional occupations",15
E05013980,Rush Green & Crowlands,11,Mixed or Multiple ethnic groups: White and Black Caribbean,2,"L4, L5 and L6: Lower managerial, administrative and professional occupations",29
E05013980,Rush Green & Crowlands,11,Mixed or Multiple ethnic groups: White and Black Caribbean,3,L7: Intermediate occupations,23
E05013980,Rush Green & Crowlands,11,Mixed or Multiple ethnic groups: White and Black Caribbean,4,L8 and L9: Small employers and own account workers,13
E05013980,Rush Green & Crowlands,11,Mixed or Multiple ethnic groups: White and Black Caribbean,5,L10 and L11: Lower supervisory and technical occupations,10
E05013980,Rush Green & Crowlands,11,Mixed or Multiple ethnic groups: White and Black Caribbean,6,L12: Semi-routine occupations,18
E05013980,Rush Green & Crowlands,11,Mixed or Multiple ethnic groups: White and Black Caribbean,7,L13: Routine occupations,14
E05013980,Rush Green & Crowlands,11,Mixed or Multiple ethnic groups: White and Black Caribbean,8,L14.1 and L14.2: Never worked and long-term unemployed,13
E05013980,Rush Green & Crowlands,11,Mixed or Multiple ethnic groups: White and Black Caribbean,9,L15: Full-time students,17
E05013980,Rush Green & Crowlands,12,Mixed or Multiple ethnic groups: Other Mixed or Multiple ethnic groups,-8,Does not apply,111
E05013980,Rush Green & Crowlands,12,Mixed or Multiple ethnic groups: Other Mixed or Multiple ethnic groups,1,"L1, L2 and L3: Higher managerial, administrative and professional occupations",18
E05013980,Rush Green & Crowlands,12,Mixed or Multiple ethnic groups: Other Mixed or Multiple ethnic groups,2,"L4, L5 and L6: Lower managerial, administrative and professional occupations",30
E05013980,Rush Green & Crowlands,12,Mixed or Multiple ethnic groups: Other Mixed or Multiple ethnic groups,3,L7: Intermediate occupations,16
E05013980,Rush Green & Crowlands,12,Mixed or Multiple ethnic groups: Other Mixed or Multiple ethnic groups,4,L8 and L9: Small employers and own account workers,3
E05013980,Rush Green & Crowlands,12,Mixed or Multiple ethnic groups: Other Mixed or Multiple ethnic groups,5,L10 and L11: Lower supervisory and technical occupations,4
E05013980,Rush Green & Crowlands,12,Mixed or Multiple ethnic groups: Other Mixed or Multiple ethnic groups,6,L12: Semi-routine occupations,9
E05013980,Rush Green & Crowlands,12,Mixed or Multiple ethnic groups: Other Mixed or Multiple ethnic groups,7,L13: Routine occupations,7
E05013980,Rush Green & Crowlands,12,Mixed or Multiple ethnic groups: Other Mixed or Multiple ethnic groups,8,L14.1 and L14.2: Never worked and long-term unemployed,7
E05013980,Rush Green & Crowlands,12,Mixed or Multiple ethnic groups: Other Mixed or Multiple ethnic groups,9,L15: Full-time students,24
E05013980,Rush Green & Crowlands,13,"White: English, Welsh, Scottish, Northern Irish or British",-8,Does not apply,1355
E05013980,Rush Green & Crowlands,13,"White: English, Welsh, Scottish, Northern Irish or British",1,"L1, L2 and L3: Higher managerial, administrative and professional occupations",545
E05013980,Rush Green & Crowlands,13,"White: English, Welsh, Scottish, Northern Irish or British",2,"L4, L5 and L6: Lower managerial, administrative and professional occupations",1099
E05013980,Rush Green & Crowlands,13,"White: English, Welsh, Scottish, Northern Irish or British",3,L7: Intermediate occupations,933
E05013980,Rush Green & Crowlands,13,"White: English, Welsh, Scottish, Northern Irish or British",4,L8 and L9: Small employers and own account workers,654
E05013980,Rush Green & Crowlands,13,"White: English, Welsh, Scottish, Northern Irish or British",5,L10 and L11: Lower supervisory and technical occupations,361
E05013980,Rush Green & Crowlands,13,"White: English, Welsh, Scottish, Northern Irish or British",6,L12: Semi-routine occupations,702
E05013980,Rush Green & Crowlands,13,"White: English, Welsh, Scottish, Northern Irish or British",7,L13: Routine occupations,743
E05013980,Rush Green & Crowlands,13,"White: English, Welsh, Scottish, Northern Irish or British",8,L14.1 and L14.2: Never worked and long-term unemployed,604
E05013980,Rush Green & Crowlands,13,"White: English, Welsh, Scottish, Northern Irish or British",9,L15: Full-time students,268
E05013980,Rush Green & Crowlands,14,White: Irish,-8,Does not apply,10
E05013980,Rush Green & Crowlands,14,White: Irish,1,"L1, L2 and L3: Higher managerial, administrative and professional occupations",20
E05013980,Rush Green & Crowlands,14,White: Irish,2,"L4, L5 and L6: Lower managerial, administrative and professional occupations",40
E05013980,Rush Green & Crowlands,14,White: Irish,3,L7: Intermediate occupations,26
E05013980,Rush Green & Crowlands,14,White: Irish,4,L8 and L9: Small employers and own account workers,24
E05013980,Rush Green & Crowlands,14,White: Irish,5,L10 and L11: Lower supervisory and technical occupations,10
E05013980,Rush Green & Crowlands,14,White: Irish,6,L12: Semi-routine occupations,15
E05013980,Rush Green & Crowlands,14,White: Irish,7,L13: Routine occupations,13
E05013980,Rush Green & Crowlands,14,White: Irish,8,L14.1 and L14.2: Never worked and long-term unemployed,12
E05013980,Rush Green & Crowlands,14,White: Irish,9,L15: Full-time students,2
E05013980,Rush Green & Crowlands,15,White: Gypsy or Irish Traveller,-8,Does not apply,6
E05013980,Rush Green & Crowlands,15,White: Gypsy or Irish Traveller,1,"L1, L2 and L3: Higher managerial, administrative and professional occupations",1
E05013980,Rush Green & Crowlands,15,White: Gypsy or Irish Traveller,2,"L4, L5 and L6: Lower managerial, administrative and professional occupations",0
E05013980,Rush Green & Crowlands,15,White: Gypsy or Irish Traveller,3,L7: Intermediate occupations,2
E05013980,Rush Green & Crowlands,15,White: Gypsy or Irish Traveller,4,L8 and L9: Small employers and own account workers,7
E05013980,Rush Green & Crowlands,15,White: Gypsy or Irish Traveller,5,L10 and L11: Lower supervisory and technical occupations,0
E05013980,Rush Green & Crowlands,15,White: Gypsy or Irish Traveller,6,L12: Semi-routine occupations,1
E05013980,Rush Green & Crowlands,15,White: Gypsy or Irish Traveller,7,L13: Routine occupations,2
E05013980,Rush Green & Crowlands,15,White: Gypsy or Irish Traveller,8,L14.1 and L14.2: Never worked and long-term unemployed,6
E05013980,Rush Green & Crowlands,15,White: Gypsy or Irish Traveller,9,L15: Full-time students,0
E05013980,Rush Green & Crowlands,16,White: Roma,-8,Does not apply,11
E05013980,Rush Green & Crowlands,16,White: Roma,1,"L1, L2 and L3: Higher managerial, administrative and professional occupations",1
E05013980,Rush Green & Crowlands,16,White: Roma,2,"L4, L5 and L6: Lower managerial, administrative and professional occupations",2
E05013980,Rush Green & Crowlands,16,White: Roma,3,L7: Intermediate occupations,2
E05013980,Rush Green & Crowlands,16,White: Roma,4,L8 and L9: Small employers and own account workers,19
E05013980,Rush Green & Crowlands,16,White: Roma,5,L10 and L11: Lower supervisory and technical occupations,2
E05013980,Rush Green & Crowlands,16,White: Roma,6,L12: Semi-routine occupations,4
E05013980,Rush Green & Crowlands,16,White: Roma,7,L13: Routine occupations,8
E05013980,Rush Green & Crowlands,16,White: Roma,8,L14.1 and L14.2: Never worked and long-term unemployed,2
E05013980,Rush Green & Crowlands,16,White: Roma,9,L15: Full-time students,4
E05013980,Rush Green & Crowlands,17,White: Other White,-8,Does not apply,341
E05013980,Rush Green & Crowlands,17,White: Other White,1,"L1, L2 and L3: Higher managerial, administrative and professional occupations",107
E05013980,Rush Green & Crowlands,17,White: Other White,2,"L4, L5 and L6: Lower managerial, administrative and professional occupations",261
E05013980,Rush Green & Crowlands,17,White: Other White,3,L7: Intermediate occupations,140
E05013980,Rush Green & Crowlands,17,White: Other White,4,L8 and L9: Small employers and own account workers,419
E05013980,Rush Green & Crowlands,17,White: Other White,5,L10 and L11: Lower supervisory and technical occupations,72
E05013980,Rush Green & Crowlands,17,White: Other White,6,L12: Semi-routine occupations,121
E05013980,Rush Green & Crowlands,17,White: Other White,7,L13: Routine occupations,164
E05013980,Rush Green & Crowlands,17,White: Other White,8,L14.1 and L14.2: Never worked and long-term unemployed,91
E05013980,Rush Green & Crowlands,17,White: Other White,9,L15: Full-time students,194
E05013980,Rush Green & Crowlands,18,Other ethnic group: Arab,-8,Does not apply,18
E05013980,Rush Green & Crowlands,18,Other ethnic group: Arab,1,"L1, L2 and L3: Higher managerial, administrative and professional occupations",24
E05013980,Rush Green & Crowlands,18,Other ethnic group: Arab,2,"L4, L5 and L6: Lower managerial, administrative and professional occupations",8
E05013980,Rush Green & Crowlands,18,Other ethnic group: Arab,3,L7: Intermediate occupations,2
E05013980,Rush Green & Crowlands,18,Other ethnic group: Arab,4,L8 and L9: Small employers and own account workers,2
E05013980,Rush Green & Crowlands,18,Other ethnic group: Arab,5,L10 and L11: Lower supervisory and technical occupations,3
E05013980,Rush Green & Crowlands,18,Other ethnic group: Arab,6,L12: Semi-routine occupations,5
E05013980,Rush Green & Crowlands,18,Other ethnic group: Arab,7,L13: Routine occupations,11
E05013980,Rush Green & Crowlands,18,Other ethnic group: Arab,8,L14.1 and L14.2: Never worked and long-term unemployed,11
E05013980,Rush Green & Crowlands,18,Other ethnic group: Arab,9,L15: Full-time students,7
E05013980,Rush Green & Crowlands,19,Other ethnic group: Any other ethnic group,-8,Does not apply,110
E05013980,Rush Green & Crowlands,19,Other ethnic group: Any other ethnic group,1,"L1, L2 and L3: Higher managerial, administrative and professional occupations",35
E05013980,Rush Green & Crowlands,19,Other ethnic group: Any other ethnic group,2,"L4, L5 and L6: Lower managerial, administrative and professional occupations",74
E05013980,Rush Green & Crowlands,19,Other ethnic group: Any other ethnic group,3,L7: Intermediate occupations,31
E05013980,Rush Green & Crowlands,19,Other ethnic group: Any other ethnic group,4,L8 and L9: Small employers and own account workers,50
E05013980,Rush Green & Crowlands,19,Other ethnic group: Any other ethnic group,5,L10 and L11: Lower supervisory and technical occupations,15
E05013980,Rush Green & Crowlands,19,Other ethnic group: Any other ethnic group,6,L12: Semi-routine occupations,36
E05013980,Rush Green & Crowlands,19,Other ethnic group: Any other ethnic group,7,L13: Routine occupations,39
E05013980,Rush Green & Crowlands,19,Other ethnic group: Any other ethnic group,8,L14.1 and L14.2: Never worked and long-term unemployed,44
E05013980,Rush Green & Crowlands,19,Other ethnic group: Any other ethnic group,9,L15: Full-time students,30
E05013981,St Alban's,-8,Does not apply,-8,Does not apply,0
E05013981,St Alban's,-8,Does not apply,1,"L1, L2 and L3: Higher managerial, administrative and professional occupations",0
E05013981,St Alban's,-8,Does not apply,2,"L4, L5 and L6: Lower managerial, administrative and professional occupations",0
E05013981,St Alban's,-8,Does not apply,3,L7: Intermediate occupations,0
E05013981,St Alban's,-8,Does not apply,4,L8 and L9: Small employers and own account workers,0
E05013981,St Alban's,-8,Does not apply,5,L10 and L11: Lower supervisory and technical occupations,0
E05013981,St Alban's,-8,Does not apply,6,L12: Semi-routine occupations,0
E05013981,St Alban's,-8,Does not apply,7,L13: Routine occupations,0
E05013981,St Alban's,-8,Does not apply,8,L14.1 and L14.2: Never worked and long-term unemployed,0
E05013981,St Alban's,-8,Does not apply,9,L15: Full-time students,0
E05013981,St Alban's,1,"Asian, Asian British or Asian Welsh: Bangladeshi",-8,Does not apply,54
E05013981,St Alban's,1,"Asian, Asian British or Asian Welsh: Bangladeshi",1,"L1, L2 and L3: Higher managerial, administrative and professional occupations",25
E05013981,St Alban's,1,"Asian, Asian British or Asian Welsh: Bangladeshi",2,"L4, L5 and L6: Lower managerial, administrative and professional occupations",33
E05013981,St Alban's,1,"Asian, Asian British or Asian Welsh: Bangladeshi",3,L7: Intermediate occupations,13
E05013981,St Alban's,1,"Asian, Asian British or Asian Welsh: Bangladeshi",4,L8 and L9: Small employers and own account workers,16
E05013981,St Alban's,1,"Asian, Asian British or Asian Welsh: Bangladeshi",5,L10 and L11: Lower supervisory and technical occupations,3
E05013981,St Alban's,1,"Asian, Asian British or Asian Welsh: Bangladeshi",6,L12: Semi-routine occupations,16
E05013981,St Alban's,1,"Asian, Asian British or Asian Welsh: Bangladeshi",7,L13: Routine occupations,8
E05013981,St Alban's,1,"Asian, Asian British or Asian Welsh: Bangladeshi",8,L14.1 and L14.2: Never worked and long-term unemployed,27
E05013981,St Alban's,1,"Asian, Asian British or Asian Welsh: Bangladeshi",9,L15: Full-time students,19
E05013981,St Alban's,2,"Asian, Asian British or Asian Welsh: Chinese",-8,Does not apply,21
E05013981,St Alban's,2,"Asian, Asian British or Asian Welsh: Chinese",1,"L1, L2 and L3: Higher managerial, administrative and professional occupations",19
E05013981,St Alban's,2,"Asian, Asian British or Asian Welsh: Chinese",2,"L4, L5 and L6: Lower managerial, administrative and professional occupations",23
E05013981,St Alban's,2,"Asian, Asian British or Asian Welsh: Chinese",3,L7: Intermediate occupations,12
E05013981,St Alban's,2,"Asian, Asian British or Asian Welsh: Chinese",4,L8 and L9: Small employers and own account workers,9
E05013981,St Alban's,2,"Asian, Asian British or Asian Welsh: Chinese",5,L10 and L11: Lower supervisory and technical occupations,10
E05013981,St Alban's,2,"Asian, Asian British or Asian Welsh: Chinese",6,L12: Semi-routine occupations,13
E05013981,St Alban's,2,"Asian, Asian British or Asian Welsh: Chinese",7,L13: Routine occupations,5
E05013981,St Alban's,2,"Asian, Asian British or Asian Welsh: Chinese",8,L14.1 and L14.2: Never worked and long-term unemployed,15
E05013981,St Alban's,2,"Asian, Asian British or Asian Welsh: Chinese",9,L15: Full-time students,2
E05013981,St Alban's,3,"Asian, Asian British or Asian Welsh: Indian",-8,Does not apply,70
E05013981,St Alban's,3,"Asian, Asian British or Asian Welsh: Indian",1,"L1, L2 and L3: Higher managerial, administrative and professional occupations",52
E05013981,St Alban's,3,"Asian, Asian British or Asian Welsh: Indian",2,"L4, L5 and L6: Lower managerial, administrative and professional occupations",47
E05013981,St Alban's,3,"Asian, Asian British or Asian Welsh: Indian",3,L7: Intermediate occupations,32
E05013981,St Alban's,3,"Asian, Asian British or Asian Welsh: Indian",4,L8 and L9: Small employers and own account workers,23
E05013981,St Alban's,3,"Asian, Asian British or Asian Welsh: Indian",5,L10 and L11: Lower supervisory and technical occupations,7
E05013981,St Alban's,3,"Asian, Asian British or Asian Welsh: Indian",6,L12: Semi-routine occupations,21
E05013981,St Alban's,3,"Asian, Asian British or Asian Welsh: Indian",7,L13: Routine occupations,10
E05013981,St Alban's,3,"Asian, Asian British or Asian Welsh: Indian",8,L14.1 and L14.2: Never worked and long-term unemployed,21
E05013981,St Alban's,3,"Asian, Asian British or Asian Welsh: Indian",9,L15: Full-time students,13
E05013981,St Alban's,4,"Asian, Asian British or Asian Welsh: Pakistani",-8,Does not apply,86
E05013981,St Alban's,4,"Asian, Asian British or Asian Welsh: Pakistani",1,"L1, L2 and L3: Higher managerial, administrative and professional occupations",22
E05013981,St Alban's,4,"Asian, Asian British or Asian Welsh: Pakistani",2,"L4, L5 and L6: Lower managerial, administrative and professional occupations",31
E05013981,St Alban's,4,"Asian, Asian British or Asian Welsh: Pakistani",3,L7: Intermediate occupations,16
E05013981,St Alban's,4,"Asian, Asian British or Asian Welsh: Pakistani",4,L8 and L9: Small employers and own account workers,13
E05013981,St Alban's,4,"Asian, Asian British or Asian Welsh: Pakistani",5,L10 and L11: Lower supervisory and technical occupations,8
E05013981,St Alban's,4,"Asian, Asian British or Asian Welsh: Pakistani",6,L12: Semi-routine occupations,13
E05013981,St Alban's,4,"Asian, Asian British or Asian Welsh: Pakistani",7,L13: Routine occupations,11
E05013981,St Alban's,4,"Asian, Asian British or Asian Welsh: Pakistani",8,L14.1 and L14.2: Never worked and long-term unemployed,41
E05013981,St Alban's,4,"Asian, Asian British or Asian Welsh: Pakistani",9,L15: Full-time students,19
E05013981,St Alban's,5,"Asian, Asian British or Asian Welsh: Other Asian",-8,Does not apply,41
E05013981,St Alban's,5,"Asian, Asian British or Asian Welsh: Other Asian",1,"L1, L2 and L3: Higher managerial, administrative and professional occupations",25
E05013981,St Alban's,5,"Asian, Asian British or Asian Welsh: Other Asian",2,"L4, L5 and L6: Lower managerial, administrative and professional occupations",56
E05013981,St Alban's,5,"Asian, Asian British or Asian Welsh: Other Asian",3,L7: Intermediate occupations,19
E05013981,St Alban's,5,"Asian, Asian British or Asian Welsh: Other Asian",4,L8 and L9: Small employers and own account workers,13
E05013981,St Alban's,5,"Asian, Asian British or Asian Welsh: Other Asian",5,L10 and L11: Lower supervisory and technical occupations,3
E05013981,St Alban's,5,"Asian, Asian British or Asian Welsh: Other Asian",6,L12: Semi-routine occupations,24
E05013981,St Alban's,5,"Asian, Asian British or Asian Welsh: Other Asian",7,L13: Routine occupations,14
E05013981,St Alban's,5,"Asian, Asian British or Asian Welsh: Other Asian",8,L14.1 and L14.2: Never worked and long-term unemployed,22
E05013981,St Alban's,5,"Asian, Asian British or Asian Welsh: Other Asian",9,L15: Full-time students,18
E05013981,St Alban's,6,"Black, Black British, Black Welsh, Caribbean or African: African",-8,Does not apply,156
E05013981,St Alban's,6,"Black, Black British, Black Welsh, Caribbean or African: African",1,"L1, L2 and L3: Higher managerial, administrative and professional occupations",52
E05013981,St Alban's,6,"Black, Black British, Black Welsh, Caribbean or African: African",2,"L4, L5 and L6: Lower managerial, administrative and professional occupations",84
E05013981,St Alban's,6,"Black, Black British, Black Welsh, Caribbean or African: African",3,L7: Intermediate occupations,32
E05013981,St Alban's,6,"Black, Black British, Black Welsh, Caribbean or African: African",4,L8 and L9: Small employers and own account workers,25
E05013981,St Alban's,6,"Black, Black British, Black Welsh, Caribbean or African: African",5,L10 and L11: Lower supervisory and technical occupations,12
E05013981,St Alban's,6,"Black, Black British, Black Welsh, Caribbean or African: African",6,L12: Semi-routine occupations,52
E05013981,St Alban's,6,"Black, Black British, Black Welsh, Caribbean or African: African",7,L13: Routine occupations,38
E05013981,St Alban's,6,"Black, Black British, Black Welsh, Caribbean or African: African",8,L14.1 and L14.2: Never worked and long-term unemployed,45
E05013981,St Alban's,6,"Black, Black British, Black Welsh, Caribbean or African: African",9,L15: Full-time students,75
E05013981,St Alban's,7,"Black, Black British, Black Welsh, Caribbean or African: Caribbean",-8,Does not apply,20
E05013981,St Alban's,7,"Black, Black British, Black Welsh, Caribbean or African: Caribbean",1,"L1, L2 and L3: Higher managerial, administrative and professional occupations",29
E05013981,St Alban's,7,"Black, Black British, Black Welsh, Caribbean or African: Caribbean",2,"L4, L5 and L6: Lower managerial, administrative and professional occupations",52
E05013981,St Alban's,7,"Black, Black British, Black Welsh, Caribbean or African: Caribbean",3,L7: Intermediate occupations,21
E05013981,St Alban's,7,"Black, Black British, Black Welsh, Caribbean or African: Caribbean",4,L8 and L9: Small employers and own account workers,12
E05013981,St Alban's,7,"Black, Black British, Black Welsh, Caribbean or African: Caribbean",5,L10 and L11: Lower supervisory and technical occupations,14
E05013981,St Alban's,7,"Black, Black British, Black Welsh, Caribbean or African: Caribbean",6,L12: Semi-routine occupations,32
E05013981,St Alban's,7,"Black, Black British, Black Welsh, Caribbean or African: Caribbean",7,L13: Routine occupations,12
E05013981,St Alban's,7,"Black, Black British, Black Welsh, Caribbean or African: Caribbean",8,L14.1 and L14.2: Never worked and long-term unemployed,14
E05013981,St Alban's,7,"Black, Black British, Black Welsh, Caribbean or African: Caribbean",9,L15: Full-time students,15
E05013981,St Alban's,8,"Black, Black British, Black Welsh, Caribbean or African: Other Black",-8,Does not apply,42
E05013981,St Alban's,8,"Black, Black British, Black Welsh, Caribbean or African: Other Black",1,"L1, L2 and L3: Higher managerial, administrative and professional occupations",5
E05013981,St Alban's,8,"Black, Black British, Black Welsh, Caribbean or African: Other Black",2,"L4, L5 and L6: Lower managerial, administrative and professional occupations",9
E05013981,St Alban's,8,"Black, Black British, Black Welsh, Caribbean or African: Other Black",3,L7: Intermediate occupations,4
E05013981,St Alban's,8,"Black, Black British, Black Welsh, Caribbean or African: Other Black",4,L8 and L9: Small employers and own account workers,4
E05013981,St Alban's,8,"Black, Black British, Black Welsh, Caribbean or African: Other Black",5,L10 and L11: Lower supervisory and technical occupations,1
E05013981,St Alban's,8,"Black, Black British, Black Welsh, Caribbean or African: Other Black",6,L12: Semi-routine occupations,6
E05013981,St Alban's,8,"Black, Black British, Black Welsh, Caribbean or African: Other Black",7,L13: Routine occupations,0
E05013981,St Alban's,8,"Black, Black British, Black Welsh, Caribbean or African: Other Black",8,L14.1 and L14.2: Never worked and long-term unemployed,4
E05013981,St Alban's,8,"Black, Black British, Black Welsh, Caribbean or African: Other Black",9,L15: Full-time students,9
E05013981,St Alban's,9,Mixed or Multiple ethnic groups: White and Asian,-8,Does not apply,58
E05013981,St Alban's,9,Mixed or Multiple ethnic groups: White and Asian,1,"L1, L2 and L3: Higher managerial, administrative and professional occupations",3
E05013981,St Alban's,9,Mixed or Multiple ethnic groups: White and Asian,2,"L4, L5 and L6: Lower managerial, administrative and professional occupations",11
E05013981,St Alban's,9,Mixed or Multiple ethnic groups: White and Asian,3,L7: Intermediate occupations,3
E05013981,St Alban's,9,Mixed or Multiple ethnic groups: White and Asian,4,L8 and L9: Small employers and own account workers,2
E05013981,St Alban's,9,Mixed or Multiple ethnic groups: White and Asian,5,L10 and L11: Lower supervisory and technical occupations,5
E05013981,St Alban's,9,Mixed or Multiple ethnic groups: White and Asian,6,L12: Semi-routine occupations,3
E05013981,St Alban's,9,Mixed or Multiple ethnic groups: White and Asian,7,L13: Routine occupations,5
E05013981,St Alban's,9,Mixed or Multiple ethnic groups: White and Asian,8,L14.1 and L14.2: Never worked and long-term unemployed,1
E05013981,St Alban's,9,Mixed or Multiple ethnic groups: White and Asian,9,L15: Full-time students,4
E05013981,St Alban's,10,Mixed or Multiple ethnic groups: White and Black African,-8,Does not apply,40
E05013981,St Alban's,10,Mixed or Multiple ethnic groups: White and Black African,1,"L1, L2 and L3: Higher managerial, administrative and professional occupations",5
E05013981,St Alban's,10,Mixed or Multiple ethnic groups: White and Black African,2,"L4, L5 and L6: Lower managerial, administrative and professional occupations",4
E05013981,St Alban's,10,Mixed or Multiple ethnic groups: White and Black African,3,L7: Intermediate occupations,2
E05013981,St Alban's,10,Mixed or Multiple ethnic groups: White and Black African,4,L8 and L9: Small employers and own account workers,1
E05013981,St Alban's,10,Mixed or Multiple ethnic groups: White and Black African,5,L10 and L11: Lower supervisory and technical occupations,0
E05013981,St Alban's,10,Mixed or Multiple ethnic groups: White and Black African,6,L12: Semi-routine occupations,5
E05013981,St Alban's,10,Mixed or Multiple ethnic groups: White and Black African,7,L13: Routine occupations,5
E05013981,St Alban's,10,Mixed or Multiple ethnic groups: White and Black African,8,L14.1 and L14.2: Never worked and long-term unemployed,7
E05013981,St Alban's,10,Mixed or Multiple ethnic groups: White and Black African,9,L15: Full-time students,6
E05013981,St Alban's,11,Mixed or Multiple ethnic groups: White and Black Caribbean,-8,Does not apply,58
E05013981,St Alban's,11,Mixed or Multiple ethnic groups: White and Black Caribbean,1,"L1, L2 and L3: Higher managerial, administrative and professional occupations",7
E05013981,St Alban's,11,Mixed or Multiple ethnic groups: White and Black Caribbean,2,"L4, L5 and L6: Lower managerial, administrative and professional occupations",24
E05013981,St Alban's,11,Mixed or Multiple ethnic groups: White and Black Caribbean,3,L7: Intermediate occupations,8
E05013981,St Alban's,11,Mixed or Multiple ethnic groups: White and Black Caribbean,4,L8 and L9: Small employers and own account workers,8
E05013981,St Alban's,11,Mixed or Multiple ethnic groups: White and Black Caribbean,5,L10 and L11: Lower supervisory and technical occupations,5
E05013981,St Alban's,11,Mixed or Multiple ethnic groups: White and Black Caribbean,6,L12: Semi-routine occupations,4
E05013981,St Alban's,11,Mixed or Multiple ethnic groups: White and Black Caribbean,7,L13: Routine occupations,7
E05013981,St Alban's,11,Mixed or Multiple ethnic groups: White and Black Caribbean,8,L14.1 and L14.2: Never worked and long-term unemployed,9
E05013981,St Alban's,11,Mixed or Multiple ethnic groups: White and Black Caribbean,9,L15: Full-time students,7
E05013981,St Alban's,12,Mixed or Multiple ethnic groups: Other Mixed or Multiple ethnic groups,-8,Does not apply,38
E05013981,St Alban's,12,Mixed or Multiple ethnic groups: Other Mixed or Multiple ethnic groups,1,"L1, L2 and L3: Higher managerial, administrative and professional occupations",8
E05013981,St Alban's,12,Mixed or Multiple ethnic groups: Other Mixed or Multiple ethnic groups,2,"L4, L5 and L6: Lower managerial, administrative and professional occupations",17
E05013981,St Alban's,12,Mixed or Multiple ethnic groups: Other Mixed or Multiple ethnic groups,3,L7: Intermediate occupations,6
E05013981,St Alban's,12,Mixed or Multiple ethnic groups: Other Mixed or Multiple ethnic groups,4,L8 and L9: Small employers and own account workers,3
E05013981,St Alban's,12,Mixed or Multiple ethnic groups: Other Mixed or Multiple ethnic groups,5,L10 and L11: Lower supervisory and technical occupations,5
E05013981,St Alban's,12,Mixed or Multiple ethnic groups: Other Mixed or Multiple ethnic groups,6,L12: Semi-routine occupations,6
E05013981,St Alban's,12,Mixed or Multiple ethnic groups: Other Mixed or Multiple ethnic groups,7,L13: Routine occupations,5
E05013981,St Alban's,12,Mixed or Multiple ethnic groups: Other Mixed or Multiple ethnic groups,8,L14.1 and L14.2: Never worked and long-term unemployed,2
E05013981,St Alban's,12,Mixed or Multiple ethnic groups: Other Mixed or Multiple ethnic groups,9,L15: Full-time students,14
E05013981,St Alban's,13,"White: English, Welsh, Scottish, Northern Irish or British",-8,Does not apply,886
E05013981,St Alban's,13,"White: English, Welsh, Scottish, Northern Irish or British",1,"L1, L2 and L3: Higher managerial, administrative and professional occupations",453
E05013981,St Alban's,13,"White: English, Welsh, Scottish, Northern Irish or British",2,"L4, L5 and L6: Lower managerial, administrative and professional occupations",813
E05013981,St Alban's,13,"White: English, Welsh, Scottish, Northern Irish or British",3,L7: Intermediate occupations,613
E05013981,St Alban's,13,"White: English, Welsh, Scottish, Northern Irish or British",4,L8 and L9: Small employers and own account workers,366
E05013981,St Alban's,13,"White: English, Welsh, Scottish, Northern Irish or British",5,L10 and L11: Lower supervisory and technical occupations,191
E05013981,St Alban's,13,"White: English, Welsh, Scottish, Northern Irish or British",6,L12: Semi-routine occupations,409
E05013981,St Alban's,13,"White: English, Welsh, Scottish, Northern Irish or British",7,L13: Routine occupations,363
E05013981,St Alban's,13,"White: English, Welsh, Scottish, Northern Irish or British",8,L14.1 and L14.2: Never worked and long-term unemployed,326
E05013981,St Alban's,13,"White: English, Welsh, Scottish, Northern Irish or British",9,L15: Full-time students,171
E05013981,St Alban's,14,White: Irish,-8,Does not apply,7
E05013981,St Alban's,14,White: Irish,1,"L1, L2 and L3: Higher managerial, administrative and professional occupations",19
E05013981,St Alban's,14,White: Irish,2,"L4, L5 and L6: Lower managerial, administrative and professional occupations",22
E05013981,St Alban's,14,White: Irish,3,L7: Intermediate occupations,12
E05013981,St Alban's,14,White: Irish,4,L8 and L9: Small employers and own account workers,9
E05013981,St Alban's,14,White: Irish,5,L10 and L11: Lower supervisory and technical occupations,4
E05013981,St Alban's,14,White: Irish,6,L12: Semi-routine occupations,9
E05013981,St Alban's,14,White: Irish,7,L13: Routine occupations,6
E05013981,St Alban's,14,White: Irish,8,L14.1 and L14.2: Never worked and long-term unemployed,8
E05013981,St Alban's,14,White: Irish,9,L15: Full-time students,4
E05013981,St Alban's,15,White: Gypsy or Irish Traveller,-8,Does not apply,6
E05013981,St Alban's,15,White: Gypsy or Irish Traveller,1,"L1, L2 and L3: Higher managerial, administrative and professional occupations",1
E05013981,St Alban's,15,White: Gypsy or Irish Traveller,2,"L4, L5 and L6: Lower managerial, administrative and professional occupations",1
E05013981,St Alban's,15,White: Gypsy or Irish Traveller,3,L7: Intermediate occupations,0
E05013981,St Alban's,15,White: Gypsy or Irish Traveller,4,L8 and L9: Small employers and own account workers,3
E05013981,St Alban's,15,White: Gypsy or Irish Traveller,5,L10 and L11: Lower supervisory and technical occupations,0
E05013981,St Alban's,15,White: Gypsy or Irish Traveller,6,L12: Semi-routine occupations,1
E05013981,St Alban's,15,White: Gypsy or Irish Traveller,7,L13: Routine occupations,1
E05013981,St Alban's,15,White: Gypsy or Irish Traveller,8,L14.1 and L14.2: Never worked and long-term unemployed,3
E05013981,St Alban's,15,White: Gypsy or Irish Traveller,9,L15: Full-time students,0
E05013981,St Alban's,16,White: Roma,-8,Does not apply,10
E05013981,St Alban's,16,White: Roma,1,"L1, L2 and L3: Higher managerial, administrative and professional occupations",1
E05013981,St Alban's,16,White: Roma,2,"L4, L5 and L6: Lower managerial, administrative and professional occupations",1
E05013981,St Alban's,16,White: Roma,3,L7: Intermediate occupations,2
E05013981,St Alban's,16,White: Roma,4,L8 and L9: Small employers and own account workers,16
E05013981,St Alban's,16,White: Roma,5,L10 and L11: Lower supervisory and technical occupations,0
E05013981,St Alban's,16,White: Roma,6,L12: Semi-routine occupations,0
E05013981,St Alban's,16,White: Roma,7,L13: Routine occupations,4
E05013981,St Alban's,16,White: Roma,8,L14.1 and L14.2: Never worked and long-term unemployed,2
E05013981,St Alban's,16,White: Roma,9,L15: Full-time students,3
E05013981,St Alban's,17,White: Other White,-8,Does not apply,229
E05013981,St Alban's,17,White: Other White,1,"L1, L2 and L3: Higher managerial, administrative and professional occupations",67
E05013981,St Alban's,17,White: Other White,2,"L4, L5 and L6: Lower managerial, administrative and professional occupations",149
E05013981,St Alban's,17,White: Other White,3,L7: Intermediate occupations,83
E05013981,St Alban's,17,White: Other White,4,L8 and L9: Small employers and own account workers,321
E05013981,St Alban's,17,White: Other White,5,L10 and L11: Lower supervisory and technical occupations,48
E05013981,St Alban's,17,White: Other White,6,L12: Semi-routine occupations,91
E05013981,St Alban's,17,White: Other White,7,L13: Routine occupations,115
E05013981,St Alban's,17,White: Other White,8,L14.1 and L14.2: Never worked and long-term unemployed,73
E05013981,St Alban's,17,White: Other White,9,L15: Full-time students,90
E05013981,St Alban's,18,Other ethnic group: Arab,-8,Does not apply,36
E05013981,St Alban's,18,Other ethnic group: Arab,1,"L1, L2 and L3: Higher managerial, administrative and professional occupations",5
E05013981,St Alban's,18,Other ethnic group: Arab,2,"L4, L5 and L6: Lower managerial, administrative and professional occupations",5
E05013981,St Alban's,18,Other ethnic group: Arab,3,L7: Intermediate occupations,7
E05013981,St Alban's,18,Other ethnic group: Arab,4,L8 and L9: Small employers and own account workers,5
E05013981,St Alban's,18,Other ethnic group: Arab,5,L10 and L11: Lower supervisory and technical occupations,0
E05013981,St Alban's,18,Other ethnic group: Arab,6,L12: Semi-routine occupations,2
E05013981,St Alban's,18,Other ethnic group: Arab,7,L13: Routine occupations,8
E05013981,St Alban's,18,Other ethnic group: Arab,8,L14.1 and L14.2: Never worked and long-term unemployed,21
E05013981,St Alban's,18,Other ethnic group: Arab,9,L15: Full-time students,9
E05013981,St Alban's,19,Other ethnic group: Any other ethnic group,-8,Does not apply,41
E05013981,St Alban's,19,Other ethnic group: Any other ethnic group,1,"L1, L2 and L3: Higher managerial, administrative and professional occupations",12
E05013981,St Alban's,19,Other ethnic group: Any other ethnic group,2,"L4, L5 and L6: Lower managerial, administrative and professional occupations",25
E05013981,St Alban's,19,Other ethnic group: Any other ethnic group,3,L7: Intermediate occupations,15
E05013981,St Alban's,19,Other ethnic group: Any other ethnic group,4,L8 and L9: Small employers and own account workers,34
E05013981,St Alban's,19,Other ethnic group: Any other ethnic group,5,L10 and L11: Lower supervisory and technical occupations,7
E05013981,St Alban's,19,Other ethnic group: Any other ethnic group,6,L12: Semi-routine occupations,6
E05013981,St Alban's,19,Other ethnic group: Any other ethnic group,7,L13: Routine occupations,25
E05013981,St Alban's,19,Other ethnic group: Any other ethnic group,8,L14.1 and L14.2: Never worked and long-term unemployed,25
E05013981,St Alban's,19,Other ethnic group: Any other ethnic group,9,L15: Full-time students,20
E05013982,St Andrew's (Havering),-8,Does not apply,-8,Does not apply,0
E05013982,St Andrew's (Havering),-8,Does not apply,1,"L1, L2 and L3: Higher managerial, administrative and professional occupations",0
E05013982,St Andrew's (Havering),-8,Does not apply,2,"L4, L5 and L6: Lower managerial, administrative and professional occupations",0
E05013982,St Andrew's (Havering),-8,Does not apply,3,L7: Intermediate occupations,0
E05013982,St Andrew's (Havering),-8,Does not apply,4,L8 and L9: Small employers and own account workers,0
E05013982,St Andrew's (Havering),-8,Does not apply,5,L10 and L11: Lower supervisory and technical occupations,0
E05013982,St Andrew's (Havering),-8,Does not apply,6,L12: Semi-routine occupations,0
E05013982,St Andrew's (Havering),-8,Does not apply,7,L13: Routine occupations,0
E05013982,St Andrew's (Havering),-8,Does not apply,8,L14.1 and L14.2: Never worked and long-term unemployed,0
E05013982,St Andrew's (Havering),-8,Does not apply,9,L15: Full-time students,0
E05013982,St Andrew's (Havering),1,"Asian, Asian British or Asian Welsh: Bangladeshi",-8,Does not apply,31
E05013982,St Andrew's (Havering),1,"Asian, Asian British or Asian Welsh: Bangladeshi",1,"L1, L2 and L3: Higher managerial, administrative and professional occupations",12
E05013982,St Andrew's (Havering),1,"Asian, Asian British or Asian Welsh: Bangladeshi",2,"L4, L5 and L6: Lower managerial, administrative and professional occupations",13
E05013982,St Andrew's (Havering),1,"Asian, Asian British or Asian Welsh: Bangladeshi",3,L7: Intermediate occupations,8
E05013982,St Andrew's (Havering),1,"Asian, Asian British or Asian Welsh: Bangladeshi",4,L8 and L9: Small employers and own account workers,7
E05013982,St Andrew's (Havering),1,"Asian, Asian British or Asian Welsh: Bangladeshi",5,L10 and L11: Lower supervisory and technical occupations,5
E05013982,St Andrew's (Havering),1,"Asian, Asian British or Asian Welsh: Bangladeshi",6,L12: Semi-routine occupations,11
E05013982,St Andrew's (Havering),1,"Asian, Asian British or Asian Welsh: Bangladeshi",7,L13: Routine occupations,2
E05013982,St Andrew's (Havering),1,"Asian, Asian British or Asian Welsh: Bangladeshi",8,L14.1 and L14.2: Never worked and long-term unemployed,10
E05013982,St Andrew's (Havering),1,"Asian, Asian British or Asian Welsh: Bangladeshi",9,L15: Full-time students,9
E05013982,St Andrew's (Havering),2,"Asian, Asian British or Asian Welsh: Chinese",-8,Does not apply,21
E05013982,St Andrew's (Havering),2,"Asian, Asian British or Asian Welsh: Chinese",1,"L1, L2 and L3: Higher managerial, administrative and professional occupations",13
E05013982,St Andrew's (Havering),2,"Asian, Asian British or Asian Welsh: Chinese",2,"L4, L5 and L6: Lower managerial, administrative and professional occupations",20
E05013982,St Andrew's (Havering),2,"Asian, Asian British or Asian Welsh: Chinese",3,L7: Intermediate occupations,9
E05013982,St Andrew's (Havering),2,"Asian, Asian British or Asian Welsh: Chinese",4,L8 and L9: Small employers and own account workers,10
E05013982,St Andrew's (Havering),2,"Asian, Asian British or Asian Welsh: Chinese",5,L10 and L11: Lower supervisory and technical occupations,4
E05013982,St Andrew's (Havering),2,"Asian, Asian British or Asian Welsh: Chinese",6,L12: Semi-routine occupations,9
E05013982,St Andrew's (Havering),2,"Asian, Asian British or Asian Welsh: Chinese",7,L13: Routine occupations,3
E05013982,St Andrew's (Havering),2,"Asian, Asian British or Asian Welsh: Chinese",8,L14.1 and L14.2: Never worked and long-term unemployed,7
E05013982,St Andrew's (Havering),2,"Asian, Asian British or Asian Welsh: Chinese",9,L15: Full-time students,5
E05013982,St Andrew's (Havering),3,"Asian, Asian British or Asian Welsh: Indian",-8,Does not apply,73
E05013982,St Andrew's (Havering),3,"Asian, Asian British or Asian Welsh: Indian",1,"L1, L2 and L3: Higher managerial, administrative and professional occupations",95
E05013982,St Andrew's (Havering),3,"Asian, Asian British or Asian Welsh: Indian",2,"L4, L5 and L6: Lower managerial, administrative and professional occupations",82
E05013982,St Andrew's (Havering),3,"Asian, Asian British or Asian Welsh: Indian",3,L7: Intermediate occupations,28
E05013982,St Andrew's (Havering),3,"Asian, Asian British or Asian Welsh: Indian",4,L8 and L9: Small employers and own account workers,31
E05013982,St Andrew's (Havering),3,"Asian, Asian British or Asian Welsh: Indian",5,L10 and L11: Lower supervisory and technical occupations,6
E05013982,St Andrew's (Havering),3,"Asian, Asian British or Asian Welsh: Indian",6,L12: Semi-routine occupations,22
E05013982,St Andrew's (Havering),3,"Asian, Asian British or Asian Welsh: Indian",7,L13: Routine occupations,16
E05013982,St Andrew's (Havering),3,"Asian, Asian British or Asian Welsh: Indian",8,L14.1 and L14.2: Never worked and long-term unemployed,19
E05013982,St Andrew's (Havering),3,"Asian, Asian British or Asian Welsh: Indian",9,L15: Full-time students,14
E05013982,St Andrew's (Havering),4,"Asian, Asian British or Asian Welsh: Pakistani",-8,Does not apply,35
E05013982,St Andrew's (Havering),4,"Asian, Asian British or Asian Welsh: Pakistani",1,"L1, L2 and L3: Higher managerial, administrative and professional occupations",21
E05013982,St Andrew's (Havering),4,"Asian, Asian British or Asian Welsh: Pakistani",2,"L4, L5 and L6: Lower managerial, administrative and professional occupations",12
E05013982,St Andrew's (Havering),4,"Asian, Asian British or Asian Welsh: Pakistani",3,L7: Intermediate occupations,5
E05013982,St Andrew's (Havering),4,"Asian, Asian British or Asian Welsh: Pakistani",4,L8 and L9: Small employers and own account workers,9
E05013982,St Andrew's (Havering),4,"Asian, Asian British or Asian Welsh: Pakistani",5,L10 and L11: Lower supervisory and technical occupations,3
E05013982,St Andrew's (Havering),4,"Asian, Asian British or Asian Welsh: Pakistani",6,L12: Semi-routine occupations,4
E05013982,St Andrew's (Havering),4,"Asian, Asian British or Asian Welsh: Pakistani",7,L13: Routine occupations,0
E05013982,St Andrew's (Havering),4,"Asian, Asian British or Asian Welsh: Pakistani",8,L14.1 and L14.2: Never worked and long-term unemployed,8
E05013982,St Andrew's (Havering),4,"Asian, Asian British or Asian Welsh: Pakistani",9,L15: Full-time students,6
E05013982,St Andrew's (Havering),5,"Asian, Asian British or Asian Welsh: Other Asian",-8,Does not apply,29
E05013982,St Andrew's (Havering),5,"Asian, Asian British or Asian Welsh: Other Asian",1,"L1, L2 and L3: Higher managerial, administrative and professional occupations",15
E05013982,St Andrew's (Havering),5,"Asian, Asian British or Asian Welsh: Other Asian",2,"L4, L5 and L6: Lower managerial, administrative and professional occupations",39
E05013982,St Andrew's (Havering),5,"Asian, Asian British or Asian Welsh: Other Asian",3,L7: Intermediate occupations,15
E05013982,St Andrew's (Havering),5,"Asian, Asian British or Asian Welsh: Other Asian",4,L8 and L9: Small employers and own account workers,15
E05013982,St Andrew's (Havering),5,"Asian, Asian British or Asian Welsh: Other Asian",5,L10 and L11: Lower supervisory and technical occupations,5
E05013982,St Andrew's (Havering),5,"Asian, Asian British or Asian Welsh: Other Asian",6,L12: Semi-routine occupations,17
E05013982,St Andrew's (Havering),5,"Asian, Asian British or Asian Welsh: Other Asian",7,L13: Routine occupations,10
E05013982,St Andrew's (Havering),5,"Asian, Asian British or Asian Welsh: Other Asian",8,L14.1 and L14.2: Never worked and long-term unemployed,14
E05013982,St Andrew's (Havering),5,"Asian, Asian British or Asian Welsh: Other Asian",9,L15: Full-time students,4
E05013982,St Andrew's (Havering),6,"Black, Black British, Black Welsh, Caribbean or African: African",-8,Does not apply,97
E05013982,St Andrew's (Havering),6,"Black, Black British, Black Welsh, Caribbean or African: African",1,"L1, L2 and L3: Higher managerial, administrative and professional occupations",37
E05013982,St Andrew's (Havering),6,"Black, Black British, Black Welsh, Caribbean or African: African",2,"L4, L5 and L6: Lower managerial, administrative and professional occupations",62
E05013982,St Andrew's (Havering),6,"Black, Black British, Black Welsh, Caribbean or African: African",3,L7: Intermediate occupations,23
E05013982,St Andrew's (Havering),6,"Black, Black British, Black Welsh, Caribbean or African: African",4,L8 and L9: Small employers and own account workers,18
E05013982,St Andrew's (Havering),6,"Black, Black British, Black Welsh, Caribbean or African: African",5,L10 and L11: Lower supervisory and technical occupations,5
E05013982,St Andrew's (Havering),6,"Black, Black British, Black Welsh, Caribbean or African: African",6,L12: Semi-routine occupations,22
E05013982,St Andrew's (Havering),6,"Black, Black British, Black Welsh, Caribbean or African: African",7,L13: Routine occupations,22
E05013982,St Andrew's (Havering),6,"Black, Black British, Black Welsh, Caribbean or African: African",8,L14.1 and L14.2: Never worked and long-term unemployed,23
E05013982,St Andrew's (Havering),6,"Black, Black British, Black Welsh, Caribbean or African: African",9,L15: Full-time students,46
E05013982,St Andrew's (Havering),7,"Black, Black British, Black Welsh, Caribbean or African: Caribbean",-8,Does not apply,25
E05013982,St Andrew's (Havering),7,"Black, Black British, Black Welsh, Caribbean or African: Caribbean",1,"L1, L2 and L3: Higher managerial, administrative and professional occupations",18
E05013982,St Andrew's (Havering),7,"Black, Black British, Black Welsh, Caribbean or African: Caribbean",2,"L4, L5 and L6: Lower managerial, administrative and professional occupations",38
E05013982,St Andrew's (Havering),7,"Black, Black British, Black Welsh, Caribbean or African: Caribbean",3,L7: Intermediate occupations,22
E05013982,St Andrew's (Havering),7,"Black, Black British, Black Welsh, Caribbean or African: Caribbean",4,L8 and L9: Small employers and own account workers,10
E05013982,St Andrew's (Havering),7,"Black, Black British, Black Welsh, Caribbean or African: Caribbean",5,L10 and L11: Lower supervisory and technical occupations,10
E05013982,St Andrew's (Havering),7,"Black, Black British, Black Welsh, Caribbean or African: Caribbean",6,L12: Semi-routine occupations,15
E05013982,St Andrew's (Havering),7,"Black, Black British, Black Welsh, Caribbean or African: Caribbean",7,L13: Routine occupations,11
E05013982,St Andrew's (Havering),7,"Black, Black British, Black Welsh, Caribbean or African: Caribbean",8,L14.1 and L14.2: Never worked and long-term unemployed,11
E05013982,St Andrew's (Havering),7,"Black, Black British, Black Welsh, Caribbean or African: Caribbean",9,L15: Full-time students,6
E05013982,St Andrew's (Havering),8,"Black, Black British, Black Welsh, Caribbean or African: Other Black",-8,Does not apply,19
E05013982,St Andrew's (Havering),8,"Black, Black British, Black Welsh, Caribbean or African: Other Black",1,"L1, L2 and L3: Higher managerial, administrative and professional occupations",5
E05013982,St Andrew's (Havering),8,"Black, Black British, Black Welsh, Caribbean or African: Other Black",2,"L4, L5 and L6: Lower managerial, administrative and professional occupations",11
E05013982,St Andrew's (Havering),8,"Black, Black British, Black Welsh, Caribbean or African: Other Black",3,L7: Intermediate occupations,5
E05013982,St Andrew's (Havering),8,"Black, Black British, Black Welsh, Caribbean or African: Other Black",4,L8 and L9: Small employers and own account workers,2
E05013982,St Andrew's (Havering),8,"Black, Black British, Black Welsh, Caribbean or African: Other Black",5,L10 and L11: Lower supervisory and technical occupations,3
E05013982,St Andrew's (Havering),8,"Black, Black British, Black Welsh, Caribbean or African: Other Black",6,L12: Semi-routine occupations,3
E05013982,St Andrew's (Havering),8,"Black, Black British, Black Welsh, Caribbean or African: Other Black",7,L13: Routine occupations,5
E05013982,St Andrew's (Havering),8,"Black, Black British, Black Welsh, Caribbean or African: Other Black",8,L14.1 and L14.2: Never worked and long-term unemployed,2
E05013982,St Andrew's (Havering),8,"Black, Black British, Black Welsh, Caribbean or African: Other Black",9,L15: Full-time students,5
E05013982,St Andrew's (Havering),9,Mixed or Multiple ethnic groups: White and Asian,-8,Does not apply,58
E05013982,St Andrew's (Havering),9,Mixed or Multiple ethnic groups: White and Asian,1,"L1, L2 and L3: Higher managerial, administrative and professional occupations",8
E05013982,St Andrew's (Havering),9,Mixed or Multiple ethnic groups: White and Asian,2,"L4, L5 and L6: Lower managerial, administrative and professional occupations",15
E05013982,St Andrew's (Havering),9,Mixed or Multiple ethnic groups: White and Asian,3,L7: Intermediate occupations,8
E05013982,St Andrew's (Havering),9,Mixed or Multiple ethnic groups: White and Asian,4,L8 and L9: Small employers and own account workers,5
E05013982,St Andrew's (Havering),9,Mixed or Multiple ethnic groups: White and Asian,5,L10 and L11: Lower supervisory and technical occupations,2
E05013982,St Andrew's (Havering),9,Mixed or Multiple ethnic groups: White and Asian,6,L12: Semi-routine occupations,3
E05013982,St Andrew's (Havering),9,Mixed or Multiple ethnic groups: White and Asian,7,L13: Routine occupations,5
E05013982,St Andrew's (Havering),9,Mixed or Multiple ethnic groups: White and Asian,8,L14.1 and L14.2: Never worked and long-term unemployed,4
E05013982,St Andrew's (Havering),9,Mixed or Multiple ethnic groups: White and Asian,9,L15: Full-time students,12
E05013982,St Andrew's (Havering),10,Mixed or Multiple ethnic groups: White and Black African,-8,Does not apply,33
E05013982,St Andrew's (Havering),10,Mixed or Multiple ethnic groups: White and Black African,1,"L1, L2 and L3: Higher managerial, administrative and professional occupations",2
E05013982,St Andrew's (Havering),10,Mixed or Multiple ethnic groups: White and Black African,2,"L4, L5 and L6: Lower managerial, administrative and professional occupations",16
E05013982,St Andrew's (Havering),10,Mixed or Multiple ethnic groups: White and Black African,3,L7: Intermediate occupations,3
E05013982,St Andrew's (Havering),10,Mixed or Multiple ethnic groups: White and Black African,4,L8 and L9: Small employers and own account workers,4
E05013982,St Andrew's (Havering),10,Mixed or Multiple ethnic groups: White and Black African,5,L10 and L11: Lower supervisory and technical occupations,2
E05013982,St Andrew's (Havering),10,Mixed or Multiple ethnic groups: White and Black African,6,L12: Semi-routine occupations,3
E05013982,St Andrew's (Havering),10,Mixed or Multiple ethnic groups: White and Black African,7,L13: Routine occupations,2
E05013982,St Andrew's (Havering),10,Mixed or Multiple ethnic groups: White and Black African,8,L14.1 and L14.2: Never worked and long-term unemployed,0
E05013982,St Andrew's (Havering),10,Mixed or Multiple ethnic groups: White and Black African,9,L15: Full-time students,4
E05013982,St Andrew's (Havering),11,Mixed or Multiple ethnic groups: White and Black Caribbean,-8,Does not apply,57
E05013982,St Andrew's (Havering),11,Mixed or Multiple ethnic groups: White and Black Caribbean,1,"L1, L2 and L3: Higher managerial, administrative and professional occupations",6
E05013982,St Andrew's (Havering),11,Mixed or Multiple ethnic groups: White and Black Caribbean,2,"L4, L5 and L6: Lower managerial, administrative and professional occupations",13
E05013982,St Andrew's (Havering),11,Mixed or Multiple ethnic groups: White and Black Caribbean,3,L7: Intermediate occupations,9
E05013982,St Andrew's (Havering),11,Mixed or Multiple ethnic groups: White and Black Caribbean,4,L8 and L9: Small employers and own account workers,6
E05013982,St Andrew's (Havering),11,Mixed or Multiple ethnic groups: White and Black Caribbean,5,L10 and L11: Lower supervisory and technical occupations,5
E05013982,St Andrew's (Havering),11,Mixed or Multiple ethnic groups: White and Black Caribbean,6,L12: Semi-routine occupations,1
E05013982,St Andrew's (Havering),11,Mixed or Multiple ethnic groups: White and Black Caribbean,7,L13: Routine occupations,4
E05013982,St Andrew's (Havering),11,Mixed or Multiple ethnic groups: White and Black Caribbean,8,L14.1 and L14.2: Never worked and long-term unemployed,2
E05013982,St Andrew's (Havering),11,Mixed or Multiple ethnic groups: White and Black Caribbean,9,L15: Full-time students,7
E05013982,St Andrew's (Havering),12,Mixed or Multiple ethnic groups: Other Mixed or Multiple ethnic groups,-8,Does not apply,56
E05013982,St Andrew's (Havering),12,Mixed or Multiple ethnic groups: Other Mixed or Multiple ethnic groups,1,"L1, L2 and L3: Higher managerial, administrative and professional occupations",6
E05013982,St Andrew's (Havering),12,Mixed or Multiple ethnic groups: Other Mixed or Multiple ethnic groups,2,"L4, L5 and L6: Lower managerial, administrative and professional occupations",10
E05013982,St Andrew's (Havering),12,Mixed or Multiple ethnic groups: Other Mixed or Multiple ethnic groups,3,L7: Intermediate occupations,4
E05013982,St Andrew's (Havering),12,Mixed or Multiple ethnic groups: Other Mixed or Multiple ethnic groups,4,L8 and L9: Small employers and own account workers,4
E05013982,St Andrew's (Havering),12,Mixed or Multiple ethnic groups: Other Mixed or Multiple ethnic groups,5,L10 and L11: Lower supervisory and technical occupations,1
E05013982,St Andrew's (Havering),12,Mixed or Multiple ethnic groups: Other Mixed or Multiple ethnic groups,6,L12: Semi-routine occupations,6
E05013982,St Andrew's (Havering),12,Mixed or Multiple ethnic groups: Other Mixed or Multiple ethnic groups,7,L13: Routine occupations,3
E05013982,St Andrew's (Havering),12,Mixed or Multiple ethnic groups: Other Mixed or Multiple ethnic groups,8,L14.1 and L14.2: Never worked and long-term unemployed,4
E05013982,St Andrew's (Havering),12,Mixed or Multiple ethnic groups: Other Mixed or Multiple ethnic groups,9,L15: Full-time students,5
E05013982,St Andrew's (Havering),13,"White: English, Welsh, Scottish, Northern Irish or British",-8,Does not apply,1685
E05013982,St Andrew's (Havering),13,"White: English, Welsh, Scottish, Northern Irish or British",1,"L1, L2 and L3: Higher managerial, administrative and professional occupations",1288
E05013982,St Andrew's (Havering),13,"White: English, Welsh, Scottish, Northern Irish or British",2,"L4, L5 and L6: Lower managerial, administrative and professional occupations",2124
E05013982,St Andrew's (Havering),13,"White: English, Welsh, Scottish, Northern Irish or British",3,L7: Intermediate occupations,1793
E05013982,St Andrew's (Havering),13,"White: English, Welsh, Scottish, Northern Irish or British",4,L8 and L9: Small employers and own account workers,1162
E05013982,St Andrew's (Havering),13,"White: English, Welsh, Scottish, Northern Irish or British",5,L10 and L11: Lower supervisory and technical occupations,547
E05013982,St Andrew's (Havering),13,"White: English, Welsh, Scottish, Northern Irish or British",6,L12: Semi-routine occupations,1049
E05013982,St Andrew's (Havering),13,"White: English, Welsh, Scottish, Northern Irish or British",7,L13: Routine occupations,871
E05013982,St Andrew's (Havering),13,"White: English, Welsh, Scottish, Northern Irish or British",8,L14.1 and L14.2: Never worked and long-term unemployed,658
E05013982,St Andrew's (Havering),13,"White: English, Welsh, Scottish, Northern Irish or British",9,L15: Full-time students,371
E05013982,St Andrew's (Havering),14,White: Irish,-8,Does not apply,10
E05013982,St Andrew's (Havering),14,White: Irish,1,"L1, L2 and L3: Higher managerial, administrative and professional occupations",38
E05013982,St Andrew's (Havering),14,White: Irish,2,"L4, L5 and L6: Lower managerial, administrative and professional occupations",64
E05013982,St Andrew's (Havering),14,White: Irish,3,L7: Intermediate occupations,38
E05013982,St Andrew's (Havering),14,White: Irish,4,L8 and L9: Small employers and own account workers,29
E05013982,St Andrew's (Havering),14,White: Irish,5,L10 and L11: Lower supervisory and technical occupations,12
E05013982,St Andrew's (Havering),14,White: Irish,6,L12: Semi-routine occupations,21
E05013982,St Andrew's (Havering),14,White: Irish,7,L13: Routine occupations,25
E05013982,St Andrew's (Havering),14,White: Irish,8,L14.1 and L14.2: Never worked and long-term unemployed,26
E05013982,St Andrew's (Havering),14,White: Irish,9,L15: Full-time students,2
E05013982,St Andrew's (Havering),15,White: Gypsy or Irish Traveller,-8,Does not apply,1
E05013982,St Andrew's (Havering),15,White: Gypsy or Irish Traveller,1,"L1, L2 and L3: Higher managerial, administrative and professional occupations",0
E05013982,St Andrew's (Havering),15,White: Gypsy or Irish Traveller,2,"L4, L5 and L6: Lower managerial, administrative and professional occupations",0
E05013982,St Andrew's (Havering),15,White: Gypsy or Irish Traveller,3,L7: Intermediate occupations,0
E05013982,St Andrew's (Havering),15,White: Gypsy or Irish Traveller,4,L8 and L9: Small employers and own account workers,0
E05013982,St Andrew's (Havering),15,White: Gypsy or Irish Traveller,5,L10 and L11: Lower supervisory and technical occupations,0
E05013982,St Andrew's (Havering),15,White: Gypsy or Irish Traveller,6,L12: Semi-routine occupations,0
E05013982,St Andrew's (Havering),15,White: Gypsy or Irish Traveller,7,L13: Routine occupations,0
E05013982,St Andrew's (Havering),15,White: Gypsy or Irish Traveller,8,L14.1 and L14.2: Never worked and long-term unemployed,3
E05013982,St Andrew's (Havering),15,White: Gypsy or Irish Traveller,9,L15: Full-time students,0
E05013982,St Andrew's (Havering),16,White: Roma,-8,Does not apply,0
E05013982,St Andrew's (Havering),16,White: Roma,1,"L1, L2 and L3: Higher managerial, administrative and professional occupations",1
E05013982,St Andrew's (Havering),16,White: Roma,2,"L4, L5 and L6: Lower managerial, administrative and professional occupations",2
E05013982,St Andrew's (Havering),16,White: Roma,3,L7: Intermediate occupations,0
E05013982,St Andrew's (Havering),16,White: Roma,4,L8 and L9: Small employers and own account workers,0
E05013982,St Andrew's (Havering),16,White: Roma,5,L10 and L11: Lower supervisory and technical occupations,0
E05013982,St Andrew's (Havering),16,White: Roma,6,L12: Semi-routine occupations,0
E05013982,St Andrew's (Havering),16,White: Roma,7,L13: Routine occupations,0
E05013982,St Andrew's (Havering),16,White: Roma,8,L14.1 and L14.2: Never worked and long-term unemployed,0
E05013982,St Andrew's (Havering),16,White: Roma,9,L15: Full-time students,0
E05013982,St Andrew's (Havering),17,White: Other White,-8,Does not apply,111
E05013982,St Andrew's (Havering),17,White: Other White,1,"L1, L2 and L3: Higher managerial, administrative and professional occupations",77
E05013982,St Andrew's (Havering),17,White: Other White,2,"L4, L5 and L6: Lower managerial, administrative and professional occupations",120
E05013982,St Andrew's (Havering),17,White: Other White,3,L7: Intermediate occupations,62
E05013982,St Andrew's (Havering),17,White: Other White,4,L8 and L9: Small employers and own account workers,144
E05013982,St Andrew's (Havering),17,White: Other White,5,L10 and L11: Lower supervisory and technical occupations,36
E05013982,St Andrew's (Havering),17,White: Other White,6,L12: Semi-routine occupations,58
E05013982,St Andrew's (Havering),17,White: Other White,7,L13: Routine occupations,100
E05013982,St Andrew's (Havering),17,White: Other White,8,L14.1 and L14.2: Never worked and long-term unemployed,38
E05013982,St Andrew's (Havering),17,White: Other White,9,L15: Full-time students,37
E05013982,St Andrew's (Havering),18,Other ethnic group: Arab,-8,Does not apply,9
E05013982,St Andrew's (Havering),18,Other ethnic group: Arab,1,"L1, L2 and L3: Higher managerial, administrative and professional occupations",9
E05013982,St Andrew's (Havering),18,Other ethnic group: Arab,2,"L4, L5 and L6: Lower managerial, administrative and professional occupations",5
E05013982,St Andrew's (Havering),18,Other ethnic group: Arab,3,L7: Intermediate occupations,3
E05013982,St Andrew's (Havering),18,Other ethnic group: Arab,4,L8 and L9: Small employers and own account workers,3
E05013982,St Andrew's (Havering),18,Other ethnic group: Arab,5,L10 and L11: Lower supervisory and technical occupations,1
E05013982,St Andrew's (Havering),18,Other ethnic group: Arab,6,L12: Semi-routine occupations,1
E05013982,St Andrew's (Havering),18,Other ethnic group: Arab,7,L13: Routine occupations,2
E05013982,St Andrew's (Havering),18,Other ethnic group: Arab,8,L14.1 and L14.2: Never worked and long-term unemployed,3
E05013982,St Andrew's (Havering),18,Other ethnic group: Arab,9,L15: Full-time students,4
E05013982,St Andrew's (Havering),19,Other ethnic group: Any other ethnic group,-8,Does not apply,36
E05013982,St Andrew's (Havering),19,Other ethnic group: Any other ethnic group,1,"L1, L2 and L3: Higher managerial, administrative and professional occupations",20
E05013982,St Andrew's (Havering),19,Other ethnic group: Any other ethnic group,2,"L4, L5 and L6: Lower managerial, administrative and professional occupations",28
E05013982,St Andrew's (Havering),19,Other ethnic group: Any other ethnic group,3,L7: Intermediate occupations,11
E05013982,St Andrew's (Havering),19,Other ethnic group: Any other ethnic group,4,L8 and L9: Small employers and own account workers,20
E05013982,St Andrew's (Havering),19,Other ethnic group: Any other ethnic group,5,L10 and L11: Lower supervisory and technical occupations,12
E05013982,St Andrew's (Havering),19,Other ethnic group: Any other ethnic group,6,L12: Semi-routine occupations,20
E05013982,St Andrew's (Havering),19,Other ethnic group: Any other ethnic group,7,L13: Routine occupations,9
E05013982,St Andrew's (Havering),19,Other ethnic group: Any other ethnic group,8,L14.1 and L14.2: Never worked and long-term unemployed,20
E05013982,St Andrew's (Havering),19,Other ethnic group: Any other ethnic group,9,L15: Full-time students,6
E05013983,St Edward's,-8,Does not apply,-8,Does not apply,0
E05013983,St Edward's,-8,Does not apply,1,"L1, L2 and L3: Higher managerial, administrative and professional occupations",0
E05013983,St Edward's,-8,Does not apply,2,"L4, L5 and L6: Lower managerial, administrative and professional occupations",0
E05013983,St Edward's,-8,Does not apply,3,L7: Intermediate occupations,0
E05013983,St Edward's,-8,Does not apply,4,L8 and L9: Small employers and own account workers,0
E05013983,St Edward's,-8,Does not apply,5,L10 and L11: Lower supervisory and technical occupations,0
E05013983,St Edward's,-8,Does not apply,6,L12: Semi-routine occupations,0
E05013983,St Edward's,-8,Does not apply,7,L13: Routine occupations,0
E05013983,St Edward's,-8,Does not apply,8,L14.1 and L14.2: Never worked and long-term unemployed,0
E05013983,St Edward's,-8,Does not apply,9,L15: Full-time students,0
E05013983,St Edward's,1,"Asian, Asian British or Asian Welsh: Bangladeshi",-8,Does not apply,64
E05013983,St Edward's,1,"Asian, Asian British or Asian Welsh: Bangladeshi",1,"L1, L2 and L3: Higher managerial, administrative and professional occupations",25
E05013983,St Edward's,1,"Asian, Asian British or Asian Welsh: Bangladeshi",2,"L4, L5 and L6: Lower managerial, administrative and professional occupations",38
E05013983,St Edward's,1,"Asian, Asian British or Asian Welsh: Bangladeshi",3,L7: Intermediate occupations,18
E05013983,St Edward's,1,"Asian, Asian British or Asian Welsh: Bangladeshi",4,L8 and L9: Small employers and own account workers,16
E05013983,St Edward's,1,"Asian, Asian British or Asian Welsh: Bangladeshi",5,L10 and L11: Lower supervisory and technical occupations,1
E05013983,St Edward's,1,"Asian, Asian British or Asian Welsh: Bangladeshi",6,L12: Semi-routine occupations,14
E05013983,St Edward's,1,"Asian, Asian British or Asian Welsh: Bangladeshi",7,L13: Routine occupations,9
E05013983,St Edward's,1,"Asian, Asian British or Asian Welsh: Bangladeshi",8,L14.1 and L14.2: Never worked and long-term unemployed,19
E05013983,St Edward's,1,"Asian, Asian British or Asian Welsh: Bangladeshi",9,L15: Full-time students,18
E05013983,St Edward's,2,"Asian, Asian British or Asian Welsh: Chinese",-8,Does not apply,20
E05013983,St Edward's,2,"Asian, Asian British or Asian Welsh: Chinese",1,"L1, L2 and L3: Higher managerial, administrative and professional occupations",31
E05013983,St Edward's,2,"Asian, Asian British or Asian Welsh: Chinese",2,"L4, L5 and L6: Lower managerial, administrative and professional occupations",20
E05013983,St Edward's,2,"Asian, Asian British or Asian Welsh: Chinese",3,L7: Intermediate occupations,8
E05013983,St Edward's,2,"Asian, Asian British or Asian Welsh: Chinese",4,L8 and L9: Small employers and own account workers,5
E05013983,St Edward's,2,"Asian, Asian British or Asian Welsh: Chinese",5,L10 and L11: Lower supervisory and technical occupations,5
E05013983,St Edward's,2,"Asian, Asian British or Asian Welsh: Chinese",6,L12: Semi-routine occupations,11
E05013983,St Edward's,2,"Asian, Asian British or Asian Welsh: Chinese",7,L13: Routine occupations,8
E05013983,St Edward's,2,"Asian, Asian British or Asian Welsh: Chinese",8,L14.1 and L14.2: Never worked and long-term unemployed,5
E05013983,St Edward's,2,"Asian, Asian British or Asian Welsh: Chinese",9,L15: Full-time students,0
E05013983,St Edward's,3,"Asian, Asian British or Asian Welsh: Indian",-8,Does not apply,106
E05013983,St Edward's,3,"Asian, Asian British or Asian Welsh: Indian",1,"L1, L2 and L3: Higher managerial, administrative and professional occupations",139
E05013983,St Edward's,3,"Asian, Asian British or Asian Welsh: Indian",2,"L4, L5 and L6: Lower managerial, administrative and professional occupations",95
E05013983,St Edward's,3,"Asian, Asian British or Asian Welsh: Indian",3,L7: Intermediate occupations,32
E05013983,St Edward's,3,"Asian, Asian British or Asian Welsh: Indian",4,L8 and L9: Small employers and own account workers,31
E05013983,St Edward's,3,"Asian, Asian British or Asian Welsh: Indian",5,L10 and L11: Lower supervisory and technical occupations,15
E05013983,St Edward's,3,"Asian, Asian British or Asian Welsh: Indian",6,L12: Semi-routine occupations,24
E05013983,St Edward's,3,"Asian, Asian British or Asian Welsh: Indian",7,L13: Routine occupations,14
E05013983,St Edward's,3,"Asian, Asian British or Asian Welsh: Indian",8,L14.1 and L14.2: Never worked and long-term unemployed,34
E05013983,St Edward's,3,"Asian, Asian British or Asian Welsh: Indian",9,L15: Full-time students,16
E05013983,St Edward's,4,"Asian, Asian British or Asian Welsh: Pakistani",-8,Does not apply,69
E05013983,St Edward's,4,"Asian, Asian British or Asian Welsh: Pakistani",1,"L1, L2 and L3: Higher managerial, administrative and professional occupations",36
E05013983,St Edward's,4,"Asian, Asian British or Asian Welsh: Pakistani",2,"L4, L5 and L6: Lower managerial, administrative and professional occupations",32
E05013983,St Edward's,4,"Asian, Asian British or Asian Welsh: Pakistani",3,L7: Intermediate occupations,16
E05013983,St Edward's,4,"Asian, Asian British or Asian Welsh: Pakistani",4,L8 and L9: Small employers and own account workers,28
E05013983,St Edward's,4,"Asian, Asian British or Asian Welsh: Pakistani",5,L10 and L11: Lower supervisory and technical occupations,6
E05013983,St Edward's,4,"Asian, Asian British or Asian Welsh: Pakistani",6,L12: Semi-routine occupations,14
E05013983,St Edward's,4,"Asian, Asian British or Asian Welsh: Pakistani",7,L13: Routine occupations,6
E05013983,St Edward's,4,"Asian, Asian British or Asian Welsh: Pakistani",8,L14.1 and L14.2: Never worked and long-term unemployed,24
E05013983,St Edward's,4,"Asian, Asian British or Asian Welsh: Pakistani",9,L15: Full-time students,18
E05013983,St Edward's,5,"Asian, Asian British or Asian Welsh: Other Asian",-8,Does not apply,56
E05013983,St Edward's,5,"Asian, Asian British or Asian Welsh: Other Asian",1,"L1, L2 and L3: Higher managerial, administrative and professional occupations",31
E05013983,St Edward's,5,"Asian, Asian British or Asian Welsh: Other Asian",2,"L4, L5 and L6: Lower managerial, administrative and professional occupations",63
E05013983,St Edward's,5,"Asian, Asian British or Asian Welsh: Other Asian",3,L7: Intermediate occupations,21
E05013983,St Edward's,5,"Asian, Asian British or Asian Welsh: Other Asian",4,L8 and L9: Small employers and own account workers,12
E05013983,St Edward's,5,"Asian, Asian British or Asian Welsh: Other Asian",5,L10 and L11: Lower supervisory and technical occupations,11
E05013983,St Edward's,5,"Asian, Asian British or Asian Welsh: Other Asian",6,L12: Semi-routine occupations,18
E05013983,St Edward's,5,"Asian, Asian British or Asian Welsh: Other Asian",7,L13: Routine occupations,14
E05013983,St Edward's,5,"Asian, Asian British or Asian Welsh: Other Asian",8,L14.1 and L14.2: Never worked and long-term unemployed,13
E05013983,St Edward's,5,"Asian, Asian British or Asian Welsh: Other Asian",9,L15: Full-time students,11
E05013983,St Edward's,6,"Black, Black British, Black Welsh, Caribbean or African: African",-8,Does not apply,135
E05013983,St Edward's,6,"Black, Black British, Black Welsh, Caribbean or African: African",1,"L1, L2 and L3: Higher managerial, administrative and professional occupations",62
E05013983,St Edward's,6,"Black, Black British, Black Welsh, Caribbean or African: African",2,"L4, L5 and L6: Lower managerial, administrative and professional occupations",92
E05013983,St Edward's,6,"Black, Black British, Black Welsh, Caribbean or African: African",3,L7: Intermediate occupations,33
E05013983,St Edward's,6,"Black, Black British, Black Welsh, Caribbean or African: African",4,L8 and L9: Small employers and own account workers,29
E05013983,St Edward's,6,"Black, Black British, Black Welsh, Caribbean or African: African",5,L10 and L11: Lower supervisory and technical occupations,19
E05013983,St Edward's,6,"Black, Black British, Black Welsh, Caribbean or African: African",6,L12: Semi-routine occupations,55
E05013983,St Edward's,6,"Black, Black British, Black Welsh, Caribbean or African: African",7,L13: Routine occupations,27
E05013983,St Edward's,6,"Black, Black British, Black Welsh, Caribbean or African: African",8,L14.1 and L14.2: Never worked and long-term unemployed,41
E05013983,St Edward's,6,"Black, Black British, Black Welsh, Caribbean or African: African",9,L15: Full-time students,54
E05013983,St Edward's,7,"Black, Black British, Black Welsh, Caribbean or African: Caribbean",-8,Does not apply,35
E05013983,St Edward's,7,"Black, Black British, Black Welsh, Caribbean or African: Caribbean",1,"L1, L2 and L3: Higher managerial, administrative and professional occupations",32
E05013983,St Edward's,7,"Black, Black British, Black Welsh, Caribbean or African: Caribbean",2,"L4, L5 and L6: Lower managerial, administrative and professional occupations",67
E05013983,St Edward's,7,"Black, Black British, Black Welsh, Caribbean or African: Caribbean",3,L7: Intermediate occupations,25
E05013983,St Edward's,7,"Black, Black British, Black Welsh, Caribbean or African: Caribbean",4,L8 and L9: Small employers and own account workers,18
E05013983,St Edward's,7,"Black, Black British, Black Welsh, Caribbean or African: Caribbean",5,L10 and L11: Lower supervisory and technical occupations,6
E05013983,St Edward's,7,"Black, Black British, Black Welsh, Caribbean or African: Caribbean",6,L12: Semi-routine occupations,16
E05013983,St Edward's,7,"Black, Black British, Black Welsh, Caribbean or African: Caribbean",7,L13: Routine occupations,17
E05013983,St Edward's,7,"Black, Black British, Black Welsh, Caribbean or African: Caribbean",8,L14.1 and L14.2: Never worked and long-term unemployed,8
E05013983,St Edward's,7,"Black, Black British, Black Welsh, Caribbean or African: Caribbean",9,L15: Full-time students,20
E05013983,St Edward's,8,"Black, Black British, Black Welsh, Caribbean or African: Other Black",-8,Does not apply,34
E05013983,St Edward's,8,"Black, Black British, Black Welsh, Caribbean or African: Other Black",1,"L1, L2 and L3: Higher managerial, administrative and professional occupations",4
E05013983,St Edward's,8,"Black, Black British, Black Welsh, Caribbean or African: Other Black",2,"L4, L5 and L6: Lower managerial, administrative and professional occupations",18
E05013983,St Edward's,8,"Black, Black British, Black Welsh, Caribbean or African: Other Black",3,L7: Intermediate occupations,7
E05013983,St Edward's,8,"Black, Black British, Black Welsh, Caribbean or African: Other Black",4,L8 and L9: Small employers and own account workers,2
E05013983,St Edward's,8,"Black, Black British, Black Welsh, Caribbean or African: Other Black",5,L10 and L11: Lower supervisory and technical occupations,5
E05013983,St Edward's,8,"Black, Black British, Black Welsh, Caribbean or African: Other Black",6,L12: Semi-routine occupations,8
E05013983,St Edward's,8,"Black, Black British, Black Welsh, Caribbean or African: Other Black",7,L13: Routine occupations,5
E05013983,St Edward's,8,"Black, Black British, Black Welsh, Caribbean or African: Other Black",8,L14.1 and L14.2: Never worked and long-term unemployed,3
E05013983,St Edward's,8,"Black, Black British, Black Welsh, Caribbean or African: Other Black",9,L15: Full-time students,6
E05013983,St Edward's,9,Mixed or Multiple ethnic groups: White and Asian,-8,Does not apply,68
E05013983,St Edward's,9,Mixed or Multiple ethnic groups: White and Asian,1,"L1, L2 and L3: Higher managerial, administrative and professional occupations",14
E05013983,St Edward's,9,Mixed or Multiple ethnic groups: White and Asian,2,"L4, L5 and L6: Lower managerial, administrative and professional occupations",12
E05013983,St Edward's,9,Mixed or Multiple ethnic groups: White and Asian,3,L7: Intermediate occupations,13
E05013983,St Edward's,9,Mixed or Multiple ethnic groups: White and Asian,4,L8 and L9: Small employers and own account workers,2
E05013983,St Edward's,9,Mixed or Multiple ethnic groups: White and Asian,5,L10 and L11: Lower supervisory and technical occupations,0
E05013983,St Edward's,9,Mixed or Multiple ethnic groups: White and Asian,6,L12: Semi-routine occupations,2
E05013983,St Edward's,9,Mixed or Multiple ethnic groups: White and Asian,7,L13: Routine occupations,4
E05013983,St Edward's,9,Mixed or Multiple ethnic groups: White and Asian,8,L14.1 and L14.2: Never worked and long-term unemployed,2
E05013983,St Edward's,9,Mixed or Multiple ethnic groups: White and Asian,9,L15: Full-time students,10
E05013983,St Edward's,10,Mixed or Multiple ethnic groups: White and Black African,-8,Does not apply,44
E05013983,St Edward's,10,Mixed or Multiple ethnic groups: White and Black African,1,"L1, L2 and L3: Higher managerial, administrative and professional occupations",3
E05013983,St Edward's,10,Mixed or Multiple ethnic groups: White and Black African,2,"L4, L5 and L6: Lower managerial, administrative and professional occupations",4
E05013983,St Edward's,10,Mixed or Multiple ethnic groups: White and Black African,3,L7: Intermediate occupations,4
E05013983,St Edward's,10,Mixed or Multiple ethnic groups: White and Black African,4,L8 and L9: Small employers and own account workers,3
E05013983,St Edward's,10,Mixed or Multiple ethnic groups: White and Black African,5,L10 and L11: Lower supervisory and technical occupations,0
E05013983,St Edward's,10,Mixed or Multiple ethnic groups: White and Black African,6,L12: Semi-routine occupations,3
E05013983,St Edward's,10,Mixed or Multiple ethnic groups: White and Black African,7,L13: Routine occupations,3
E05013983,St Edward's,10,Mixed or Multiple ethnic groups: White and Black African,8,L14.1 and L14.2: Never worked and long-term unemployed,1
E05013983,St Edward's,10,Mixed or Multiple ethnic groups: White and Black African,9,L15: Full-time students,3
E05013983,St Edward's,11,Mixed or Multiple ethnic groups: White and Black Caribbean,-8,Does not apply,80
E05013983,St Edward's,11,Mixed or Multiple ethnic groups: White and Black Caribbean,1,"L1, L2 and L3: Higher managerial, administrative and professional occupations",9
E05013983,St Edward's,11,Mixed or Multiple ethnic groups: White and Black Caribbean,2,"L4, L5 and L6: Lower managerial, administrative and professional occupations",13
E05013983,St Edward's,11,Mixed or Multiple ethnic groups: White and Black Caribbean,3,L7: Intermediate occupations,9
E05013983,St Edward's,11,Mixed or Multiple ethnic groups: White and Black Caribbean,4,L8 and L9: Small employers and own account workers,6
E05013983,St Edward's,11,Mixed or Multiple ethnic groups: White and Black Caribbean,5,L10 and L11: Lower supervisory and technical occupations,5
E05013983,St Edward's,11,Mixed or Multiple ethnic groups: White and Black Caribbean,6,L12: Semi-routine occupations,14
E05013983,St Edward's,11,Mixed or Multiple ethnic groups: White and Black Caribbean,7,L13: Routine occupations,2
E05013983,St Edward's,11,Mixed or Multiple ethnic groups: White and Black Caribbean,8,L14.1 and L14.2: Never worked and long-term unemployed,8
E05013983,St Edward's,11,Mixed or Multiple ethnic groups: White and Black Caribbean,9,L15: Full-time students,11
E05013983,St Edward's,12,Mixed or Multiple ethnic groups: Other Mixed or Multiple ethnic groups,-8,Does not apply,50
E05013983,St Edward's,12,Mixed or Multiple ethnic groups: Other Mixed or Multiple ethnic groups,1,"L1, L2 and L3: Higher managerial, administrative and professional occupations",12
E05013983,St Edward's,12,Mixed or Multiple ethnic groups: Other Mixed or Multiple ethnic groups,2,"L4, L5 and L6: Lower managerial, administrative and professional occupations",25
E05013983,St Edward's,12,Mixed or Multiple ethnic groups: Other Mixed or Multiple ethnic groups,3,L7: Intermediate occupations,8
E05013983,St Edward's,12,Mixed or Multiple ethnic groups: Other Mixed or Multiple ethnic groups,4,L8 and L9: Small employers and own account workers,4
E05013983,St Edward's,12,Mixed or Multiple ethnic groups: Other Mixed or Multiple ethnic groups,5,L10 and L11: Lower supervisory and technical occupations,4
E05013983,St Edward's,12,Mixed or Multiple ethnic groups: Other Mixed or Multiple ethnic groups,6,L12: Semi-routine occupations,7
E05013983,St Edward's,12,Mixed or Multiple ethnic groups: Other Mixed or Multiple ethnic groups,7,L13: Routine occupations,4
E05013983,St Edward's,12,Mixed or Multiple ethnic groups: Other Mixed or Multiple ethnic groups,8,L14.1 and L14.2: Never worked and long-term unemployed,8
E05013983,St Edward's,12,Mixed or Multiple ethnic groups: Other Mixed or Multiple ethnic groups,9,L15: Full-time students,7
E05013983,St Edward's,13,"White: English, Welsh, Scottish, Northern Irish or British",-8,Does not apply,954
E05013983,St Edward's,13,"White: English, Welsh, Scottish, Northern Irish or British",1,"L1, L2 and L3: Higher managerial, administrative and professional occupations",697
E05013983,St Edward's,13,"White: English, Welsh, Scottish, Northern Irish or British",2,"L4, L5 and L6: Lower managerial, administrative and professional occupations",1089
E05013983,St Edward's,13,"White: English, Welsh, Scottish, Northern Irish or British",3,L7: Intermediate occupations,785
E05013983,St Edward's,13,"White: English, Welsh, Scottish, Northern Irish or British",4,L8 and L9: Small employers and own account workers,554
E05013983,St Edward's,13,"White: English, Welsh, Scottish, Northern Irish or British",5,L10 and L11: Lower supervisory and technical occupations,268
E05013983,St Edward's,13,"White: English, Welsh, Scottish, Northern Irish or British",6,L12: Semi-routine occupations,534
E05013983,St Edward's,13,"White: English, Welsh, Scottish, Northern Irish or British",7,L13: Routine occupations,465
E05013983,St Edward's,13,"White: English, Welsh, Scottish, Northern Irish or British",8,L14.1 and L14.2: Never worked and long-term unemployed,475
E05013983,St Edward's,13,"White: English, Welsh, Scottish, Northern Irish or British",9,L15: Full-time students,194
E05013983,St Edward's,14,White: Irish,-8,Does not apply,3
E05013983,St Edward's,14,White: Irish,1,"L1, L2 and L3: Higher managerial, administrative and professional occupations",24
E05013983,St Edward's,14,White: Irish,2,"L4, L5 and L6: Lower managerial, administrative and professional occupations",47
E05013983,St Edward's,14,White: Irish,3,L7: Intermediate occupations,18
E05013983,St Edward's,14,White: Irish,4,L8 and L9: Small employers and own account workers,13
E05013983,St Edward's,14,White: Irish,5,L10 and L11: Lower supervisory and technical occupations,2
E05013983,St Edward's,14,White: Irish,6,L12: Semi-routine occupations,14
E05013983,St Edward's,14,White: Irish,7,L13: Routine occupations,16
E05013983,St Edward's,14,White: Irish,8,L14.1 and L14.2: Never worked and long-term unemployed,8
E05013983,St Edward's,14,White: Irish,9,L15: Full-time students,0
E05013983,St Edward's,15,White: Gypsy or Irish Traveller,-8,Does not apply,1
E05013983,St Edward's,15,White: Gypsy or Irish Traveller,1,"L1, L2 and L3: Higher managerial, administrative and professional occupations",0
E05013983,St Edward's,15,White: Gypsy or Irish Traveller,2,"L4, L5 and L6: Lower managerial, administrative and professional occupations",0
E05013983,St Edward's,15,White: Gypsy or Irish Traveller,3,L7: Intermediate occupations,0
E05013983,St Edward's,15,White: Gypsy or Irish Traveller,4,L8 and L9: Small employers and own account workers,2
E05013983,St Edward's,15,White: Gypsy or Irish Traveller,5,L10 and L11: Lower supervisory and technical occupations,0
E05013983,St Edward's,15,White: Gypsy or Irish Traveller,6,L12: Semi-routine occupations,0
E05013983,St Edward's,15,White: Gypsy or Irish Traveller,7,L13: Routine occupations,1
E05013983,St Edward's,15,White: Gypsy or Irish Traveller,8,L14.1 and L14.2: Never worked and long-term unemployed,4
E05013983,St Edward's,15,White: Gypsy or Irish Traveller,9,L15: Full-time students,0
E05013983,St Edward's,16,White: Roma,-8,Does not apply,7
E05013983,St Edward's,16,White: Roma,1,"L1, L2 and L3: Higher managerial, administrative and professional occupations",0
E05013983,St Edward's,16,White: Roma,2,"L4, L5 and L6: Lower managerial, administrative and professional occupations",2
E05013983,St Edward's,16,White: Roma,3,L7: Intermediate occupations,1
E05013983,St Edward's,16,White: Roma,4,L8 and L9: Small employers and own account workers,13
E05013983,St Edward's,16,White: Roma,5,L10 and L11: Lower supervisory and technical occupations,0
E05013983,St Edward's,16,White: Roma,6,L12: Semi-routine occupations,3
E05013983,St Edward's,16,White: Roma,7,L13: Routine occupations,3
E05013983,St Edward's,16,White: Roma,8,L14.1 and L14.2: Never worked and long-term unemployed,3
E05013983,St Edward's,16,White: Roma,9,L15: Full-time students,4
E05013983,St Edward's,17,White: Other White,-8,Does not apply,189
E05013983,St Edward's,17,White: Other White,1,"L1, L2 and L3: Higher managerial, administrative and professional occupations",101
E05013983,St Edward's,17,White: Other White,2,"L4, L5 and L6: Lower managerial, administrative and professional occupations",192
E05013983,St Edward's,17,White: Other White,3,L7: Intermediate occupations,81
E05013983,St Edward's,17,White: Other White,4,L8 and L9: Small employers and own account workers,242
E05013983,St Edward's,17,White: Other White,5,L10 and L11: Lower supervisory and technical occupations,50
E05013983,St Edward's,17,White: Other White,6,L12: Semi-routine occupations,80
E05013983,St Edward's,17,White: Other White,7,L13: Routine occupations,115
E05013983,St Edward's,17,White: Other White,8,L14.1 and L14.2: Never worked and long-term unemployed,65
E05013983,St Edward's,17,White: Other White,9,L15: Full-time students,94
E05013983,St Edward's,18,Other ethnic group: Arab,-8,Does not apply,22
E05013983,St Edward's,18,Other ethnic group: Arab,1,"L1, L2 and L3: Higher managerial, administrative and professional occupations",14
E05013983,St Edward's,18,Other ethnic group: Arab,2,"L4, L5 and L6: Lower managerial, administrative and professional occupations",6
E05013983,St Edward's,18,Other ethnic group: Arab,3,L7: Intermediate occupations,8
E05013983,St Edward's,18,Other ethnic group: Arab,4,L8 and L9: Small employers and own account workers,1
E05013983,St Edward's,18,Other ethnic group: Arab,5,L10 and L11: Lower supervisory and technical occupations,3
E05013983,St Edward's,18,Other ethnic group: Arab,6,L12: Semi-routine occupations,1
E05013983,St Edward's,18,Other ethnic group: Arab,7,L13: Routine occupations,3
E05013983,St Edward's,18,Other ethnic group: Arab,8,L14.1 and L14.2: Never worked and long-term unemployed,8
E05013983,St Edward's,18,Other ethnic group: Arab,9,L15: Full-time students,1
E05013983,St Edward's,19,Other ethnic group: Any other ethnic group,-8,Does not apply,66
E05013983,St Edward's,19,Other ethnic group: Any other ethnic group,1,"L1, L2 and L3: Higher managerial, administrative and professional occupations",31
E05013983,St Edward's,19,Other ethnic group: Any other ethnic group,2,"L4, L5 and L6: Lower managerial, administrative and professional occupations",36
E05013983,St Edward's,19,Other ethnic group: Any other ethnic group,3,L7: Intermediate occupations,15
E05013983,St Edward's,19,Other ethnic group: Any other ethnic group,4,L8 and L9: Small employers and own account workers,30
E05013983,St Edward's,19,Other ethnic group: Any other ethnic group,5,L10 and L11: Lower supervisory and technical occupations,10
E05013983,St Edward's,19,Other ethnic group: Any other ethnic group,6,L12: Semi-routine occupations,16
E05013983,St Edward's,19,Other ethnic group: Any other ethnic group,7,L13: Routine occupations,15
E05013983,St Edward's,19,Other ethnic group: Any other ethnic group,8,L14.1 and L14.2: Never worked and long-term unemployed,15
E05013983,St Edward's,19,Other ethnic group: Any other ethnic group,9,L15: Full-time students,7
E05013984,South Hornchurch,-8,Does not apply,-8,Does not apply,0
E05013984,South Hornchurch,-8,Does not apply,1,"L1, L2 and L3: Higher managerial, administrative and professional occupations",0
E05013984,South Hornchurch,-8,Does not apply,2,"L4, L5 and L6: Lower managerial, administrative and professional occupations",0
E05013984,South Hornchurch,-8,Does not apply,3,L7: Intermediate occupations,0
E05013984,South Hornchurch,-8,Does not apply,4,L8 and L9: Small employers and own account workers,0
E05013984,South Hornchurch,-8,Does not apply,5,L10 and L11: Lower supervisory and technical occupations,0
E05013984,South Hornchurch,-8,Does not apply,6,L12: Semi-routine occupations,0
E05013984,South Hornchurch,-8,Does not apply,7,L13: Routine occupations,0
E05013984,South Hornchurch,-8,Does not apply,8,L14.1 and L14.2: Never worked and long-term unemployed,0
E05013984,South Hornchurch,-8,Does not apply,9,L15: Full-time students,0
E05013984,South Hornchurch,1,"Asian, Asian British or Asian Welsh: Bangladeshi",-8,Does not apply,150
E05013984,South Hornchurch,1,"Asian, Asian British or Asian Welsh: Bangladeshi",1,"L1, L2 and L3: Higher managerial, administrative and professional occupations",22
E05013984,South Hornchurch,1,"Asian, Asian British or Asian Welsh: Bangladeshi",2,"L4, L5 and L6: Lower managerial, administrative and professional occupations",51
E05013984,South Hornchurch,1,"Asian, Asian British or Asian Welsh: Bangladeshi",3,L7: Intermediate occupations,37
E05013984,South Hornchurch,1,"Asian, Asian British or Asian Welsh: Bangladeshi",4,L8 and L9: Small employers and own account workers,28
E05013984,South Hornchurch,1,"Asian, Asian British or Asian Welsh: Bangladeshi",5,L10 and L11: Lower supervisory and technical occupations,6
E05013984,South Hornchurch,1,"Asian, Asian British or Asian Welsh: Bangladeshi",6,L12: Semi-routine occupations,34
E05013984,South Hornchurch,1,"Asian, Asian British or Asian Welsh: Bangladeshi",7,L13: Routine occupations,25
E05013984,South Hornchurch,1,"Asian, Asian British or Asian Welsh: Bangladeshi",8,L14.1 and L14.2: Never worked and long-term unemployed,40
E05013984,South Hornchurch,1,"Asian, Asian British or Asian Welsh: Bangladeshi",9,L15: Full-time students,40
E05013984,South Hornchurch,2,"Asian, Asian British or Asian Welsh: Chinese",-8,Does not apply,7
E05013984,South Hornchurch,2,"Asian, Asian British or Asian Welsh: Chinese",1,"L1, L2 and L3: Higher managerial, administrative and professional occupations",10
E05013984,South Hornchurch,2,"Asian, Asian British or Asian Welsh: Chinese",2,"L4, L5 and L6: Lower managerial, administrative and professional occupations",16
E05013984,South Hornchurch,2,"Asian, Asian British or Asian Welsh: Chinese",3,L7: Intermediate occupations,5
E05013984,South Hornchurch,2,"Asian, Asian British or Asian Welsh: Chinese",4,L8 and L9: Small employers and own account workers,5
E05013984,South Hornchurch,2,"Asian, Asian British or Asian Welsh: Chinese",5,L10 and L11: Lower supervisory and technical occupations,6
E05013984,South Hornchurch,2,"Asian, Asian British or Asian Welsh: Chinese",6,L12: Semi-routine occupations,3
E05013984,South Hornchurch,2,"Asian, Asian British or Asian Welsh: Chinese",7,L13: Routine occupations,2
E05013984,South Hornchurch,2,"Asian, Asian British or Asian Welsh: Chinese",8,L14.1 and L14.2: Never worked and long-term unemployed,3
E05013984,South Hornchurch,2,"Asian, Asian British or Asian Welsh: Chinese",9,L15: Full-time students,1
E05013984,South Hornchurch,3,"Asian, Asian British or Asian Welsh: Indian",-8,Does not apply,86
E05013984,South Hornchurch,3,"Asian, Asian British or Asian Welsh: Indian",1,"L1, L2 and L3: Higher managerial, administrative and professional occupations",44
E05013984,South Hornchurch,3,"Asian, Asian British or Asian Welsh: Indian",2,"L4, L5 and L6: Lower managerial, administrative and professional occupations",57
E05013984,South Hornchurch,3,"Asian, Asian British or Asian Welsh: Indian",3,L7: Intermediate occupations,32
E05013984,South Hornchurch,3,"Asian, Asian British or Asian Welsh: Indian",4,L8 and L9: Small employers and own account workers,29
E05013984,South Hornchurch,3,"Asian, Asian British or Asian Welsh: Indian",5,L10 and L11: Lower supervisory and technical occupations,11
E05013984,South Hornchurch,3,"Asian, Asian British or Asian Welsh: Indian",6,L12: Semi-routine occupations,26
E05013984,South Hornchurch,3,"Asian, Asian British or Asian Welsh: Indian",7,L13: Routine occupations,19
E05013984,South Hornchurch,3,"Asian, Asian British or Asian Welsh: Indian",8,L14.1 and L14.2: Never worked and long-term unemployed,29
E05013984,South Hornchurch,3,"Asian, Asian British or Asian Welsh: Indian",9,L15: Full-time students,16
E05013984,South Hornchurch,4,"Asian, Asian British or Asian Welsh: Pakistani",-8,Does not apply,75
E05013984,South Hornchurch,4,"Asian, Asian British or Asian Welsh: Pakistani",1,"L1, L2 and L3: Higher managerial, administrative and professional occupations",29
E05013984,South Hornchurch,4,"Asian, Asian British or Asian Welsh: Pakistani",2,"L4, L5 and L6: Lower managerial, administrative and professional occupations",24
E05013984,South Hornchurch,4,"Asian, Asian British or Asian Welsh: Pakistani",3,L7: Intermediate occupations,16
E05013984,South Hornchurch,4,"Asian, Asian British or Asian Welsh: Pakistani",4,L8 and L9: Small employers and own account workers,16
E05013984,South Hornchurch,4,"Asian, Asian British or Asian Welsh: Pakistani",5,L10 and L11: Lower supervisory and technical occupations,3
E05013984,South Hornchurch,4,"Asian, Asian British or Asian Welsh: Pakistani",6,L12: Semi-routine occupations,12
E05013984,South Hornchurch,4,"Asian, Asian British or Asian Welsh: Pakistani",7,L13: Routine occupations,5
E05013984,South Hornchurch,4,"Asian, Asian British or Asian Welsh: Pakistani",8,L14.1 and L14.2: Never worked and long-term unemployed,17
E05013984,South Hornchurch,4,"Asian, Asian British or Asian Welsh: Pakistani",9,L15: Full-time students,15
E05013984,South Hornchurch,5,"Asian, Asian British or Asian Welsh: Other Asian",-8,Does not apply,32
E05013984,South Hornchurch,5,"Asian, Asian British or Asian Welsh: Other Asian",1,"L1, L2 and L3: Higher managerial, administrative and professional occupations",11
E05013984,South Hornchurch,5,"Asian, Asian British or Asian Welsh: Other Asian",2,"L4, L5 and L6: Lower managerial, administrative and professional occupations",31
E05013984,South Hornchurch,5,"Asian, Asian British or Asian Welsh: Other Asian",3,L7: Intermediate occupations,19
E05013984,South Hornchurch,5,"Asian, Asian British or Asian Welsh: Other Asian",4,L8 and L9: Small employers and own account workers,9
E05013984,South Hornchurch,5,"Asian, Asian British or Asian Welsh: Other Asian",5,L10 and L11: Lower supervisory and technical occupations,6
E05013984,South Hornchurch,5,"Asian, Asian British or Asian Welsh: Other Asian",6,L12: Semi-routine occupations,18
E05013984,South Hornchurch,5,"Asian, Asian British or Asian Welsh: Other Asian",7,L13: Routine occupations,13
E05013984,South Hornchurch,5,"Asian, Asian British or Asian Welsh: Other Asian",8,L14.1 and L14.2: Never worked and long-term unemployed,5
E05013984,South Hornchurch,5,"Asian, Asian British or Asian Welsh: Other Asian",9,L15: Full-time students,10
E05013984,South Hornchurch,6,"Black, Black British, Black Welsh, Caribbean or African: African",-8,Does not apply,269
E05013984,South Hornchurch,6,"Black, Black British, Black Welsh, Caribbean or African: African",1,"L1, L2 and L3: Higher managerial, administrative and professional occupations",110
E05013984,South Hornchurch,6,"Black, Black British, Black Welsh, Caribbean or African: African",2,"L4, L5 and L6: Lower managerial, administrative and professional occupations",183
E05013984,South Hornchurch,6,"Black, Black British, Black Welsh, Caribbean or African: African",3,L7: Intermediate occupations,78
E05013984,South Hornchurch,6,"Black, Black British, Black Welsh, Caribbean or African: African",4,L8 and L9: Small employers and own account workers,63
E05013984,South Hornchurch,6,"Black, Black British, Black Welsh, Caribbean or African: African",5,L10 and L11: Lower supervisory and technical occupations,18
E05013984,South Hornchurch,6,"Black, Black British, Black Welsh, Caribbean or African: African",6,L12: Semi-routine occupations,75
E05013984,South Hornchurch,6,"Black, Black British, Black Welsh, Caribbean or African: African",7,L13: Routine occupations,49
E05013984,South Hornchurch,6,"Black, Black British, Black Welsh, Caribbean or African: African",8,L14.1 and L14.2: Never worked and long-term unemployed,42
E05013984,South Hornchurch,6,"Black, Black British, Black Welsh, Caribbean or African: African",9,L15: Full-time students,123
E05013984,South Hornchurch,7,"Black, Black British, Black Welsh, Caribbean or African: Caribbean",-8,Does not apply,36
E05013984,South Hornchurch,7,"Black, Black British, Black Welsh, Caribbean or African: Caribbean",1,"L1, L2 and L3: Higher managerial, administrative and professional occupations",29
E05013984,South Hornchurch,7,"Black, Black British, Black Welsh, Caribbean or African: Caribbean",2,"L4, L5 and L6: Lower managerial, administrative and professional occupations",56
E05013984,South Hornchurch,7,"Black, Black British, Black Welsh, Caribbean or African: Caribbean",3,L7: Intermediate occupations,32
E05013984,South Hornchurch,7,"Black, Black British, Black Welsh, Caribbean or African: Caribbean",4,L8 and L9: Small employers and own account workers,21
E05013984,South Hornchurch,7,"Black, Black British, Black Welsh, Caribbean or African: Caribbean",5,L10 and L11: Lower supervisory and technical occupations,11
E05013984,South Hornchurch,7,"Black, Black British, Black Welsh, Caribbean or African: Caribbean",6,L12: Semi-routine occupations,23
E05013984,South Hornchurch,7,"Black, Black British, Black Welsh, Caribbean or African: Caribbean",7,L13: Routine occupations,31
E05013984,South Hornchurch,7,"Black, Black British, Black Welsh, Caribbean or African: Caribbean",8,L14.1 and L14.2: Never worked and long-term unemployed,20
E05013984,South Hornchurch,7,"Black, Black British, Black Welsh, Caribbean or African: Caribbean",9,L15: Full-time students,26
E05013984,South Hornchurch,8,"Black, Black British, Black Welsh, Caribbean or African: Other Black",-8,Does not apply,93
E05013984,South Hornchurch,8,"Black, Black British, Black Welsh, Caribbean or African: Other Black",1,"L1, L2 and L3: Higher managerial, administrative and professional occupations",7
E05013984,South Hornchurch,8,"Black, Black British, Black Welsh, Caribbean or African: Other Black",2,"L4, L5 and L6: Lower managerial, administrative and professional occupations",18
E05013984,South Hornchurch,8,"Black, Black British, Black Welsh, Caribbean or African: Other Black",3,L7: Intermediate occupations,4
E05013984,South Hornchurch,8,"Black, Black British, Black Welsh, Caribbean or African: Other Black",4,L8 and L9: Small employers and own account workers,7
E05013984,South Hornchurch,8,"Black, Black British, Black Welsh, Caribbean or African: Other Black",5,L10 and L11: Lower supervisory and technical occupations,0
E05013984,South Hornchurch,8,"Black, Black British, Black Welsh, Caribbean or African: Other Black",6,L12: Semi-routine occupations,10
E05013984,South Hornchurch,8,"Black, Black British, Black Welsh, Caribbean or African: Other Black",7,L13: Routine occupations,5
E05013984,South Hornchurch,8,"Black, Black British, Black Welsh, Caribbean or African: Other Black",8,L14.1 and L14.2: Never worked and long-term unemployed,5
E05013984,South Hornchurch,8,"Black, Black British, Black Welsh, Caribbean or African: Other Black",9,L15: Full-time students,25
E05013984,South Hornchurch,9,Mixed or Multiple ethnic groups: White and Asian,-8,Does not apply,47
E05013984,South Hornchurch,9,Mixed or Multiple ethnic groups: White and Asian,1,"L1, L2 and L3: Higher managerial, administrative and professional occupations",6
E05013984,South Hornchurch,9,Mixed or Multiple ethnic groups: White and Asian,2,"L4, L5 and L6: Lower managerial, administrative and professional occupations",9
E05013984,South Hornchurch,9,Mixed or Multiple ethnic groups: White and Asian,3,L7: Intermediate occupations,4
E05013984,South Hornchurch,9,Mixed or Multiple ethnic groups: White and Asian,4,L8 and L9: Small employers and own account workers,3
E05013984,South Hornchurch,9,Mixed or Multiple ethnic groups: White and Asian,5,L10 and L11: Lower supervisory and technical occupations,1
E05013984,South Hornchurch,9,Mixed or Multiple ethnic groups: White and Asian,6,L12: Semi-routine occupations,1
E05013984,South Hornchurch,9,Mixed or Multiple ethnic groups: White and Asian,7,L13: Routine occupations,2
E05013984,South Hornchurch,9,Mixed or Multiple ethnic groups: White and Asian,8,L14.1 and L14.2: Never worked and long-term unemployed,3
E05013984,South Hornchurch,9,Mixed or Multiple ethnic groups: White and Asian,9,L15: Full-time students,3
E05013984,South Hornchurch,10,Mixed or Multiple ethnic groups: White and Black African,-8,Does not apply,42
E05013984,South Hornchurch,10,Mixed or Multiple ethnic groups: White and Black African,1,"L1, L2 and L3: Higher managerial, administrative and professional occupations",1
E05013984,South Hornchurch,10,Mixed or Multiple ethnic groups: White and Black African,2,"L4, L5 and L6: Lower managerial, administrative and professional occupations",7
E05013984,South Hornchurch,10,Mixed or Multiple ethnic groups: White and Black African,3,L7: Intermediate occupations,1
E05013984,South Hornchurch,10,Mixed or Multiple ethnic groups: White and Black African,4,L8 and L9: Small employers and own account workers,0
E05013984,South Hornchurch,10,Mixed or Multiple ethnic groups: White and Black African,5,L10 and L11: Lower supervisory and technical occupations,0
E05013984,South Hornchurch,10,Mixed or Multiple ethnic groups: White and Black African,6,L12: Semi-routine occupations,6
E05013984,South Hornchurch,10,Mixed or Multiple ethnic groups: White and Black African,7,L13: Routine occupations,1
E05013984,South Hornchurch,10,Mixed or Multiple ethnic groups: White and Black African,8,L14.1 and L14.2: Never worked and long-term unemployed,0
E05013984,South Hornchurch,10,Mixed or Multiple ethnic groups: White and Black African,9,L15: Full-time students,8
E05013984,South Hornchurch,11,Mixed or Multiple ethnic groups: White and Black Caribbean,-8,Does not apply,71
E05013984,South Hornchurch,11,Mixed or Multiple ethnic groups: White and Black Caribbean,1,"L1, L2 and L3: Higher managerial, administrative and professional occupations",5
E05013984,South Hornchurch,11,Mixed or Multiple ethnic groups: White and Black Caribbean,2,"L4, L5 and L6: Lower managerial, administrative and professional occupations",7
E05013984,South Hornchurch,11,Mixed or Multiple ethnic groups: White and Black Caribbean,3,L7: Intermediate occupations,14
E05013984,South Hornchurch,11,Mixed or Multiple ethnic groups: White and Black Caribbean,4,L8 and L9: Small employers and own account workers,2
E05013984,South Hornchurch,11,Mixed or Multiple ethnic groups: White and Black Caribbean,5,L10 and L11: Lower supervisory and technical occupations,5
E05013984,South Hornchurch,11,Mixed or Multiple ethnic groups: White and Black Caribbean,6,L12: Semi-routine occupations,13
E05013984,South Hornchurch,11,Mixed or Multiple ethnic groups: White and Black Caribbean,7,L13: Routine occupations,4
E05013984,South Hornchurch,11,Mixed or Multiple ethnic groups: White and Black Caribbean,8,L14.1 and L14.2: Never worked and long-term unemployed,2
E05013984,South Hornchurch,11,Mixed or Multiple ethnic groups: White and Black Caribbean,9,L15: Full-time students,11
E05013984,South Hornchurch,12,Mixed or Multiple ethnic groups: Other Mixed or Multiple ethnic groups,-8,Does not apply,38
E05013984,South Hornchurch,12,Mixed or Multiple ethnic groups: Other Mixed or Multiple ethnic groups,1,"L1, L2 and L3: Higher managerial, administrative and professional occupations",8
E05013984,South Hornchurch,12,Mixed or Multiple ethnic groups: Other Mixed or Multiple ethnic groups,2,"L4, L5 and L6: Lower managerial, administrative and professional occupations",7
E05013984,South Hornchurch,12,Mixed or Multiple ethnic groups: Other Mixed or Multiple ethnic groups,3,L7: Intermediate occupations,7
E05013984,South Hornchurch,12,Mixed or Multiple ethnic groups: Other Mixed or Multiple ethnic groups,4,L8 and L9: Small employers and own account workers,8
E05013984,South Hornchurch,12,Mixed or Multiple ethnic groups: Other Mixed or Multiple ethnic groups,5,L10 and L11: Lower supervisory and technical occupations,1
E05013984,South Hornchurch,12,Mixed or Multiple ethnic groups: Other Mixed or Multiple ethnic groups,6,L12: Semi-routine occupations,9
E05013984,South Hornchurch,12,Mixed or Multiple ethnic groups: Other Mixed or Multiple ethnic groups,7,L13: Routine occupations,4
E05013984,South Hornchurch,12,Mixed or Multiple ethnic groups: Other Mixed or Multiple ethnic groups,8,L14.1 and L14.2: Never worked and long-term unemployed,7
E05013984,South Hornchurch,12,Mixed or Multiple ethnic groups: Other Mixed or Multiple ethnic groups,9,L15: Full-time students,6
E05013984,South Hornchurch,13,"White: English, Welsh, Scottish, Northern Irish or British",-8,Does not apply,1136
E05013984,South Hornchurch,13,"White: English, Welsh, Scottish, Northern Irish or British",1,"L1, L2 and L3: Higher managerial, administrative and professional occupations",388
E05013984,South Hornchurch,13,"White: English, Welsh, Scottish, Northern Irish or British",2,"L4, L5 and L6: Lower managerial, administrative and professional occupations",940
E05013984,South Hornchurch,13,"White: English, Welsh, Scottish, Northern Irish or British",3,L7: Intermediate occupations,976
E05013984,South Hornchurch,13,"White: English, Welsh, Scottish, Northern Irish or British",4,L8 and L9: Small employers and own account workers,657
E05013984,South Hornchurch,13,"White: English, Welsh, Scottish, Northern Irish or British",5,L10 and L11: Lower supervisory and technical occupations,371
E05013984,South Hornchurch,13,"White: English, Welsh, Scottish, Northern Irish or British",6,L12: Semi-routine occupations,713
E05013984,South Hornchurch,13,"White: English, Welsh, Scottish, Northern Irish or British",7,L13: Routine occupations,745
E05013984,South Hornchurch,13,"White: English, Welsh, Scottish, Northern Irish or British",8,L14.1 and L14.2: Never worked and long-term unemployed,513
E05013984,South Hornchurch,13,"White: English, Welsh, Scottish, Northern Irish or British",9,L15: Full-time students,280
E05013984,South Hornchurch,14,White: Irish,-8,Does not apply,4
E05013984,South Hornchurch,14,White: Irish,1,"L1, L2 and L3: Higher managerial, administrative and professional occupations",6
E05013984,South Hornchurch,14,White: Irish,2,"L4, L5 and L6: Lower managerial, administrative and professional occupations",11
E05013984,South Hornchurch,14,White: Irish,3,L7: Intermediate occupations,11
E05013984,South Hornchurch,14,White: Irish,4,L8 and L9: Small employers and own account workers,8
E05013984,South Hornchurch,14,White: Irish,5,L10 and L11: Lower supervisory and technical occupations,1
E05013984,South Hornchurch,14,White: Irish,6,L12: Semi-routine occupations,14
E05013984,South Hornchurch,14,White: Irish,7,L13: Routine occupations,7
E05013984,South Hornchurch,14,White: Irish,8,L14.1 and L14.2: Never worked and long-term unemployed,9
E05013984,South Hornchurch,14,White: Irish,9,L15: Full-time students,2
E05013984,South Hornchurch,15,White: Gypsy or Irish Traveller,-8,Does not apply,3
E05013984,South Hornchurch,15,White: Gypsy or Irish Traveller,1,"L1, L2 and L3: Higher managerial, administrative and professional occupations",0
E05013984,South Hornchurch,15,White: Gypsy or Irish Traveller,2,"L4, L5 and L6: Lower managerial, administrative and professional occupations",3
E05013984,South Hornchurch,15,White: Gypsy or Irish Traveller,3,L7: Intermediate occupations,1
E05013984,South Hornchurch,15,White: Gypsy or Irish Traveller,4,L8 and L9: Small employers and own account workers,1
E05013984,South Hornchurch,15,White: Gypsy or Irish Traveller,5,L10 and L11: Lower supervisory and technical occupations,0
E05013984,South Hornchurch,15,White: Gypsy or Irish Traveller,6,L12: Semi-routine occupations,1
E05013984,South Hornchurch,15,White: Gypsy or Irish Traveller,7,L13: Routine occupations,2
E05013984,South Hornchurch,15,White: Gypsy or Irish Traveller,8,L14.1 and L14.2: Never worked and long-term unemployed,4
E05013984,South Hornchurch,15,White: Gypsy or Irish Traveller,9,L15: Full-time students,1
E05013984,South Hornchurch,16,White: Roma,-8,Does not apply,4
E05013984,South Hornchurch,16,White: Roma,1,"L1, L2 and L3: Higher managerial, administrative and professional occupations",0
E05013984,South Hornchurch,16,White: Roma,2,"L4, L5 and L6: Lower managerial, administrative and professional occupations",0
E05013984,South Hornchurch,16,White: Roma,3,L7: Intermediate occupations,0
E05013984,South Hornchurch,16,White: Roma,4,L8 and L9: Small employers and own account workers,2
E05013984,South Hornchurch,16,White: Roma,5,L10 and L11: Lower supervisory and technical occupations,0
E05013984,South Hornchurch,16,White: Roma,6,L12: Semi-routine occupations,0
E05013984,South Hornchurch,16,White: Roma,7,L13: Routine occupations,4
E05013984,South Hornchurch,16,White: Roma,8,L14.1 and L14.2: Never worked and long-term unemployed,2
E05013984,South Hornchurch,16,White: Roma,9,L15: Full-time students,0
E05013984,South Hornchurch,17,White: Other White,-8,Does not apply,139
E05013984,South Hornchurch,17,White: Other White,1,"L1, L2 and L3: Higher managerial, administrative and professional occupations",50
E05013984,South Hornchurch,17,White: Other White,2,"L4, L5 and L6: Lower managerial, administrative and professional occupations",94
E05013984,South Hornchurch,17,White: Other White,3,L7: Intermediate occupations,43
E05013984,South Hornchurch,17,White: Other White,4,L8 and L9: Small employers and own account workers,208
E05013984,South Hornchurch,17,White: Other White,5,L10 and L11: Lower supervisory and technical occupations,43
E05013984,South Hornchurch,17,White: Other White,6,L12: Semi-routine occupations,55
E05013984,South Hornchurch,17,White: Other White,7,L13: Routine occupations,97
E05013984,South Hornchurch,17,White: Other White,8,L14.1 and L14.2: Never worked and long-term unemployed,23
E05013984,South Hornchurch,17,White: Other White,9,L15: Full-time students,59
E05013984,South Hornchurch,18,Other ethnic group: Arab,-8,Does not apply,7
E05013984,South Hornchurch,18,Other ethnic group: Arab,1,"L1, L2 and L3: Higher managerial, administrative and professional occupations",4
E05013984,South Hornchurch,18,Other ethnic group: Arab,2,"L4, L5 and L6: Lower managerial, administrative and professional occupations",2
E05013984,South Hornchurch,18,Other ethnic group: Arab,3,L7: Intermediate occupations,1
E05013984,South Hornchurch,18,Other ethnic group: Arab,4,L8 and L9: Small employers and own account workers,3
E05013984,South Hornchurch,18,Other ethnic group: Arab,5,L10 and L11: Lower supervisory and technical occupations,0
E05013984,South Hornchurch,18,Other ethnic group: Arab,6,L12: Semi-routine occupations,3
E05013984,South Hornchurch,18,Other ethnic group: Arab,7,L13: Routine occupations,0
E05013984,South Hornchurch,18,Other ethnic group: Arab,8,L14.1 and L14.2: Never worked and long-term unemployed,0
E05013984,South Hornchurch,18,Other ethnic group: Arab,9,L15: Full-time students,0
E05013984,South Hornchurch,19,Other ethnic group: Any other ethnic group,-8,Does not apply,42
E05013984,South Hornchurch,19,Other ethnic group: Any other ethnic group,1,"L1, L2 and L3: Higher managerial, administrative and professional occupations",12
E05013984,South Hornchurch,19,Other ethnic group: Any other ethnic group,2,"L4, L5 and L6: Lower managerial, administrative and professional occupations",13
E05013984,South Hornchurch,19,Other ethnic group: Any other ethnic group,3,L7: Intermediate occupations,13
E05013984,South Hornchurch,19,Other ethnic group: Any other ethnic group,4,L8 and L9: Small employers and own account workers,30
E05013984,South Hornchurch,19,Other ethnic group: Any other ethnic group,5,L10 and L11: Lower supervisory and technical occupations,7
E05013984,South Hornchurch,19,Other ethnic group: Any other ethnic group,6,L12: Semi-routine occupations,9
E05013984,South Hornchurch,19,Other ethnic group: Any other ethnic group,7,L13: Routine occupations,16
E05013984,South Hornchurch,19,Other ethnic group: Any other ethnic group,8,L14.1 and L14.2: Never worked and long-term unemployed,23
E05013984,South Hornchurch,19,Other ethnic group: Any other ethnic group,9,L15: Full-time students,16
E05013985,Squirrels Heath,-8,Does not apply,-8,Does not apply,0
E05013985,Squirrels Heath,-8,Does not apply,1,"L1, L2 and L3: Higher managerial, administrative and professional occupations",0
E05013985,Squirrels Heath,-8,Does not apply,2,"L4, L5 and L6: Lower managerial, administrative and professional occupations",0
E05013985,Squirrels Heath,-8,Does not apply,3,L7: Intermediate occupations,0
E05013985,Squirrels Heath,-8,Does not apply,4,L8 and L9: Small employers and own account workers,0
E05013985,Squirrels Heath,-8,Does not apply,5,L10 and L11: Lower supervisory and technical occupations,0
E05013985,Squirrels Heath,-8,Does not apply,6,L12: Semi-routine occupations,0
E05013985,Squirrels Heath,-8,Does not apply,7,L13: Routine occupations,0
E05013985,Squirrels Heath,-8,Does not apply,8,L14.1 and L14.2: Never worked and long-term unemployed,0
E05013985,Squirrels Heath,-8,Does not apply,9,L15: Full-time students,0
E05013985,Squirrels Heath,1,"Asian, Asian British or Asian Welsh: Bangladeshi",-8,Does not apply,34
E05013985,Squirrels Heath,1,"Asian, Asian British or Asian Welsh: Bangladeshi",1,"L1, L2 and L3: Higher managerial, administrative and professional occupations",27
E05013985,Squirrels Heath,1,"Asian, Asian British or Asian Welsh: Bangladeshi",2,"L4, L5 and L6: Lower managerial, administrative and professional occupations",20
E05013985,Squirrels Heath,1,"Asian, Asian British or Asian Welsh: Bangladeshi",3,L7: Intermediate occupations,12
E05013985,Squirrels Heath,1,"Asian, Asian British or Asian Welsh: Bangladeshi",4,L8 and L9: Small employers and own account workers,11
E05013985,Squirrels Heath,1,"Asian, Asian British or Asian Welsh: Bangladeshi",5,L10 and L11: Lower supervisory and technical occupations,0
E05013985,Squirrels Heath,1,"Asian, Asian British or Asian Welsh: Bangladeshi",6,L12: Semi-routine occupations,11
E05013985,Squirrels Heath,1,"Asian, Asian British or Asian Welsh: Bangladeshi",7,L13: Routine occupations,5
E05013985,Squirrels Heath,1,"Asian, Asian British or Asian Welsh: Bangladeshi",8,L14.1 and L14.2: Never worked and long-term unemployed,20
E05013985,Squirrels Heath,1,"Asian, Asian British or Asian Welsh: Bangladeshi",9,L15: Full-time students,16
E05013985,Squirrels Heath,2,"Asian, Asian British or Asian Welsh: Chinese",-8,Does not apply,22
E05013985,Squirrels Heath,2,"Asian, Asian British or Asian Welsh: Chinese",1,"L1, L2 and L3: Higher managerial, administrative and professional occupations",26
E05013985,Squirrels Heath,2,"Asian, Asian British or Asian Welsh: Chinese",2,"L4, L5 and L6: Lower managerial, administrative and professional occupations",32
E05013985,Squirrels Heath,2,"Asian, Asian British or Asian Welsh: Chinese",3,L7: Intermediate occupations,8
E05013985,Squirrels Heath,2,"Asian, Asian British or Asian Welsh: Chinese",4,L8 and L9: Small employers and own account workers,8
E05013985,Squirrels Heath,2,"Asian, Asian British or Asian Welsh: Chinese",5,L10 and L11: Lower supervisory and technical occupations,7
E05013985,Squirrels Heath,2,"Asian, Asian British or Asian Welsh: Chinese",6,L12: Semi-routine occupations,4
E05013985,Squirrels Heath,2,"Asian, Asian British or Asian Welsh: Chinese",7,L13: Routine occupations,3
E05013985,Squirrels Heath,2,"Asian, Asian British or Asian Welsh: Chinese",8,L14.1 and L14.2: Never worked and long-term unemployed,16
E05013985,Squirrels Heath,2,"Asian, Asian British or Asian Welsh: Chinese",9,L15: Full-time students,2
E05013985,Squirrels Heath,3,"Asian, Asian British or Asian Welsh: Indian",-8,Does not apply,283
E05013985,Squirrels Heath,3,"Asian, Asian British or Asian Welsh: Indian",1,"L1, L2 and L3: Higher managerial, administrative and professional occupations",287
E05013985,Squirrels Heath,3,"Asian, Asian British or Asian Welsh: Indian",2,"L4, L5 and L6: Lower managerial, administrative and professional occupations",191
E05013985,Squirrels Heath,3,"Asian, Asian British or Asian Welsh: Indian",3,L7: Intermediate occupations,89
E05013985,Squirrels Heath,3,"Asian, Asian British or Asian Welsh: Indian",4,L8 and L9: Small employers and own account workers,106
E05013985,Squirrels Heath,3,"Asian, Asian British or Asian Welsh: Indian",5,L10 and L11: Lower supervisory and technical occupations,21
E05013985,Squirrels Heath,3,"Asian, Asian British or Asian Welsh: Indian",6,L12: Semi-routine occupations,46
E05013985,Squirrels Heath,3,"Asian, Asian British or Asian Welsh: Indian",7,L13: Routine occupations,29
E05013985,Squirrels Heath,3,"Asian, Asian British or Asian Welsh: Indian",8,L14.1 and L14.2: Never worked and long-term unemployed,52
E05013985,Squirrels Heath,3,"Asian, Asian British or Asian Welsh: Indian",9,L15: Full-time students,46
E05013985,Squirrels Heath,4,"Asian, Asian British or Asian Welsh: Pakistani",-8,Does not apply,74
E05013985,Squirrels Heath,4,"Asian, Asian British or Asian Welsh: Pakistani",1,"L1, L2 and L3: Higher managerial, administrative and professional occupations",51
E05013985,Squirrels Heath,4,"Asian, Asian British or Asian Welsh: Pakistani",2,"L4, L5 and L6: Lower managerial, administrative and professional occupations",48
E05013985,Squirrels Heath,4,"Asian, Asian British or Asian Welsh: Pakistani",3,L7: Intermediate occupations,14
E05013985,Squirrels Heath,4,"Asian, Asian British or Asian Welsh: Pakistani",4,L8 and L9: Small employers and own account workers,21
E05013985,Squirrels Heath,4,"Asian, Asian British or Asian Welsh: Pakistani",5,L10 and L11: Lower supervisory and technical occupations,5
E05013985,Squirrels Heath,4,"Asian, Asian British or Asian Welsh: Pakistani",6,L12: Semi-routine occupations,9
E05013985,Squirrels Heath,4,"Asian, Asian British or Asian Welsh: Pakistani",7,L13: Routine occupations,7
E05013985,Squirrels Heath,4,"Asian, Asian British or Asian Welsh: Pakistani",8,L14.1 and L14.2: Never worked and long-term unemployed,27
E05013985,Squirrels Heath,4,"Asian, Asian British or Asian Welsh: Pakistani",9,L15: Full-time students,25
E05013985,Squirrels Heath,5,"Asian, Asian British or Asian Welsh: Other Asian",-8,Does not apply,44
E05013985,Squirrels Heath,5,"Asian, Asian British or Asian Welsh: Other Asian",1,"L1, L2 and L3: Higher managerial, administrative and professional occupations",32
E05013985,Squirrels Heath,5,"Asian, Asian British or Asian Welsh: Other Asian",2,"L4, L5 and L6: Lower managerial, administrative and professional occupations",42
E05013985,Squirrels Heath,5,"Asian, Asian British or Asian Welsh: Other Asian",3,L7: Intermediate occupations,23
E05013985,Squirrels Heath,5,"Asian, Asian British or Asian Welsh: Other Asian",4,L8 and L9: Small employers and own account workers,18
E05013985,Squirrels Heath,5,"Asian, Asian British or Asian Welsh: Other Asian",5,L10 and L11: Lower supervisory and technical occupations,7
E05013985,Squirrels Heath,5,"Asian, Asian British or Asian Welsh: Other Asian",6,L12: Semi-routine occupations,19
E05013985,Squirrels Heath,5,"Asian, Asian British or Asian Welsh: Other Asian",7,L13: Routine occupations,11
E05013985,Squirrels Heath,5,"Asian, Asian British or Asian Welsh: Other Asian",8,L14.1 and L14.2: Never worked and long-term unemployed,16
E05013985,Squirrels Heath,5,"Asian, Asian British or Asian Welsh: Other Asian",9,L15: Full-time students,9
E05013985,Squirrels Heath,6,"Black, Black British, Black Welsh, Caribbean or African: African",-8,Does not apply,162
E05013985,Squirrels Heath,6,"Black, Black British, Black Welsh, Caribbean or African: African",1,"L1, L2 and L3: Higher managerial, administrative and professional occupations",83
E05013985,Squirrels Heath,6,"Black, Black British, Black Welsh, Caribbean or African: African",2,"L4, L5 and L6: Lower managerial, administrative and professional occupations",102
E05013985,Squirrels Heath,6,"Black, Black British, Black Welsh, Caribbean or African: African",3,L7: Intermediate occupations,33
E05013985,Squirrels Heath,6,"Black, Black British, Black Welsh, Caribbean or African: African",4,L8 and L9: Small employers and own account workers,48
E05013985,Squirrels Heath,6,"Black, Black British, Black Welsh, Caribbean or African: African",5,L10 and L11: Lower supervisory and technical occupations,11
E05013985,Squirrels Heath,6,"Black, Black British, Black Welsh, Caribbean or African: African",6,L12: Semi-routine occupations,45
E05013985,Squirrels Heath,6,"Black, Black British, Black Welsh, Caribbean or African: African",7,L13: Routine occupations,23
E05013985,Squirrels Heath,6,"Black, Black British, Black Welsh, Caribbean or African: African",8,L14.1 and L14.2: Never worked and long-term unemployed,28
E05013985,Squirrels Heath,6,"Black, Black British, Black Welsh, Caribbean or African: African",9,L15: Full-time students,55
E05013985,Squirrels Heath,7,"Black, Black British, Black Welsh, Caribbean or African: Caribbean",-8,Does not apply,23
E05013985,Squirrels Heath,7,"Black, Black British, Black Welsh, Caribbean or African: Caribbean",1,"L1, L2 and L3: Higher managerial, administrative and professional occupations",35
E05013985,Squirrels Heath,7,"Black, Black British, Black Welsh, Caribbean or African: Caribbean",2,"L4, L5 and L6: Lower managerial, administrative and professional occupations",64
E05013985,Squirrels Heath,7,"Black, Black British, Black Welsh, Caribbean or African: Caribbean",3,L7: Intermediate occupations,31
E05013985,Squirrels Heath,7,"Black, Black British, Black Welsh, Caribbean or African: Caribbean",4,L8 and L9: Small employers and own account workers,20
E05013985,Squirrels Heath,7,"Black, Black British, Black Welsh, Caribbean or African: Caribbean",5,L10 and L11: Lower supervisory and technical occupations,11
E05013985,Squirrels Heath,7,"Black, Black British, Black Welsh, Caribbean or African: Caribbean",6,L12: Semi-routine occupations,17
E05013985,Squirrels Heath,7,"Black, Black British, Black Welsh, Caribbean or African: Caribbean",7,L13: Routine occupations,7
E05013985,Squirrels Heath,7,"Black, Black British, Black Welsh, Caribbean or African: Caribbean",8,L14.1 and L14.2: Never worked and long-term unemployed,11
E05013985,Squirrels Heath,7,"Black, Black British, Black Welsh, Caribbean or African: Caribbean",9,L15: Full-time students,11
E05013985,Squirrels Heath,8,"Black, Black British, Black Welsh, Caribbean or African: Other Black",-8,Does not apply,49
E05013985,Squirrels Heath,8,"Black, Black British, Black Welsh, Caribbean or African: Other Black",1,"L1, L2 and L3: Higher managerial, administrative and professional occupations",5
E05013985,Squirrels Heath,8,"Black, Black British, Black Welsh, Caribbean or African: Other Black",2,"L4, L5 and L6: Lower managerial, administrative and professional occupations",10
E05013985,Squirrels Heath,8,"Black, Black British, Black Welsh, Caribbean or African: Other Black",3,L7: Intermediate occupations,9
E05013985,Squirrels Heath,8,"Black, Black British, Black Welsh, Caribbean or African: Other Black",4,L8 and L9: Small employers and own account workers,2
E05013985,Squirrels Heath,8,"Black, Black British, Black Welsh, Caribbean or African: Other Black",5,L10 and L11: Lower supervisory and technical occupations,3
E05013985,Squirrels Heath,8,"Black, Black British, Black Welsh, Caribbean or African: Other Black",6,L12: Semi-routine occupations,9
E05013985,Squirrels Heath,8,"Black, Black British, Black Welsh, Caribbean or African: Other Black",7,L13: Routine occupations,4
E05013985,Squirrels Heath,8,"Black, Black British, Black Welsh, Caribbean or African: Other Black",8,L14.1 and L14.2: Never worked and long-term unemployed,2
E05013985,Squirrels Heath,8,"Black, Black British, Black Welsh, Caribbean or African: Other Black",9,L15: Full-time students,10
E05013985,Squirrels Heath,9,Mixed or Multiple ethnic groups: White and Asian,-8,Does not apply,98
E05013985,Squirrels Heath,9,Mixed or Multiple ethnic groups: White and Asian,1,"L1, L2 and L3: Higher managerial, administrative and professional occupations",24
E05013985,Squirrels Heath,9,Mixed or Multiple ethnic groups: White and Asian,2,"L4, L5 and L6: Lower managerial, administrative and professional occupations",30
E05013985,Squirrels Heath,9,Mixed or Multiple ethnic groups: White and Asian,3,L7: Intermediate occupations,9
E05013985,Squirrels Heath,9,Mixed or Multiple ethnic groups: White and Asian,4,L8 and L9: Small employers and own account workers,4
E05013985,Squirrels Heath,9,Mixed or Multiple ethnic groups: White and Asian,5,L10 and L11: Lower supervisory and technical occupations,3
E05013985,Squirrels Heath,9,Mixed or Multiple ethnic groups: White and Asian,6,L12: Semi-routine occupations,6
E05013985,Squirrels Heath,9,Mixed or Multiple ethnic groups: White and Asian,7,L13: Routine occupations,2
E05013985,Squirrels Heath,9,Mixed or Multiple ethnic groups: White and Asian,8,L14.1 and L14.2: Never worked and long-term unemployed,3
E05013985,Squirrels Heath,9,Mixed or Multiple ethnic groups: White and Asian,9,L15: Full-time students,11
E05013985,Squirrels Heath,10,Mixed or Multiple ethnic groups: White and Black African,-8,Does not apply,33
E05013985,Squirrels Heath,10,Mixed or Multiple ethnic groups: White and Black African,1,"L1, L2 and L3: Higher managerial, administrative and professional occupations",4
E05013985,Squirrels Heath,10,Mixed or Multiple ethnic groups: White and Black African,2,"L4, L5 and L6: Lower managerial, administrative and professional occupations",5
E05013985,Squirrels Heath,10,Mixed or Multiple ethnic groups: White and Black African,3,L7: Intermediate occupations,5
E05013985,Squirrels Heath,10,Mixed or Multiple ethnic groups: White and Black African,4,L8 and L9: Small employers and own account workers,3
E05013985,Squirrels Heath,10,Mixed or Multiple ethnic groups: White and Black African,5,L10 and L11: Lower supervisory and technical occupations,3
E05013985,Squirrels Heath,10,Mixed or Multiple ethnic groups: White and Black African,6,L12: Semi-routine occupations,3
E05013985,Squirrels Heath,10,Mixed or Multiple ethnic groups: White and Black African,7,L13: Routine occupations,2
E05013985,Squirrels Heath,10,Mixed or Multiple ethnic groups: White and Black African,8,L14.1 and L14.2: Never worked and long-term unemployed,1
E05013985,Squirrels Heath,10,Mixed or Multiple ethnic groups: White and Black African,9,L15: Full-time students,1
E05013985,Squirrels Heath,11,Mixed or Multiple ethnic groups: White and Black Caribbean,-8,Does not apply,76
E05013985,Squirrels Heath,11,Mixed or Multiple ethnic groups: White and Black Caribbean,1,"L1, L2 and L3: Higher managerial, administrative and professional occupations",8
E05013985,Squirrels Heath,11,Mixed or Multiple ethnic groups: White and Black Caribbean,2,"L4, L5 and L6: Lower managerial, administrative and professional occupations",17
E05013985,Squirrels Heath,11,Mixed or Multiple ethnic groups: White and Black Caribbean,3,L7: Intermediate occupations,10
E05013985,Squirrels Heath,11,Mixed or Multiple ethnic groups: White and Black Caribbean,4,L8 and L9: Small employers and own account workers,3
E05013985,Squirrels Heath,11,Mixed or Multiple ethnic groups: White and Black Caribbean,5,L10 and L11: Lower supervisory and technical occupations,5
E05013985,Squirrels Heath,11,Mixed or Multiple ethnic groups: White and Black Caribbean,6,L12: Semi-routine occupations,7
E05013985,Squirrels Heath,11,Mixed or Multiple ethnic groups: White and Black Caribbean,7,L13: Routine occupations,5
E05013985,Squirrels Heath,11,Mixed or Multiple ethnic groups: White and Black Caribbean,8,L14.1 and L14.2: Never worked and long-term unemployed,4
E05013985,Squirrels Heath,11,Mixed or Multiple ethnic groups: White and Black Caribbean,9,L15: Full-time students,4
E05013985,Squirrels Heath,12,Mixed or Multiple ethnic groups: Other Mixed or Multiple ethnic groups,-8,Does not apply,81
E05013985,Squirrels Heath,12,Mixed or Multiple ethnic groups: Other Mixed or Multiple ethnic groups,1,"L1, L2 and L3: Higher managerial, administrative and professional occupations",15
E05013985,Squirrels Heath,12,Mixed or Multiple ethnic groups: Other Mixed or Multiple ethnic groups,2,"L4, L5 and L6: Lower managerial, administrative and professional occupations",25
E05013985,Squirrels Heath,12,Mixed or Multiple ethnic groups: Other Mixed or Multiple ethnic groups,3,L7: Intermediate occupations,6
E05013985,Squirrels Heath,12,Mixed or Multiple ethnic groups: Other Mixed or Multiple ethnic groups,4,L8 and L9: Small employers and own account workers,13
E05013985,Squirrels Heath,12,Mixed or Multiple ethnic groups: Other Mixed or Multiple ethnic groups,5,L10 and L11: Lower supervisory and technical occupations,3
E05013985,Squirrels Heath,12,Mixed or Multiple ethnic groups: Other Mixed or Multiple ethnic groups,6,L12: Semi-routine occupations,7
E05013985,Squirrels Heath,12,Mixed or Multiple ethnic groups: Other Mixed or Multiple ethnic groups,7,L13: Routine occupations,6
E05013985,Squirrels Heath,12,Mixed or Multiple ethnic groups: Other Mixed or Multiple ethnic groups,8,L14.1 and L14.2: Never worked and long-term unemployed,4
E05013985,Squirrels Heath,12,Mixed or Multiple ethnic groups: Other Mixed or Multiple ethnic groups,9,L15: Full-time students,11
E05013985,Squirrels Heath,13,"White: English, Welsh, Scottish, Northern Irish or British",-8,Does not apply,1730
E05013985,Squirrels Heath,13,"White: English, Welsh, Scottish, Northern Irish or British",1,"L1, L2 and L3: Higher managerial, administrative and professional occupations",1384
E05013985,Squirrels Heath,13,"White: English, Welsh, Scottish, Northern Irish or British",2,"L4, L5 and L6: Lower managerial, administrative and professional occupations",1953
E05013985,Squirrels Heath,13,"White: English, Welsh, Scottish, Northern Irish or British",3,L7: Intermediate occupations,1580
E05013985,Squirrels Heath,13,"White: English, Welsh, Scottish, Northern Irish or British",4,L8 and L9: Small employers and own account workers,1075
E05013985,Squirrels Heath,13,"White: English, Welsh, Scottish, Northern Irish or British",5,L10 and L11: Lower supervisory and technical occupations,415
E05013985,Squirrels Heath,13,"White: English, Welsh, Scottish, Northern Irish or British",6,L12: Semi-routine occupations,830
E05013985,Squirrels Heath,13,"White: English, Welsh, Scottish, Northern Irish or British",7,L13: Routine occupations,683
E05013985,Squirrels Heath,13,"White: English, Welsh, Scottish, Northern Irish or British",8,L14.1 and L14.2: Never worked and long-term unemployed,564
E05013985,Squirrels Heath,13,"White: English, Welsh, Scottish, Northern Irish or British",9,L15: Full-time students,356
E05013985,Squirrels Heath,14,White: Irish,-8,Does not apply,14
E05013985,Squirrels Heath,14,White: Irish,1,"L1, L2 and L3: Higher managerial, administrative and professional occupations",32
E05013985,Squirrels Heath,14,White: Irish,2,"L4, L5 and L6: Lower managerial, administrative and professional occupations",80
E05013985,Squirrels Heath,14,White: Irish,3,L7: Intermediate occupations,19
E05013985,Squirrels Heath,14,White: Irish,4,L8 and L9: Small employers and own account workers,20
E05013985,Squirrels Heath,14,White: Irish,5,L10 and L11: Lower supervisory and technical occupations,8
E05013985,Squirrels Heath,14,White: Irish,6,L12: Semi-routine occupations,15
E05013985,Squirrels Heath,14,White: Irish,7,L13: Routine occupations,16
E05013985,Squirrels Heath,14,White: Irish,8,L14.1 and L14.2: Never worked and long-term unemployed,15
E05013985,Squirrels Heath,14,White: Irish,9,L15: Full-time students,7
E05013985,Squirrels Heath,15,White: Gypsy or Irish Traveller,-8,Does not apply,4
E05013985,Squirrels Heath,15,White: Gypsy or Irish Traveller,1,"L1, L2 and L3: Higher managerial, administrative and professional occupations",0
E05013985,Squirrels Heath,15,White: Gypsy or Irish Traveller,2,"L4, L5 and L6: Lower managerial, administrative and professional occupations",3
E05013985,Squirrels Heath,15,White: Gypsy or Irish Traveller,3,L7: Intermediate occupations,1
E05013985,Squirrels Heath,15,White: Gypsy or Irish Traveller,4,L8 and L9: Small employers and own account workers,0
E05013985,Squirrels Heath,15,White: Gypsy or Irish Traveller,5,L10 and L11: Lower supervisory and technical occupations,0
E05013985,Squirrels Heath,15,White: Gypsy or Irish Traveller,6,L12: Semi-routine occupations,1
E05013985,Squirrels Heath,15,White: Gypsy or Irish Traveller,7,L13: Routine occupations,1
E05013985,Squirrels Heath,15,White: Gypsy or Irish Traveller,8,L14.1 and L14.2: Never worked and long-term unemployed,2
E05013985,Squirrels Heath,15,White: Gypsy or Irish Traveller,9,L15: Full-time students,0
E05013985,Squirrels Heath,16,White: Roma,-8,Does not apply,6
E05013985,Squirrels Heath,16,White: Roma,1,"L1, L2 and L3: Higher managerial, administrative and professional occupations",0
E05013985,Squirrels Heath,16,White: Roma,2,"L4, L5 and L6: Lower managerial, administrative and professional occupations",1
E05013985,Squirrels Heath,16,White: Roma,3,L7: Intermediate occupations,2
E05013985,Squirrels Heath,16,White: Roma,4,L8 and L9: Small employers and own account workers,10
E05013985,Squirrels Heath,16,White: Roma,5,L10 and L11: Lower supervisory and technical occupations,1
E05013985,Squirrels Heath,16,White: Roma,6,L12: Semi-routine occupations,2
E05013985,Squirrels Heath,16,White: Roma,7,L13: Routine occupations,6
E05013985,Squirrels Heath,16,White: Roma,8,L14.1 and L14.2: Never worked and long-term unemployed,3
E05013985,Squirrels Heath,16,White: Roma,9,L15: Full-time students,0
E05013985,Squirrels Heath,17,White: Other White,-8,Does not apply,144
E05013985,Squirrels Heath,17,White: Other White,1,"L1, L2 and L3: Higher managerial, administrative and professional occupations",96
E05013985,Squirrels Heath,17,White: Other White,2,"L4, L5 and L6: Lower managerial, administrative and professional occupations",142
E05013985,Squirrels Heath,17,White: Other White,3,L7: Intermediate occupations,62
E05013985,Squirrels Heath,17,White: Other White,4,L8 and L9: Small employers and own account workers,202
E05013985,Squirrels Heath,17,White: Other White,5,L10 and L11: Lower supervisory and technical occupations,38
E05013985,Squirrels Heath,17,White: Other White,6,L12: Semi-routine occupations,60
E05013985,Squirrels Heath,17,White: Other White,7,L13: Routine occupations,79
E05013985,Squirrels Heath,17,White: Other White,8,L14.1 and L14.2: Never worked and long-term unemployed,43
E05013985,Squirrels Heath,17,White: Other White,9,L15: Full-time students,76
E05013985,Squirrels Heath,18,Other ethnic group: Arab,-8,Does not apply,14
E05013985,Squirrels Heath,18,Other ethnic group: Arab,1,"L1, L2 and L3: Higher managerial, administrative and professional occupations",9
E05013985,Squirrels Heath,18,Other ethnic group: Arab,2,"L4, L5 and L6: Lower managerial, administrative and professional occupations",5
E05013985,Squirrels Heath,18,Other ethnic group: Arab,3,L7: Intermediate occupations,2
E05013985,Squirrels Heath,18,Other ethnic group: Arab,4,L8 and L9: Small employers and own account workers,6
E05013985,Squirrels Heath,18,Other ethnic group: Arab,5,L10 and L11: Lower supervisory and technical occupations,2
E05013985,Squirrels Heath,18,Other ethnic group: Arab,6,L12: Semi-routine occupations,1
E05013985,Squirrels Heath,18,Other ethnic group: Arab,7,L13: Routine occupations,0
E05013985,Squirrels Heath,18,Other ethnic group: Arab,8,L14.1 and L14.2: Never worked and long-term unemployed,7
E05013985,Squirrels Heath,18,Other ethnic group: Arab,9,L15: Full-time students,1
E05013985,Squirrels Heath,19,Other ethnic group: Any other ethnic group,-8,Does not apply,59
E05013985,Squirrels Heath,19,Other ethnic group: Any other ethnic group,1,"L1, L2 and L3: Higher managerial, administrative and professional occupations",43
E05013985,Squirrels Heath,19,Other ethnic group: Any other ethnic group,2,"L4, L5 and L6: Lower managerial, administrative and professional occupations",46
E05013985,Squirrels Heath,19,Other ethnic group: Any other ethnic group,3,L7: Intermediate occupations,24
E05013985,Squirrels Heath,19,Other ethnic group: Any other ethnic group,4,L8 and L9: Small employers and own account workers,27
E05013985,Squirrels Heath,19,Other ethnic group: Any other ethnic group,5,L10 and L11: Lower supervisory and technical occupations,7
E05013985,Squirrels Heath,19,Other ethnic group: Any other ethnic group,6,L12: Semi-routine occupations,15
E05013985,Squirrels Heath,19,Other ethnic group: Any other ethnic group,7,L13: Routine occupations,24
E05013985,Squirrels Heath,19,Other ethnic group: Any other ethnic group,8,L14.1 and L14.2: Never worked and long-term unemployed,22
E05013985,Squirrels Heath,19,Other ethnic group: Any other ethnic group,9,L15: Full-time students,12
E05013986,Upminster,-8,Does not apply,-8,Does not apply,0
E05013986,Upminster,-8,Does not apply,1,"L1, L2 and L3: Higher managerial, administrative and professional occupations",0
E05013986,Upminster,-8,Does not apply,2,"L4, L5 and L6: Lower managerial, administrative and professional occupations",0
E05013986,Upminster,-8,Does not apply,3,L7: Intermediate occupations,0
E05013986,Upminster,-8,Does not apply,4,L8 and L9: Small employers and own account workers,0
E05013986,Upminster,-8,Does not apply,5,L10 and L11: Lower supervisory and technical occupations,0
E05013986,Upminster,-8,Does not apply,6,L12: Semi-routine occupations,0
E05013986,Upminster,-8,Does not apply,7,L13: Routine occupations,0
E05013986,Upminster,-8,Does not apply,8,L14.1 and L14.2: Never worked and long-term unemployed,0
E05013986,Upminster,-8,Does not apply,9,L15: Full-time students,0
E05013986,Upminster,1,"Asian, Asian British or Asian Welsh: Bangladeshi",-8,Does not apply,12
E05013986,Upminster,1,"Asian, Asian British or Asian Welsh: Bangladeshi",1,"L1, L2 and L3: Higher managerial, administrative and professional occupations",5
E05013986,Upminster,1,"Asian, Asian British or Asian Welsh: Bangladeshi",2,"L4, L5 and L6: Lower managerial, administrative and professional occupations",4
E05013986,Upminster,1,"Asian, Asian British or Asian Welsh: Bangladeshi",3,L7: Intermediate occupations,5
E05013986,Upminster,1,"Asian, Asian British or Asian Welsh: Bangladeshi",4,L8 and L9: Small employers and own account workers,3
E05013986,Upminster,1,"Asian, Asian British or Asian Welsh: Bangladeshi",5,L10 and L11: Lower supervisory and technical occupations,2
E05013986,Upminster,1,"Asian, Asian British or Asian Welsh: Bangladeshi",6,L12: Semi-routine occupations,4
E05013986,Upminster,1,"Asian, Asian British or Asian Welsh: Bangladeshi",7,L13: Routine occupations,3
E05013986,Upminster,1,"Asian, Asian British or Asian Welsh: Bangladeshi",8,L14.1 and L14.2: Never worked and long-term unemployed,6
E05013986,Upminster,1,"Asian, Asian British or Asian Welsh: Bangladeshi",9,L15: Full-time students,5
E05013986,Upminster,2,"Asian, Asian British or Asian Welsh: Chinese",-8,Does not apply,11
E05013986,Upminster,2,"Asian, Asian British or Asian Welsh: Chinese",1,"L1, L2 and L3: Higher managerial, administrative and professional occupations",20
E05013986,Upminster,2,"Asian, Asian British or Asian Welsh: Chinese",2,"L4, L5 and L6: Lower managerial, administrative and professional occupations",15
E05013986,Upminster,2,"Asian, Asian British or Asian Welsh: Chinese",3,L7: Intermediate occupations,8
E05013986,Upminster,2,"Asian, Asian British or Asian Welsh: Chinese",4,L8 and L9: Small employers and own account workers,9
E05013986,Upminster,2,"Asian, Asian British or Asian Welsh: Chinese",5,L10 and L11: Lower supervisory and technical occupations,5
E05013986,Upminster,2,"Asian, Asian British or Asian Welsh: Chinese",6,L12: Semi-routine occupations,5
E05013986,Upminster,2,"Asian, Asian British or Asian Welsh: Chinese",7,L13: Routine occupations,5
E05013986,Upminster,2,"Asian, Asian British or Asian Welsh: Chinese",8,L14.1 and L14.2: Never worked and long-term unemployed,5
E05013986,Upminster,2,"Asian, Asian British or Asian Welsh: Chinese",9,L15: Full-time students,7
E05013986,Upminster,3,"Asian, Asian British or Asian Welsh: Indian",-8,Does not apply,59
E05013986,Upminster,3,"Asian, Asian British or Asian Welsh: Indian",1,"L1, L2 and L3: Higher managerial, administrative and professional occupations",62
E05013986,Upminster,3,"Asian, Asian British or Asian Welsh: Indian",2,"L4, L5 and L6: Lower managerial, administrative and professional occupations",51
E05013986,Upminster,3,"Asian, Asian British or Asian Welsh: Indian",3,L7: Intermediate occupations,20
E05013986,Upminster,3,"Asian, Asian British or Asian Welsh: Indian",4,L8 and L9: Small employers and own account workers,16
E05013986,Upminster,3,"Asian, Asian British or Asian Welsh: Indian",5,L10 and L11: Lower supervisory and technical occupations,5
E05013986,Upminster,3,"Asian, Asian British or Asian Welsh: Indian",6,L12: Semi-routine occupations,7
E05013986,Upminster,3,"Asian, Asian British or Asian Welsh: Indian",7,L13: Routine occupations,5
E05013986,Upminster,3,"Asian, Asian British or Asian Welsh: Indian",8,L14.1 and L14.2: Never worked and long-term unemployed,9
E05013986,Upminster,3,"Asian, Asian British or Asian Welsh: Indian",9,L15: Full-time students,12
E05013986,Upminster,4,"Asian, Asian British or Asian Welsh: Pakistani",-8,Does not apply,18
E05013986,Upminster,4,"Asian, Asian British or Asian Welsh: Pakistani",1,"L1, L2 and L3: Higher managerial, administrative and professional occupations",6
E05013986,Upminster,4,"Asian, Asian British or Asian Welsh: Pakistani",2,"L4, L5 and L6: Lower managerial, administrative and professional occupations",7
E05013986,Upminster,4,"Asian, Asian British or Asian Welsh: Pakistani",3,L7: Intermediate occupations,1
E05013986,Upminster,4,"Asian, Asian British or Asian Welsh: Pakistani",4,L8 and L9: Small employers and own account workers,3
E05013986,Upminster,4,"Asian, Asian British or Asian Welsh: Pakistani",5,L10 and L11: Lower supervisory and technical occupations,3
E05013986,Upminster,4,"Asian, Asian British or Asian Welsh: Pakistani",6,L12: Semi-routine occupations,0
E05013986,Upminster,4,"Asian, Asian British or Asian Welsh: Pakistani",7,L13: Routine occupations,1
E05013986,Upminster,4,"Asian, Asian British or Asian Welsh: Pakistani",8,L14.1 and L14.2: Never worked and long-term unemployed,2
E05013986,Upminster,4,"Asian, Asian British or Asian Welsh: Pakistani",9,L15: Full-time students,5
E05013986,Upminster,5,"Asian, Asian British or Asian Welsh: Other Asian",-8,Does not apply,26
E05013986,Upminster,5,"Asian, Asian British or Asian Welsh: Other Asian",1,"L1, L2 and L3: Higher managerial, administrative and professional occupations",9
E05013986,Upminster,5,"Asian, Asian British or Asian Welsh: Other Asian",2,"L4, L5 and L6: Lower managerial, administrative and professional occupations",12
E05013986,Upminster,5,"Asian, Asian British or Asian Welsh: Other Asian",3,L7: Intermediate occupations,7
E05013986,Upminster,5,"Asian, Asian British or Asian Welsh: Other Asian",4,L8 and L9: Small employers and own account workers,7
E05013986,Upminster,5,"Asian, Asian British or Asian Welsh: Other Asian",5,L10 and L11: Lower supervisory and technical occupations,4
E05013986,Upminster,5,"Asian, Asian British or Asian Welsh: Other Asian",6,L12: Semi-routine occupations,7
E05013986,Upminster,5,"Asian, Asian British or Asian Welsh: Other Asian",7,L13: Routine occupations,7
E05013986,Upminster,5,"Asian, Asian British or Asian Welsh: Other Asian",8,L14.1 and L14.2: Never worked and long-term unemployed,12
E05013986,Upminster,5,"Asian, Asian British or Asian Welsh: Other Asian",9,L15: Full-time students,1
E05013986,Upminster,6,"Black, Black British, Black Welsh, Caribbean or African: African",-8,Does not apply,31
E05013986,Upminster,6,"Black, Black British, Black Welsh, Caribbean or African: African",1,"L1, L2 and L3: Higher managerial, administrative and professional occupations",20
E05013986,Upminster,6,"Black, Black British, Black Welsh, Caribbean or African: African",2,"L4, L5 and L6: Lower managerial, administrative and professional occupations",31
E05013986,Upminster,6,"Black, Black British, Black Welsh, Caribbean or African: African",3,L7: Intermediate occupations,5
E05013986,Upminster,6,"Black, Black British, Black Welsh, Caribbean or African: African",4,L8 and L9: Small employers and own account workers,9
E05013986,Upminster,6,"Black, Black British, Black Welsh, Caribbean or African: African",5,L10 and L11: Lower supervisory and technical occupations,5
E05013986,Upminster,6,"Black, Black British, Black Welsh, Caribbean or African: African",6,L12: Semi-routine occupations,9
E05013986,Upminster,6,"Black, Black British, Black Welsh, Caribbean or African: African",7,L13: Routine occupations,7
E05013986,Upminster,6,"Black, Black British, Black Welsh, Caribbean or African: African",8,L14.1 and L14.2: Never worked and long-term unemployed,4
E05013986,Upminster,6,"Black, Black British, Black Welsh, Caribbean or African: African",9,L15: Full-time students,17
E05013986,Upminster,7,"Black, Black British, Black Welsh, Caribbean or African: Caribbean",-8,Does not apply,11
E05013986,Upminster,7,"Black, Black British, Black Welsh, Caribbean or African: Caribbean",1,"L1, L2 and L3: Higher managerial, administrative and professional occupations",15
E05013986,Upminster,7,"Black, Black British, Black Welsh, Caribbean or African: Caribbean",2,"L4, L5 and L6: Lower managerial, administrative and professional occupations",13
E05013986,Upminster,7,"Black, Black British, Black Welsh, Caribbean or African: Caribbean",3,L7: Intermediate occupations,8
E05013986,Upminster,7,"Black, Black British, Black Welsh, Caribbean or African: Caribbean",4,L8 and L9: Small employers and own account workers,7
E05013986,Upminster,7,"Black, Black British, Black Welsh, Caribbean or African: Caribbean",5,L10 and L11: Lower supervisory and technical occupations,3
E05013986,Upminster,7,"Black, Black British, Black Welsh, Caribbean or African: Caribbean",6,L12: Semi-routine occupations,5
E05013986,Upminster,7,"Black, Black British, Black Welsh, Caribbean or African: Caribbean",7,L13: Routine occupations,5
E05013986,Upminster,7,"Black, Black British, Black Welsh, Caribbean or African: Caribbean",8,L14.1 and L14.2: Never worked and long-term unemployed,2
E05013986,Upminster,7,"Black, Black British, Black Welsh, Caribbean or African: Caribbean",9,L15: Full-time students,6
E05013986,Upminster,8,"Black, Black British, Black Welsh, Caribbean or African: Other Black",-8,Does not apply,10
E05013986,Upminster,8,"Black, Black British, Black Welsh, Caribbean or African: Other Black",1,"L1, L2 and L3: Higher managerial, administrative and professional occupations",2
E05013986,Upminster,8,"Black, Black British, Black Welsh, Caribbean or African: Other Black",2,"L4, L5 and L6: Lower managerial, administrative and professional occupations",4
E05013986,Upminster,8,"Black, Black British, Black Welsh, Caribbean or African: Other Black",3,L7: Intermediate occupations,0
E05013986,Upminster,8,"Black, Black British, Black Welsh, Caribbean or African: Other Black",4,L8 and L9: Small employers and own account workers,2
E05013986,Upminster,8,"Black, Black British, Black Welsh, Caribbean or African: Other Black",5,L10 and L11: Lower supervisory and technical occupations,0
E05013986,Upminster,8,"Black, Black British, Black Welsh, Caribbean or African: Other Black",6,L12: Semi-routine occupations,0
E05013986,Upminster,8,"Black, Black British, Black Welsh, Caribbean or African: Other Black",7,L13: Routine occupations,3
E05013986,Upminster,8,"Black, Black British, Black Welsh, Caribbean or African: Other Black",8,L14.1 and L14.2: Never worked and long-term unemployed,1
E05013986,Upminster,8,"Black, Black British, Black Welsh, Caribbean or African: Other Black",9,L15: Full-time students,2
E05013986,Upminster,9,Mixed or Multiple ethnic groups: White and Asian,-8,Does not apply,77
E05013986,Upminster,9,Mixed or Multiple ethnic groups: White and Asian,1,"L1, L2 and L3: Higher managerial, administrative and professional occupations",14
E05013986,Upminster,9,Mixed or Multiple ethnic groups: White and Asian,2,"L4, L5 and L6: Lower managerial, administrative and professional occupations",16
E05013986,Upminster,9,Mixed or Multiple ethnic groups: White and Asian,3,L7: Intermediate occupations,6
E05013986,Upminster,9,Mixed or Multiple ethnic groups: White and Asian,4,L8 and L9: Small employers and own account workers,1
E05013986,Upminster,9,Mixed or Multiple ethnic groups: White and Asian,5,L10 and L11: Lower supervisory and technical occupations,1
E05013986,Upminster,9,Mixed or Multiple ethnic groups: White and Asian,6,L12: Semi-routine occupations,2
E05013986,Upminster,9,Mixed or Multiple ethnic groups: White and Asian,7,L13: Routine occupations,3
E05013986,Upminster,9,Mixed or Multiple ethnic groups: White and Asian,8,L14.1 and L14.2: Never worked and long-term unemployed,4
E05013986,Upminster,9,Mixed or Multiple ethnic groups: White and Asian,9,L15: Full-time students,7
E05013986,Upminster,10,Mixed or Multiple ethnic groups: White and Black African,-8,Does not apply,17
E05013986,Upminster,10,Mixed or Multiple ethnic groups: White and Black African,1,"L1, L2 and L3: Higher managerial, administrative and professional occupations",8
E05013986,Upminster,10,Mixed or Multiple ethnic groups: White and Black African,2,"L4, L5 and L6: Lower managerial, administrative and professional occupations",1
E05013986,Upminster,10,Mixed or Multiple ethnic groups: White and Black African,3,L7: Intermediate occupations,2
E05013986,Upminster,10,Mixed or Multiple ethnic groups: White and Black African,4,L8 and L9: Small employers and own account workers,2
E05013986,Upminster,10,Mixed or Multiple ethnic groups: White and Black African,5,L10 and L11: Lower supervisory and technical occupations,0
E05013986,Upminster,10,Mixed or Multiple ethnic groups: White and Black African,6,L12: Semi-routine occupations,2
E05013986,Upminster,10,Mixed or Multiple ethnic groups: White and Black African,7,L13: Routine occupations,0
E05013986,Upminster,10,Mixed or Multiple ethnic groups: White and Black African,8,L14.1 and L14.2: Never worked and long-term unemployed,0
E05013986,Upminster,10,Mixed or Multiple ethnic groups: White and Black African,9,L15: Full-time students,7
E05013986,Upminster,11,Mixed or Multiple ethnic groups: White and Black Caribbean,-8,Does not apply,41
E05013986,Upminster,11,Mixed or Multiple ethnic groups: White and Black Caribbean,1,"L1, L2 and L3: Higher managerial, administrative and professional occupations",5
E05013986,Upminster,11,Mixed or Multiple ethnic groups: White and Black Caribbean,2,"L4, L5 and L6: Lower managerial, administrative and professional occupations",10
E05013986,Upminster,11,Mixed or Multiple ethnic groups: White and Black Caribbean,3,L7: Intermediate occupations,10
E05013986,Upminster,11,Mixed or Multiple ethnic groups: White and Black Caribbean,4,L8 and L9: Small employers and own account workers,2
E05013986,Upminster,11,Mixed or Multiple ethnic groups: White and Black Caribbean,5,L10 and L11: Lower supervisory and technical occupations,5
E05013986,Upminster,11,Mixed or Multiple ethnic groups: White and Black Caribbean,6,L12: Semi-routine occupations,5
E05013986,Upminster,11,Mixed or Multiple ethnic groups: White and Black Caribbean,7,L13: Routine occupations,3
E05013986,Upminster,11,Mixed or Multiple ethnic groups: White and Black Caribbean,8,L14.1 and L14.2: Never worked and long-term unemployed,2
E05013986,Upminster,11,Mixed or Multiple ethnic groups: White and Black Caribbean,9,L15: Full-time students,3
E05013986,Upminster,12,Mixed or Multiple ethnic groups: Other Mixed or Multiple ethnic groups,-8,Does not apply,38
E05013986,Upminster,12,Mixed or Multiple ethnic groups: Other Mixed or Multiple ethnic groups,1,"L1, L2 and L3: Higher managerial, administrative and professional occupations",16
E05013986,Upminster,12,Mixed or Multiple ethnic groups: Other Mixed or Multiple ethnic groups,2,"L4, L5 and L6: Lower managerial, administrative and professional occupations",14
E05013986,Upminster,12,Mixed or Multiple ethnic groups: Other Mixed or Multiple ethnic groups,3,L7: Intermediate occupations,6
E05013986,Upminster,12,Mixed or Multiple ethnic groups: Other Mixed or Multiple ethnic groups,4,L8 and L9: Small employers and own account workers,3
E05013986,Upminster,12,Mixed or Multiple ethnic groups: Other Mixed or Multiple ethnic groups,5,L10 and L11: Lower supervisory and technical occupations,0
E05013986,Upminster,12,Mixed or Multiple ethnic groups: Other Mixed or Multiple ethnic groups,6,L12: Semi-routine occupations,4
E05013986,Upminster,12,Mixed or Multiple ethnic groups: Other Mixed or Multiple ethnic groups,7,L13: Routine occupations,4
E05013986,Upminster,12,Mixed or Multiple ethnic groups: Other Mixed or Multiple ethnic groups,8,L14.1 and L14.2: Never worked and long-term unemployed,1
E05013986,Upminster,12,Mixed or Multiple ethnic groups: Other Mixed or Multiple ethnic groups,9,L15: Full-time students,2
E05013986,Upminster,13,"White: English, Welsh, Scottish, Northern Irish or British",-8,Does not apply,1826
E05013986,Upminster,13,"White: English, Welsh, Scottish, Northern Irish or British",1,"L1, L2 and L3: Higher managerial, administrative and professional occupations",1823
E05013986,Upminster,13,"White: English, Welsh, Scottish, Northern Irish or British",2,"L4, L5 and L6: Lower managerial, administrative and professional occupations",2266
E05013986,Upminster,13,"White: English, Welsh, Scottish, Northern Irish or British",3,L7: Intermediate occupations,1831
E05013986,Upminster,13,"White: English, Welsh, Scottish, Northern Irish or British",4,L8 and L9: Small employers and own account workers,1056
E05013986,Upminster,13,"White: English, Welsh, Scottish, Northern Irish or British",5,L10 and L11: Lower supervisory and technical occupations,394
E05013986,Upminster,13,"White: English, Welsh, Scottish, Northern Irish or British",6,L12: Semi-routine occupations,795
E05013986,Upminster,13,"White: English, Welsh, Scottish, Northern Irish or British",7,L13: Routine occupations,489
E05013986,Upminster,13,"White: English, Welsh, Scottish, Northern Irish or British",8,L14.1 and L14.2: Never worked and long-term unemployed,475
E05013986,Upminster,13,"White: English, Welsh, Scottish, Northern Irish or British",9,L15: Full-time students,443
E05013986,Upminster,14,White: Irish,-8,Does not apply,11
E05013986,Upminster,14,White: Irish,1,"L1, L2 and L3: Higher managerial, administrative and professional occupations",42
E05013986,Upminster,14,White: Irish,2,"L4, L5 and L6: Lower managerial, administrative and professional occupations",79
E05013986,Upminster,14,White: Irish,3,L7: Intermediate occupations,29
E05013986,Upminster,14,White: Irish,4,L8 and L9: Small employers and own account workers,18
E05013986,Upminster,14,White: Irish,5,L10 and L11: Lower supervisory and technical occupations,10
E05013986,Upminster,14,White: Irish,6,L12: Semi-routine occupations,23
E05013986,Upminster,14,White: Irish,7,L13: Routine occupations,16
E05013986,Upminster,14,White: Irish,8,L14.1 and L14.2: Never worked and long-term unemployed,8
E05013986,Upminster,14,White: Irish,9,L15: Full-time students,1
E05013986,Upminster,15,White: Gypsy or Irish Traveller,-8,Does not apply,12
E05013986,Upminster,15,White: Gypsy or Irish Traveller,1,"L1, L2 and L3: Higher managerial, administrative and professional occupations",0
E05013986,Upminster,15,White: Gypsy or Irish Traveller,2,"L4, L5 and L6: Lower managerial, administrative and professional occupations",5
E05013986,Upminster,15,White: Gypsy or Irish Traveller,3,L7: Intermediate occupations,0
E05013986,Upminster,15,White: Gypsy or Irish Traveller,4,L8 and L9: Small employers and own account workers,1
E05013986,Upminster,15,White: Gypsy or Irish Traveller,5,L10 and L11: Lower supervisory and technical occupations,0
E05013986,Upminster,15,White: Gypsy or Irish Traveller,6,L12: Semi-routine occupations,1
E05013986,Upminster,15,White: Gypsy or Irish Traveller,7,L13: Routine occupations,0
E05013986,Upminster,15,White: Gypsy or Irish Traveller,8,L14.1 and L14.2: Never worked and long-term unemployed,7
E05013986,Upminster,15,White: Gypsy or Irish Traveller,9,L15: Full-time students,2
E05013986,Upminster,16,White: Roma,-8,Does not apply,5
E05013986,Upminster,16,White: Roma,1,"L1, L2 and L3: Higher managerial, administrative and professional occupations",2
E05013986,Upminster,16,White: Roma,2,"L4, L5 and L6: Lower managerial, administrative and professional occupations",5
E05013986,Upminster,16,White: Roma,3,L7: Intermediate occupations,2
E05013986,Upminster,16,White: Roma,4,L8 and L9: Small employers and own account workers,1
E05013986,Upminster,16,White: Roma,5,L10 and L11: Lower supervisory and technical occupations,2
E05013986,Upminster,16,White: Roma,6,L12: Semi-routine occupations,0
E05013986,Upminster,16,White: Roma,7,L13: Routine occupations,2
E05013986,Upminster,16,White: Roma,8,L14.1 and L14.2: Never worked and long-term unemployed,4
E05013986,Upminster,16,White: Roma,9,L15: Full-time students,0
E05013986,Upminster,17,White: Other White,-8,Does not apply,75
E05013986,Upminster,17,White: Other White,1,"L1, L2 and L3: Higher managerial, administrative and professional occupations",75
E05013986,Upminster,17,White: Other White,2,"L4, L5 and L6: Lower managerial, administrative and professional occupations",73
E05013986,Upminster,17,White: Other White,3,L7: Intermediate occupations,42
E05013986,Upminster,17,White: Other White,4,L8 and L9: Small employers and own account workers,57
E05013986,Upminster,17,White: Other White,5,L10 and L11: Lower supervisory and technical occupations,21
E05013986,Upminster,17,White: Other White,6,L12: Semi-routine occupations,16
E05013986,Upminster,17,White: Other White,7,L13: Routine occupations,36
E05013986,Upminster,17,White: Other White,8,L14.1 and L14.2: Never worked and long-term unemployed,23
E05013986,Upminster,17,White: Other White,9,L15: Full-time students,21
E05013986,Upminster,18,Other ethnic group: Arab,-8,Does not apply,3
E05013986,Upminster,18,Other ethnic group: Arab,1,"L1, L2 and L3: Higher managerial, administrative and professional occupations",5
E05013986,Upminster,18,Other ethnic group: Arab,2,"L4, L5 and L6: Lower managerial, administrative and professional occupations",3
E05013986,Upminster,18,Other ethnic group: Arab,3,L7: Intermediate occupations,3
E05013986,Upminster,18,Other ethnic group: Arab,4,L8 and L9: Small employers and own account workers,0
E05013986,Upminster,18,Other ethnic group: Arab,5,L10 and L11: Lower supervisory and technical occupations,0
E05013986,Upminster,18,Other ethnic group: Arab,6,L12: Semi-routine occupations,0
E05013986,Upminster,18,Other ethnic group: Arab,7,L13: Routine occupations,1
E05013986,Upminster,18,Other ethnic group: Arab,8,L14.1 and L14.2: Never worked and long-term unemployed,1
E05013986,Upminster,18,Other ethnic group: Arab,9,L15: Full-time students,0
E05013986,Upminster,19,Other ethnic group: Any other ethnic group,-8,Does not apply,20
E05013986,Upminster,19,Other ethnic group: Any other ethnic group,1,"L1, L2 and L3: Higher managerial, administrative and professional occupations",14
E05013986,Upminster,19,Other ethnic group: Any other ethnic group,2,"L4, L5 and L6: Lower managerial, administrative and professional occupations",19
E05013986,Upminster,19,Other ethnic group: Any other ethnic group,3,L7: Intermediate occupations,4
E05013986,Upminster,19,Other ethnic group: Any other ethnic group,4,L8 and L9: Small employers and own account workers,13
E05013986,Upminster,19,Other ethnic group: Any other ethnic group,5,L10 and L11: Lower supervisory and technical occupations,2
E05013986,Upminster,19,Other ethnic group: Any other ethnic group,6,L12: Semi-routine occupations,11
E05013986,Upminster,19,Other ethnic group: Any other ethnic group,7,L13: Routine occupations,5
E05013986,Upminster,19,Other ethnic group: Any other ethnic group,8,L14.1 and L14.2: Never worked and long-term unemployed,4
E05013986,Upminster,19,Other ethnic group: Any other ethnic group,9,L15: Full-time students,5
