Electoral wards and divisions Code,Electoral wards and divisions,Ethnic group (8 categories) Code,Ethnic group (8 categories),National Statistics Socio-economic Classification (NS-SeC) (10 categories) Code,National Statistics Socio-economic Classification (NS-SeC) (10 categories),Observation
E05003362,Norbury,-8,Does not apply,-8,Does not apply,0
E05003362,Norbury,-8,Does not apply,1,"L1, L2 and L3: Higher managerial, administrative and professional occupations",0
E05003362,Norbury,-8,Does not apply,2,"L4, L5 and L6: Lower managerial, administrative and professional occupations",0
E05003362,Norbury,-8,Does not apply,3,L7: Intermediate occupations,0
E05003362,Norbury,-8,Does not apply,4,L8 and L9: Small employers and own account workers,0
E05003362,Norbury,-8,Does not apply,5,L10 and L11: Lower supervisory and technical occupations,0
E05003362,Norbury,-8,Does not apply,6,L12: Semi-routine occupations,0
E05003362,Norbury,-8,Does not apply,7,L13: Routine occupations,0
E05003362,Norbury,-8,Does not apply,8,L14.1 and L14.2: Never worked and long-term unemployed,0
E05003362,Norbury,-8,Does not apply,9,L15: Full-time students,0
E05003362,Norbury,1,"Asian, Asian British or Asian Welsh",-8,Does not apply,0
E05003362,Norbury,1,"Asian, Asian British or Asian Welsh",1,"L1, L2 and L3: Higher managerial, administrative and professional occupations",0
E05003362,Norbury,1,"Asian, Asian British or Asian Welsh",2,"L4, L5 and L6: Lower managerial, administrative and professional occupations",2
E05003362,Norbury,1,"Asian, Asian British or Asian Welsh",3,L7: Intermediate occupations,1
E05003362,Norbury,1,"Asian, Asian British or Asian Welsh",4,L8 and L9: Small employers and own account workers,0
E05003362,Norbury,1,"Asian, Asian British or Asian Welsh",5,L10 and L11: Lower supervisory and technical occupations,0
E05003362,Norbury,1,"Asian, Asian British or Asian Welsh",6,L12: Semi-routine occupations,0
E05003362,Norbury,1,"Asian, Asian British or Asian Welsh",7,L13: Routine occupations,0
E05003362,Norbury,1,"Asian, Asian British or Asian Welsh",8,L14.1 and L14.2: Never worked and long-term unemployed,0
E05003362,Norbury,1,"Asian, Asian British or Asian Welsh",9,L15: Full-time students,0
E05003362,Norbury,2,"Black, Black British, Black Welsh, Caribbean or African",-8,Does not apply,0
E05003362,Norbury,2,"Black, Black British, Black Welsh, Caribbean or African",1,"L1, L2 and L3: Higher managerial, administrative and professional occupations",0
E05003362,Norbury,2,"Black, Black British, Black Welsh, Caribbean or African",2,"L4, L5 and L6: Lower managerial, administrative and professional occupations",1
E05003362,Norbury,2,"Black, Black British, Black Welsh, Caribbean or African",3,L7: Intermediate occupations,0
E05003362,Norbury,2,"Black, Black British, Black Welsh, Caribbean or African",4,L8 and L9: Small employers and own account workers,0
E05003362,Norbury,2,"Black, Black British, Black Welsh, Caribbean or African",5,L10 and L11: Lower supervisory and technical occupations,0
E05003362,Norbury,2,"Black, Black British, Black Welsh, Caribbean or African",6,L12: Semi-routine occupations,0
E05003362,Norbury,2,"Black, Black British, Black Welsh, Caribbean or African",7,L13: Routine occupations,0
E05003362,Norbury,2,"Black, Black British, Black Welsh, Caribbean or African",8,L14.1 and L14.2: Never worked and long-term unemployed,1
E05003362,Norbury,2,"Black, Black British, Black Welsh, Caribbean or African",9,L15: Full-time students,0
E05003362,Norbury,3,Mixed or Multiple ethnic groups,-8,Does not apply,5
E05003362,Norbury,3,Mixed or Multiple ethnic groups,1,"L1, L2 and L3: Higher managerial, administrative and professional occupations",0
E05003362,Norbury,3,Mixed or Multiple ethnic groups,2,"L4, L5 and L6: Lower managerial, administrative and professional occupations",0
E05003362,Norbury,3,Mixed or Multiple ethnic groups,3,L7: Intermediate occupations,1
E05003362,Norbury,3,Mixed or Multiple ethnic groups,4,L8 and L9: Small employers and own account workers,0
E05003362,Norbury,3,Mixed or Multiple ethnic groups,5,L10 and L11: Lower supervisory and technical occupations,0
E05003362,Norbury,3,Mixed or Multiple ethnic groups,6,L12: Semi-routine occupations,0
E05003362,Norbury,3,Mixed or Multiple ethnic groups,7,L13: Routine occupations,0
E05003362,Norbury,3,Mixed or Multiple ethnic groups,8,L14.1 and L14.2: Never worked and long-term unemployed,0
E05003362,Norbury,3,Mixed or Multiple ethnic groups,9,L15: Full-time students,1
E05003362,Norbury,4,"White: English, Welsh, Scottish, Northern Irish or British",-8,Does not apply,268
E05003362,Norbury,4,"White: English, Welsh, Scottish, Northern Irish or British",1,"L1, L2 and L3: Higher managerial, administrative and professional occupations",265
E05003362,Norbury,4,"White: English, Welsh, Scottish, Northern Irish or British",2,"L4, L5 and L6: Lower managerial, administrative and professional occupations",312
E05003362,Norbury,4,"White: English, Welsh, Scottish, Northern Irish or British",3,L7: Intermediate occupations,138
E05003362,Norbury,4,"White: English, Welsh, Scottish, Northern Irish or British",4,L8 and L9: Small employers and own account workers,304
E05003362,Norbury,4,"White: English, Welsh, Scottish, Northern Irish or British",5,L10 and L11: Lower supervisory and technical occupations,61
E05003362,Norbury,4,"White: English, Welsh, Scottish, Northern Irish or British",6,L12: Semi-routine occupations,111
E05003362,Norbury,4,"White: English, Welsh, Scottish, Northern Irish or British",7,L13: Routine occupations,113
E05003362,Norbury,4,"White: English, Welsh, Scottish, Northern Irish or British",8,L14.1 and L14.2: Never worked and long-term unemployed,56
E05003362,Norbury,4,"White: English, Welsh, Scottish, Northern Irish or British",9,L15: Full-time students,61
E05003362,Norbury,5,White: Irish,-8,Does not apply,2
E05003362,Norbury,5,White: Irish,1,"L1, L2 and L3: Higher managerial, administrative and professional occupations",1
E05003362,Norbury,5,White: Irish,2,"L4, L5 and L6: Lower managerial, administrative and professional occupations",5
E05003362,Norbury,5,White: Irish,3,L7: Intermediate occupations,1
E05003362,Norbury,5,White: Irish,4,L8 and L9: Small employers and own account workers,0
E05003362,Norbury,5,White: Irish,5,L10 and L11: Lower supervisory and technical occupations,0
E05003362,Norbury,5,White: Irish,6,L12: Semi-routine occupations,0
E05003362,Norbury,5,White: Irish,7,L13: Routine occupations,0
E05003362,Norbury,5,White: Irish,8,L14.1 and L14.2: Never worked and long-term unemployed,0
E05003362,Norbury,5,White: Irish,9,L15: Full-time students,1
E05003362,Norbury,6,"White: Gypsy or Irish Traveller, Roma or Other White",-8,Does not apply,0
E05003362,Norbury,6,"White: Gypsy or Irish Traveller, Roma or Other White",1,"L1, L2 and L3: Higher managerial, administrative and professional occupations",4
E05003362,Norbury,6,"White: Gypsy or Irish Traveller, Roma or Other White",2,"L4, L5 and L6: Lower managerial, administrative and professional occupations",6
E05003362,Norbury,6,"White: Gypsy or Irish Traveller, Roma or Other White",3,L7: Intermediate occupations,0
E05003362,Norbury,6,"White: Gypsy or Irish Traveller, Roma or Other White",4,L8 and L9: Small employers and own account workers,7
E05003362,Norbury,6,"White: Gypsy or Irish Traveller, Roma or Other White",5,L10 and L11: Lower supervisory and technical occupations,1
E05003362,Norbury,6,"White: Gypsy or Irish Traveller, Roma or Other White",6,L12: Semi-routine occupations,3
E05003362,Norbury,6,"White: Gypsy or Irish Traveller, Roma or Other White",7,L13: Routine occupations,1
E05003362,Norbury,6,"White: Gypsy or Irish Traveller, Roma or Other White",8,L14.1 and L14.2: Never worked and long-term unemployed,0
E05003362,Norbury,6,"White: Gypsy or Irish Traveller, Roma or Other White",9,L15: Full-time students,0
E05003362,Norbury,7,Other ethnic group,-8,Does not apply,0
E05003362,Norbury,7,Other ethnic group,1,"L1, L2 and L3: Higher managerial, administrative and professional occupations",0
E05003362,Norbury,7,Other ethnic group,2,"L4, L5 and L6: Lower managerial, administrative and professional occupations",0
E05003362,Norbury,7,Other ethnic group,3,L7: Intermediate occupations,0
E05003362,Norbury,7,Other ethnic group,4,L8 and L9: Small employers and own account workers,0
E05003362,Norbury,7,Other ethnic group,5,L10 and L11: Lower supervisory and technical occupations,0
E05003362,Norbury,7,Other ethnic group,6,L12: Semi-routine occupations,1
E05003362,Norbury,7,Other ethnic group,7,L13: Routine occupations,0
E05003362,Norbury,7,Other ethnic group,8,L14.1 and L14.2: Never worked and long-term unemployed,0
E05003362,Norbury,7,Other ethnic group,9,L15: Full-time students,0
E05011462,Addiscombe East,-8,Does not apply,-8,Does not apply,0
E05011462,Addiscombe East,-8,Does not apply,1,"L1, L2 and L3: Higher managerial, administrative and professional occupations",0
E05011462,Addiscombe East,-8,Does not apply,2,"L4, L5 and L6: Lower managerial, administrative and professional occupations",0
E05011462,Addiscombe East,-8,Does not apply,3,L7: Intermediate occupations,0
E05011462,Addiscombe East,-8,Does not apply,4,L8 and L9: Small employers and own account workers,0
E05011462,Addiscombe East,-8,Does not apply,5,L10 and L11: Lower supervisory and technical occupations,0
E05011462,Addiscombe East,-8,Does not apply,6,L12: Semi-routine occupations,0
E05011462,Addiscombe East,-8,Does not apply,7,L13: Routine occupations,0
E05011462,Addiscombe East,-8,Does not apply,8,L14.1 and L14.2: Never worked and long-term unemployed,0
E05011462,Addiscombe East,-8,Does not apply,9,L15: Full-time students,0
E05011462,Addiscombe East,1,"Asian, Asian British or Asian Welsh",-8,Does not apply,321
E05011462,Addiscombe East,1,"Asian, Asian British or Asian Welsh",1,"L1, L2 and L3: Higher managerial, administrative and professional occupations",297
E05011462,Addiscombe East,1,"Asian, Asian British or Asian Welsh",2,"L4, L5 and L6: Lower managerial, administrative and professional occupations",292
E05011462,Addiscombe East,1,"Asian, Asian British or Asian Welsh",3,L7: Intermediate occupations,156
E05011462,Addiscombe East,1,"Asian, Asian British or Asian Welsh",4,L8 and L9: Small employers and own account workers,123
E05011462,Addiscombe East,1,"Asian, Asian British or Asian Welsh",5,L10 and L11: Lower supervisory and technical occupations,33
E05011462,Addiscombe East,1,"Asian, Asian British or Asian Welsh",6,L12: Semi-routine occupations,115
E05011462,Addiscombe East,1,"Asian, Asian British or Asian Welsh",7,L13: Routine occupations,61
E05011462,Addiscombe East,1,"Asian, Asian British or Asian Welsh",8,L14.1 and L14.2: Never worked and long-term unemployed,128
E05011462,Addiscombe East,1,"Asian, Asian British or Asian Welsh",9,L15: Full-time students,112
E05011462,Addiscombe East,2,"Black, Black British, Black Welsh, Caribbean or African",-8,Does not apply,460
E05011462,Addiscombe East,2,"Black, Black British, Black Welsh, Caribbean or African",1,"L1, L2 and L3: Higher managerial, administrative and professional occupations",223
E05011462,Addiscombe East,2,"Black, Black British, Black Welsh, Caribbean or African",2,"L4, L5 and L6: Lower managerial, administrative and professional occupations",424
E05011462,Addiscombe East,2,"Black, Black British, Black Welsh, Caribbean or African",3,L7: Intermediate occupations,213
E05011462,Addiscombe East,2,"Black, Black British, Black Welsh, Caribbean or African",4,L8 and L9: Small employers and own account workers,137
E05011462,Addiscombe East,2,"Black, Black British, Black Welsh, Caribbean or African",5,L10 and L11: Lower supervisory and technical occupations,77
E05011462,Addiscombe East,2,"Black, Black British, Black Welsh, Caribbean or African",6,L12: Semi-routine occupations,217
E05011462,Addiscombe East,2,"Black, Black British, Black Welsh, Caribbean or African",7,L13: Routine occupations,165
E05011462,Addiscombe East,2,"Black, Black British, Black Welsh, Caribbean or African",8,L14.1 and L14.2: Never worked and long-term unemployed,149
E05011462,Addiscombe East,2,"Black, Black British, Black Welsh, Caribbean or African",9,L15: Full-time students,214
E05011462,Addiscombe East,3,Mixed or Multiple ethnic groups,-8,Does not apply,441
E05011462,Addiscombe East,3,Mixed or Multiple ethnic groups,1,"L1, L2 and L3: Higher managerial, administrative and professional occupations",83
E05011462,Addiscombe East,3,Mixed or Multiple ethnic groups,2,"L4, L5 and L6: Lower managerial, administrative and professional occupations",130
E05011462,Addiscombe East,3,Mixed or Multiple ethnic groups,3,L7: Intermediate occupations,65
E05011462,Addiscombe East,3,Mixed or Multiple ethnic groups,4,L8 and L9: Small employers and own account workers,47
E05011462,Addiscombe East,3,Mixed or Multiple ethnic groups,5,L10 and L11: Lower supervisory and technical occupations,21
E05011462,Addiscombe East,3,Mixed or Multiple ethnic groups,6,L12: Semi-routine occupations,43
E05011462,Addiscombe East,3,Mixed or Multiple ethnic groups,7,L13: Routine occupations,37
E05011462,Addiscombe East,3,Mixed or Multiple ethnic groups,8,L14.1 and L14.2: Never worked and long-term unemployed,50
E05011462,Addiscombe East,3,Mixed or Multiple ethnic groups,9,L15: Full-time students,69
E05011462,Addiscombe East,4,"White: English, Welsh, Scottish, Northern Irish or British",-8,Does not apply,589
E05011462,Addiscombe East,4,"White: English, Welsh, Scottish, Northern Irish or British",1,"L1, L2 and L3: Higher managerial, administrative and professional occupations",747
E05011462,Addiscombe East,4,"White: English, Welsh, Scottish, Northern Irish or British",2,"L4, L5 and L6: Lower managerial, administrative and professional occupations",1028
E05011462,Addiscombe East,4,"White: English, Welsh, Scottish, Northern Irish or British",3,L7: Intermediate occupations,669
E05011462,Addiscombe East,4,"White: English, Welsh, Scottish, Northern Irish or British",4,L8 and L9: Small employers and own account workers,433
E05011462,Addiscombe East,4,"White: English, Welsh, Scottish, Northern Irish or British",5,L10 and L11: Lower supervisory and technical occupations,199
E05011462,Addiscombe East,4,"White: English, Welsh, Scottish, Northern Irish or British",6,L12: Semi-routine occupations,366
E05011462,Addiscombe East,4,"White: English, Welsh, Scottish, Northern Irish or British",7,L13: Routine occupations,280
E05011462,Addiscombe East,4,"White: English, Welsh, Scottish, Northern Irish or British",8,L14.1 and L14.2: Never worked and long-term unemployed,273
E05011462,Addiscombe East,4,"White: English, Welsh, Scottish, Northern Irish or British",9,L15: Full-time students,146
E05011462,Addiscombe East,5,White: Irish,-8,Does not apply,2
E05011462,Addiscombe East,5,White: Irish,1,"L1, L2 and L3: Higher managerial, administrative and professional occupations",35
E05011462,Addiscombe East,5,White: Irish,2,"L4, L5 and L6: Lower managerial, administrative and professional occupations",75
E05011462,Addiscombe East,5,White: Irish,3,L7: Intermediate occupations,29
E05011462,Addiscombe East,5,White: Irish,4,L8 and L9: Small employers and own account workers,26
E05011462,Addiscombe East,5,White: Irish,5,L10 and L11: Lower supervisory and technical occupations,6
E05011462,Addiscombe East,5,White: Irish,6,L12: Semi-routine occupations,30
E05011462,Addiscombe East,5,White: Irish,7,L13: Routine occupations,16
E05011462,Addiscombe East,5,White: Irish,8,L14.1 and L14.2: Never worked and long-term unemployed,21
E05011462,Addiscombe East,5,White: Irish,9,L15: Full-time students,5
E05011462,Addiscombe East,6,"White: Gypsy or Irish Traveller, Roma or Other White",-8,Does not apply,180
E05011462,Addiscombe East,6,"White: Gypsy or Irish Traveller, Roma or Other White",1,"L1, L2 and L3: Higher managerial, administrative and professional occupations",129
E05011462,Addiscombe East,6,"White: Gypsy or Irish Traveller, Roma or Other White",2,"L4, L5 and L6: Lower managerial, administrative and professional occupations",185
E05011462,Addiscombe East,6,"White: Gypsy or Irish Traveller, Roma or Other White",3,L7: Intermediate occupations,100
E05011462,Addiscombe East,6,"White: Gypsy or Irish Traveller, Roma or Other White",4,L8 and L9: Small employers and own account workers,246
E05011462,Addiscombe East,6,"White: Gypsy or Irish Traveller, Roma or Other White",5,L10 and L11: Lower supervisory and technical occupations,60
E05011462,Addiscombe East,6,"White: Gypsy or Irish Traveller, Roma or Other White",6,L12: Semi-routine occupations,58
E05011462,Addiscombe East,6,"White: Gypsy or Irish Traveller, Roma or Other White",7,L13: Routine occupations,115
E05011462,Addiscombe East,6,"White: Gypsy or Irish Traveller, Roma or Other White",8,L14.1 and L14.2: Never worked and long-term unemployed,45
E05011462,Addiscombe East,6,"White: Gypsy or Irish Traveller, Roma or Other White",9,L15: Full-time students,63
E05011462,Addiscombe East,7,Other ethnic group,-8,Does not apply,65
E05011462,Addiscombe East,7,Other ethnic group,1,"L1, L2 and L3: Higher managerial, administrative and professional occupations",45
E05011462,Addiscombe East,7,Other ethnic group,2,"L4, L5 and L6: Lower managerial, administrative and professional occupations",63
E05011462,Addiscombe East,7,Other ethnic group,3,L7: Intermediate occupations,27
E05011462,Addiscombe East,7,Other ethnic group,4,L8 and L9: Small employers and own account workers,45
E05011462,Addiscombe East,7,Other ethnic group,5,L10 and L11: Lower supervisory and technical occupations,16
E05011462,Addiscombe East,7,Other ethnic group,6,L12: Semi-routine occupations,16
E05011462,Addiscombe East,7,Other ethnic group,7,L13: Routine occupations,27
E05011462,Addiscombe East,7,Other ethnic group,8,L14.1 and L14.2: Never worked and long-term unemployed,61
E05011462,Addiscombe East,7,Other ethnic group,9,L15: Full-time students,37
E05011463,Addiscombe West,-8,Does not apply,-8,Does not apply,0
E05011463,Addiscombe West,-8,Does not apply,1,"L1, L2 and L3: Higher managerial, administrative and professional occupations",0
E05011463,Addiscombe West,-8,Does not apply,2,"L4, L5 and L6: Lower managerial, administrative and professional occupations",0
E05011463,Addiscombe West,-8,Does not apply,3,L7: Intermediate occupations,0
E05011463,Addiscombe West,-8,Does not apply,4,L8 and L9: Small employers and own account workers,0
E05011463,Addiscombe West,-8,Does not apply,5,L10 and L11: Lower supervisory and technical occupations,0
E05011463,Addiscombe West,-8,Does not apply,6,L12: Semi-routine occupations,0
E05011463,Addiscombe West,-8,Does not apply,7,L13: Routine occupations,0
E05011463,Addiscombe West,-8,Does not apply,8,L14.1 and L14.2: Never worked and long-term unemployed,0
E05011463,Addiscombe West,-8,Does not apply,9,L15: Full-time students,0
E05011463,Addiscombe West,1,"Asian, Asian British or Asian Welsh",-8,Does not apply,775
E05011463,Addiscombe West,1,"Asian, Asian British or Asian Welsh",1,"L1, L2 and L3: Higher managerial, administrative and professional occupations",586
E05011463,Addiscombe West,1,"Asian, Asian British or Asian Welsh",2,"L4, L5 and L6: Lower managerial, administrative and professional occupations",473
E05011463,Addiscombe West,1,"Asian, Asian British or Asian Welsh",3,L7: Intermediate occupations,231
E05011463,Addiscombe West,1,"Asian, Asian British or Asian Welsh",4,L8 and L9: Small employers and own account workers,224
E05011463,Addiscombe West,1,"Asian, Asian British or Asian Welsh",5,L10 and L11: Lower supervisory and technical occupations,89
E05011463,Addiscombe West,1,"Asian, Asian British or Asian Welsh",6,L12: Semi-routine occupations,206
E05011463,Addiscombe West,1,"Asian, Asian British or Asian Welsh",7,L13: Routine occupations,112
E05011463,Addiscombe West,1,"Asian, Asian British or Asian Welsh",8,L14.1 and L14.2: Never worked and long-term unemployed,291
E05011463,Addiscombe West,1,"Asian, Asian British or Asian Welsh",9,L15: Full-time students,213
E05011463,Addiscombe West,2,"Black, Black British, Black Welsh, Caribbean or African",-8,Does not apply,781
E05011463,Addiscombe West,2,"Black, Black British, Black Welsh, Caribbean or African",1,"L1, L2 and L3: Higher managerial, administrative and professional occupations",274
E05011463,Addiscombe West,2,"Black, Black British, Black Welsh, Caribbean or African",2,"L4, L5 and L6: Lower managerial, administrative and professional occupations",548
E05011463,Addiscombe West,2,"Black, Black British, Black Welsh, Caribbean or African",3,L7: Intermediate occupations,284
E05011463,Addiscombe West,2,"Black, Black British, Black Welsh, Caribbean or African",4,L8 and L9: Small employers and own account workers,193
E05011463,Addiscombe West,2,"Black, Black British, Black Welsh, Caribbean or African",5,L10 and L11: Lower supervisory and technical occupations,108
E05011463,Addiscombe West,2,"Black, Black British, Black Welsh, Caribbean or African",6,L12: Semi-routine occupations,360
E05011463,Addiscombe West,2,"Black, Black British, Black Welsh, Caribbean or African",7,L13: Routine occupations,231
E05011463,Addiscombe West,2,"Black, Black British, Black Welsh, Caribbean or African",8,L14.1 and L14.2: Never worked and long-term unemployed,207
E05011463,Addiscombe West,2,"Black, Black British, Black Welsh, Caribbean or African",9,L15: Full-time students,317
E05011463,Addiscombe West,3,Mixed or Multiple ethnic groups,-8,Does not apply,616
E05011463,Addiscombe West,3,Mixed or Multiple ethnic groups,1,"L1, L2 and L3: Higher managerial, administrative and professional occupations",123
E05011463,Addiscombe West,3,Mixed or Multiple ethnic groups,2,"L4, L5 and L6: Lower managerial, administrative and professional occupations",148
E05011463,Addiscombe West,3,Mixed or Multiple ethnic groups,3,L7: Intermediate occupations,82
E05011463,Addiscombe West,3,Mixed or Multiple ethnic groups,4,L8 and L9: Small employers and own account workers,53
E05011463,Addiscombe West,3,Mixed or Multiple ethnic groups,5,L10 and L11: Lower supervisory and technical occupations,33
E05011463,Addiscombe West,3,Mixed or Multiple ethnic groups,6,L12: Semi-routine occupations,73
E05011463,Addiscombe West,3,Mixed or Multiple ethnic groups,7,L13: Routine occupations,57
E05011463,Addiscombe West,3,Mixed or Multiple ethnic groups,8,L14.1 and L14.2: Never worked and long-term unemployed,76
E05011463,Addiscombe West,3,Mixed or Multiple ethnic groups,9,L15: Full-time students,129
E05011463,Addiscombe West,4,"White: English, Welsh, Scottish, Northern Irish or British",-8,Does not apply,671
E05011463,Addiscombe West,4,"White: English, Welsh, Scottish, Northern Irish or British",1,"L1, L2 and L3: Higher managerial, administrative and professional occupations",856
E05011463,Addiscombe West,4,"White: English, Welsh, Scottish, Northern Irish or British",2,"L4, L5 and L6: Lower managerial, administrative and professional occupations",1103
E05011463,Addiscombe West,4,"White: English, Welsh, Scottish, Northern Irish or British",3,L7: Intermediate occupations,591
E05011463,Addiscombe West,4,"White: English, Welsh, Scottish, Northern Irish or British",4,L8 and L9: Small employers and own account workers,451
E05011463,Addiscombe West,4,"White: English, Welsh, Scottish, Northern Irish or British",5,L10 and L11: Lower supervisory and technical occupations,177
E05011463,Addiscombe West,4,"White: English, Welsh, Scottish, Northern Irish or British",6,L12: Semi-routine occupations,401
E05011463,Addiscombe West,4,"White: English, Welsh, Scottish, Northern Irish or British",7,L13: Routine occupations,390
E05011463,Addiscombe West,4,"White: English, Welsh, Scottish, Northern Irish or British",8,L14.1 and L14.2: Never worked and long-term unemployed,328
E05011463,Addiscombe West,4,"White: English, Welsh, Scottish, Northern Irish or British",9,L15: Full-time students,126
E05011463,Addiscombe West,5,White: Irish,-8,Does not apply,3
E05011463,Addiscombe West,5,White: Irish,1,"L1, L2 and L3: Higher managerial, administrative and professional occupations",41
E05011463,Addiscombe West,5,White: Irish,2,"L4, L5 and L6: Lower managerial, administrative and professional occupations",51
E05011463,Addiscombe West,5,White: Irish,3,L7: Intermediate occupations,28
E05011463,Addiscombe West,5,White: Irish,4,L8 and L9: Small employers and own account workers,20
E05011463,Addiscombe West,5,White: Irish,5,L10 and L11: Lower supervisory and technical occupations,9
E05011463,Addiscombe West,5,White: Irish,6,L12: Semi-routine occupations,17
E05011463,Addiscombe West,5,White: Irish,7,L13: Routine occupations,11
E05011463,Addiscombe West,5,White: Irish,8,L14.1 and L14.2: Never worked and long-term unemployed,17
E05011463,Addiscombe West,5,White: Irish,9,L15: Full-time students,4
E05011463,Addiscombe West,6,"White: Gypsy or Irish Traveller, Roma or Other White",-8,Does not apply,283
E05011463,Addiscombe West,6,"White: Gypsy or Irish Traveller, Roma or Other White",1,"L1, L2 and L3: Higher managerial, administrative and professional occupations",287
E05011463,Addiscombe West,6,"White: Gypsy or Irish Traveller, Roma or Other White",2,"L4, L5 and L6: Lower managerial, administrative and professional occupations",407
E05011463,Addiscombe West,6,"White: Gypsy or Irish Traveller, Roma or Other White",3,L7: Intermediate occupations,142
E05011463,Addiscombe West,6,"White: Gypsy or Irish Traveller, Roma or Other White",4,L8 and L9: Small employers and own account workers,493
E05011463,Addiscombe West,6,"White: Gypsy or Irish Traveller, Roma or Other White",5,L10 and L11: Lower supervisory and technical occupations,92
E05011463,Addiscombe West,6,"White: Gypsy or Irish Traveller, Roma or Other White",6,L12: Semi-routine occupations,155
E05011463,Addiscombe West,6,"White: Gypsy or Irish Traveller, Roma or Other White",7,L13: Routine occupations,241
E05011463,Addiscombe West,6,"White: Gypsy or Irish Traveller, Roma or Other White",8,L14.1 and L14.2: Never worked and long-term unemployed,87
E05011463,Addiscombe West,6,"White: Gypsy or Irish Traveller, Roma or Other White",9,L15: Full-time students,135
E05011463,Addiscombe West,7,Other ethnic group,-8,Does not apply,135
E05011463,Addiscombe West,7,Other ethnic group,1,"L1, L2 and L3: Higher managerial, administrative and professional occupations",60
E05011463,Addiscombe West,7,Other ethnic group,2,"L4, L5 and L6: Lower managerial, administrative and professional occupations",93
E05011463,Addiscombe West,7,Other ethnic group,3,L7: Intermediate occupations,58
E05011463,Addiscombe West,7,Other ethnic group,4,L8 and L9: Small employers and own account workers,72
E05011463,Addiscombe West,7,Other ethnic group,5,L10 and L11: Lower supervisory and technical occupations,23
E05011463,Addiscombe West,7,Other ethnic group,6,L12: Semi-routine occupations,44
E05011463,Addiscombe West,7,Other ethnic group,7,L13: Routine occupations,59
E05011463,Addiscombe West,7,Other ethnic group,8,L14.1 and L14.2: Never worked and long-term unemployed,93
E05011463,Addiscombe West,7,Other ethnic group,9,L15: Full-time students,61
E05011464,Bensham Manor,-8,Does not apply,-8,Does not apply,0
E05011464,Bensham Manor,-8,Does not apply,1,"L1, L2 and L3: Higher managerial, administrative and professional occupations",0
E05011464,Bensham Manor,-8,Does not apply,2,"L4, L5 and L6: Lower managerial, administrative and professional occupations",0
E05011464,Bensham Manor,-8,Does not apply,3,L7: Intermediate occupations,0
E05011464,Bensham Manor,-8,Does not apply,4,L8 and L9: Small employers and own account workers,0
E05011464,Bensham Manor,-8,Does not apply,5,L10 and L11: Lower supervisory and technical occupations,0
E05011464,Bensham Manor,-8,Does not apply,6,L12: Semi-routine occupations,0
E05011464,Bensham Manor,-8,Does not apply,7,L13: Routine occupations,0
E05011464,Bensham Manor,-8,Does not apply,8,L14.1 and L14.2: Never worked and long-term unemployed,0
E05011464,Bensham Manor,-8,Does not apply,9,L15: Full-time students,0
E05011464,Bensham Manor,1,"Asian, Asian British or Asian Welsh",-8,Does not apply,1003
E05011464,Bensham Manor,1,"Asian, Asian British or Asian Welsh",1,"L1, L2 and L3: Higher managerial, administrative and professional occupations",332
E05011464,Bensham Manor,1,"Asian, Asian British or Asian Welsh",2,"L4, L5 and L6: Lower managerial, administrative and professional occupations",548
E05011464,Bensham Manor,1,"Asian, Asian British or Asian Welsh",3,L7: Intermediate occupations,408
E05011464,Bensham Manor,1,"Asian, Asian British or Asian Welsh",4,L8 and L9: Small employers and own account workers,380
E05011464,Bensham Manor,1,"Asian, Asian British or Asian Welsh",5,L10 and L11: Lower supervisory and technical occupations,120
E05011464,Bensham Manor,1,"Asian, Asian British or Asian Welsh",6,L12: Semi-routine occupations,443
E05011464,Bensham Manor,1,"Asian, Asian British or Asian Welsh",7,L13: Routine occupations,260
E05011464,Bensham Manor,1,"Asian, Asian British or Asian Welsh",8,L14.1 and L14.2: Never worked and long-term unemployed,569
E05011464,Bensham Manor,1,"Asian, Asian British or Asian Welsh",9,L15: Full-time students,389
E05011464,Bensham Manor,2,"Black, Black British, Black Welsh, Caribbean or African",-8,Does not apply,1249
E05011464,Bensham Manor,2,"Black, Black British, Black Welsh, Caribbean or African",1,"L1, L2 and L3: Higher managerial, administrative and professional occupations",417
E05011464,Bensham Manor,2,"Black, Black British, Black Welsh, Caribbean or African",2,"L4, L5 and L6: Lower managerial, administrative and professional occupations",965
E05011464,Bensham Manor,2,"Black, Black British, Black Welsh, Caribbean or African",3,L7: Intermediate occupations,629
E05011464,Bensham Manor,2,"Black, Black British, Black Welsh, Caribbean or African",4,L8 and L9: Small employers and own account workers,396
E05011464,Bensham Manor,2,"Black, Black British, Black Welsh, Caribbean or African",5,L10 and L11: Lower supervisory and technical occupations,245
E05011464,Bensham Manor,2,"Black, Black British, Black Welsh, Caribbean or African",6,L12: Semi-routine occupations,629
E05011464,Bensham Manor,2,"Black, Black British, Black Welsh, Caribbean or African",7,L13: Routine occupations,540
E05011464,Bensham Manor,2,"Black, Black British, Black Welsh, Caribbean or African",8,L14.1 and L14.2: Never worked and long-term unemployed,464
E05011464,Bensham Manor,2,"Black, Black British, Black Welsh, Caribbean or African",9,L15: Full-time students,526
E05011464,Bensham Manor,3,Mixed or Multiple ethnic groups,-8,Does not apply,500
E05011464,Bensham Manor,3,Mixed or Multiple ethnic groups,1,"L1, L2 and L3: Higher managerial, administrative and professional occupations",71
E05011464,Bensham Manor,3,Mixed or Multiple ethnic groups,2,"L4, L5 and L6: Lower managerial, administrative and professional occupations",119
E05011464,Bensham Manor,3,Mixed or Multiple ethnic groups,3,L7: Intermediate occupations,112
E05011464,Bensham Manor,3,Mixed or Multiple ethnic groups,4,L8 and L9: Small employers and own account workers,93
E05011464,Bensham Manor,3,Mixed or Multiple ethnic groups,5,L10 and L11: Lower supervisory and technical occupations,40
E05011464,Bensham Manor,3,Mixed or Multiple ethnic groups,6,L12: Semi-routine occupations,60
E05011464,Bensham Manor,3,Mixed or Multiple ethnic groups,7,L13: Routine occupations,68
E05011464,Bensham Manor,3,Mixed or Multiple ethnic groups,8,L14.1 and L14.2: Never worked and long-term unemployed,76
E05011464,Bensham Manor,3,Mixed or Multiple ethnic groups,9,L15: Full-time students,114
E05011464,Bensham Manor,4,"White: English, Welsh, Scottish, Northern Irish or British",-8,Does not apply,329
E05011464,Bensham Manor,4,"White: English, Welsh, Scottish, Northern Irish or British",1,"L1, L2 and L3: Higher managerial, administrative and professional occupations",212
E05011464,Bensham Manor,4,"White: English, Welsh, Scottish, Northern Irish or British",2,"L4, L5 and L6: Lower managerial, administrative and professional occupations",426
E05011464,Bensham Manor,4,"White: English, Welsh, Scottish, Northern Irish or British",3,L7: Intermediate occupations,247
E05011464,Bensham Manor,4,"White: English, Welsh, Scottish, Northern Irish or British",4,L8 and L9: Small employers and own account workers,240
E05011464,Bensham Manor,4,"White: English, Welsh, Scottish, Northern Irish or British",5,L10 and L11: Lower supervisory and technical occupations,110
E05011464,Bensham Manor,4,"White: English, Welsh, Scottish, Northern Irish or British",6,L12: Semi-routine occupations,229
E05011464,Bensham Manor,4,"White: English, Welsh, Scottish, Northern Irish or British",7,L13: Routine occupations,211
E05011464,Bensham Manor,4,"White: English, Welsh, Scottish, Northern Irish or British",8,L14.1 and L14.2: Never worked and long-term unemployed,256
E05011464,Bensham Manor,4,"White: English, Welsh, Scottish, Northern Irish or British",9,L15: Full-time students,78
E05011464,Bensham Manor,5,White: Irish,-8,Does not apply,4
E05011464,Bensham Manor,5,White: Irish,1,"L1, L2 and L3: Higher managerial, administrative and professional occupations",11
E05011464,Bensham Manor,5,White: Irish,2,"L4, L5 and L6: Lower managerial, administrative and professional occupations",27
E05011464,Bensham Manor,5,White: Irish,3,L7: Intermediate occupations,13
E05011464,Bensham Manor,5,White: Irish,4,L8 and L9: Small employers and own account workers,13
E05011464,Bensham Manor,5,White: Irish,5,L10 and L11: Lower supervisory and technical occupations,3
E05011464,Bensham Manor,5,White: Irish,6,L12: Semi-routine occupations,17
E05011464,Bensham Manor,5,White: Irish,7,L13: Routine occupations,10
E05011464,Bensham Manor,5,White: Irish,8,L14.1 and L14.2: Never worked and long-term unemployed,7
E05011464,Bensham Manor,5,White: Irish,9,L15: Full-time students,3
E05011464,Bensham Manor,6,"White: Gypsy or Irish Traveller, Roma or Other White",-8,Does not apply,313
E05011464,Bensham Manor,6,"White: Gypsy or Irish Traveller, Roma or Other White",1,"L1, L2 and L3: Higher managerial, administrative and professional occupations",99
E05011464,Bensham Manor,6,"White: Gypsy or Irish Traveller, Roma or Other White",2,"L4, L5 and L6: Lower managerial, administrative and professional occupations",201
E05011464,Bensham Manor,6,"White: Gypsy or Irish Traveller, Roma or Other White",3,L7: Intermediate occupations,94
E05011464,Bensham Manor,6,"White: Gypsy or Irish Traveller, Roma or Other White",4,L8 and L9: Small employers and own account workers,518
E05011464,Bensham Manor,6,"White: Gypsy or Irish Traveller, Roma or Other White",5,L10 and L11: Lower supervisory and technical occupations,91
E05011464,Bensham Manor,6,"White: Gypsy or Irish Traveller, Roma or Other White",6,L12: Semi-routine occupations,135
E05011464,Bensham Manor,6,"White: Gypsy or Irish Traveller, Roma or Other White",7,L13: Routine occupations,267
E05011464,Bensham Manor,6,"White: Gypsy or Irish Traveller, Roma or Other White",8,L14.1 and L14.2: Never worked and long-term unemployed,101
E05011464,Bensham Manor,6,"White: Gypsy or Irish Traveller, Roma or Other White",9,L15: Full-time students,111
E05011464,Bensham Manor,7,Other ethnic group,-8,Does not apply,132
E05011464,Bensham Manor,7,Other ethnic group,1,"L1, L2 and L3: Higher managerial, administrative and professional occupations",44
E05011464,Bensham Manor,7,Other ethnic group,2,"L4, L5 and L6: Lower managerial, administrative and professional occupations",96
E05011464,Bensham Manor,7,Other ethnic group,3,L7: Intermediate occupations,49
E05011464,Bensham Manor,7,Other ethnic group,4,L8 and L9: Small employers and own account workers,94
E05011464,Bensham Manor,7,Other ethnic group,5,L10 and L11: Lower supervisory and technical occupations,38
E05011464,Bensham Manor,7,Other ethnic group,6,L12: Semi-routine occupations,66
E05011464,Bensham Manor,7,Other ethnic group,7,L13: Routine occupations,88
E05011464,Bensham Manor,7,Other ethnic group,8,L14.1 and L14.2: Never worked and long-term unemployed,111
E05011464,Bensham Manor,7,Other ethnic group,9,L15: Full-time students,79
E05011465,Broad Green,-8,Does not apply,-8,Does not apply,0
E05011465,Broad Green,-8,Does not apply,1,"L1, L2 and L3: Higher managerial, administrative and professional occupations",0
E05011465,Broad Green,-8,Does not apply,2,"L4, L5 and L6: Lower managerial, administrative and professional occupations",0
E05011465,Broad Green,-8,Does not apply,3,L7: Intermediate occupations,0
E05011465,Broad Green,-8,Does not apply,4,L8 and L9: Small employers and own account workers,0
E05011465,Broad Green,-8,Does not apply,5,L10 and L11: Lower supervisory and technical occupations,0
E05011465,Broad Green,-8,Does not apply,6,L12: Semi-routine occupations,0
E05011465,Broad Green,-8,Does not apply,7,L13: Routine occupations,0
E05011465,Broad Green,-8,Does not apply,8,L14.1 and L14.2: Never worked and long-term unemployed,0
E05011465,Broad Green,-8,Does not apply,9,L15: Full-time students,0
E05011465,Broad Green,1,"Asian, Asian British or Asian Welsh",-8,Does not apply,1513
E05011465,Broad Green,1,"Asian, Asian British or Asian Welsh",1,"L1, L2 and L3: Higher managerial, administrative and professional occupations",435
E05011465,Broad Green,1,"Asian, Asian British or Asian Welsh",2,"L4, L5 and L6: Lower managerial, administrative and professional occupations",763
E05011465,Broad Green,1,"Asian, Asian British or Asian Welsh",3,L7: Intermediate occupations,550
E05011465,Broad Green,1,"Asian, Asian British or Asian Welsh",4,L8 and L9: Small employers and own account workers,470
E05011465,Broad Green,1,"Asian, Asian British or Asian Welsh",5,L10 and L11: Lower supervisory and technical occupations,177
E05011465,Broad Green,1,"Asian, Asian British or Asian Welsh",6,L12: Semi-routine occupations,782
E05011465,Broad Green,1,"Asian, Asian British or Asian Welsh",7,L13: Routine occupations,487
E05011465,Broad Green,1,"Asian, Asian British or Asian Welsh",8,L14.1 and L14.2: Never worked and long-term unemployed,777
E05011465,Broad Green,1,"Asian, Asian British or Asian Welsh",9,L15: Full-time students,653
E05011465,Broad Green,2,"Black, Black British, Black Welsh, Caribbean or African",-8,Does not apply,1619
E05011465,Broad Green,2,"Black, Black British, Black Welsh, Caribbean or African",1,"L1, L2 and L3: Higher managerial, administrative and professional occupations",292
E05011465,Broad Green,2,"Black, Black British, Black Welsh, Caribbean or African",2,"L4, L5 and L6: Lower managerial, administrative and professional occupations",722
E05011465,Broad Green,2,"Black, Black British, Black Welsh, Caribbean or African",3,L7: Intermediate occupations,524
E05011465,Broad Green,2,"Black, Black British, Black Welsh, Caribbean or African",4,L8 and L9: Small employers and own account workers,293
E05011465,Broad Green,2,"Black, Black British, Black Welsh, Caribbean or African",5,L10 and L11: Lower supervisory and technical occupations,147
E05011465,Broad Green,2,"Black, Black British, Black Welsh, Caribbean or African",6,L12: Semi-routine occupations,611
E05011465,Broad Green,2,"Black, Black British, Black Welsh, Caribbean or African",7,L13: Routine occupations,496
E05011465,Broad Green,2,"Black, Black British, Black Welsh, Caribbean or African",8,L14.1 and L14.2: Never worked and long-term unemployed,514
E05011465,Broad Green,2,"Black, Black British, Black Welsh, Caribbean or African",9,L15: Full-time students,541
E05011465,Broad Green,3,Mixed or Multiple ethnic groups,-8,Does not apply,604
E05011465,Broad Green,3,Mixed or Multiple ethnic groups,1,"L1, L2 and L3: Higher managerial, administrative and professional occupations",69
E05011465,Broad Green,3,Mixed or Multiple ethnic groups,2,"L4, L5 and L6: Lower managerial, administrative and professional occupations",130
E05011465,Broad Green,3,Mixed or Multiple ethnic groups,3,L7: Intermediate occupations,96
E05011465,Broad Green,3,Mixed or Multiple ethnic groups,4,L8 and L9: Small employers and own account workers,56
E05011465,Broad Green,3,Mixed or Multiple ethnic groups,5,L10 and L11: Lower supervisory and technical occupations,33
E05011465,Broad Green,3,Mixed or Multiple ethnic groups,6,L12: Semi-routine occupations,90
E05011465,Broad Green,3,Mixed or Multiple ethnic groups,7,L13: Routine occupations,91
E05011465,Broad Green,3,Mixed or Multiple ethnic groups,8,L14.1 and L14.2: Never worked and long-term unemployed,119
E05011465,Broad Green,3,Mixed or Multiple ethnic groups,9,L15: Full-time students,125
E05011465,Broad Green,4,"White: English, Welsh, Scottish, Northern Irish or British",-8,Does not apply,493
E05011465,Broad Green,4,"White: English, Welsh, Scottish, Northern Irish or British",1,"L1, L2 and L3: Higher managerial, administrative and professional occupations",213
E05011465,Broad Green,4,"White: English, Welsh, Scottish, Northern Irish or British",2,"L4, L5 and L6: Lower managerial, administrative and professional occupations",429
E05011465,Broad Green,4,"White: English, Welsh, Scottish, Northern Irish or British",3,L7: Intermediate occupations,298
E05011465,Broad Green,4,"White: English, Welsh, Scottish, Northern Irish or British",4,L8 and L9: Small employers and own account workers,279
E05011465,Broad Green,4,"White: English, Welsh, Scottish, Northern Irish or British",5,L10 and L11: Lower supervisory and technical occupations,152
E05011465,Broad Green,4,"White: English, Welsh, Scottish, Northern Irish or British",6,L12: Semi-routine occupations,363
E05011465,Broad Green,4,"White: English, Welsh, Scottish, Northern Irish or British",7,L13: Routine occupations,409
E05011465,Broad Green,4,"White: English, Welsh, Scottish, Northern Irish or British",8,L14.1 and L14.2: Never worked and long-term unemployed,429
E05011465,Broad Green,4,"White: English, Welsh, Scottish, Northern Irish or British",9,L15: Full-time students,94
E05011465,Broad Green,5,White: Irish,-8,Does not apply,28
E05011465,Broad Green,5,White: Irish,1,"L1, L2 and L3: Higher managerial, administrative and professional occupations",34
E05011465,Broad Green,5,White: Irish,2,"L4, L5 and L6: Lower managerial, administrative and professional occupations",51
E05011465,Broad Green,5,White: Irish,3,L7: Intermediate occupations,16
E05011465,Broad Green,5,White: Irish,4,L8 and L9: Small employers and own account workers,18
E05011465,Broad Green,5,White: Irish,5,L10 and L11: Lower supervisory and technical occupations,4
E05011465,Broad Green,5,White: Irish,6,L12: Semi-routine occupations,13
E05011465,Broad Green,5,White: Irish,7,L13: Routine occupations,22
E05011465,Broad Green,5,White: Irish,8,L14.1 and L14.2: Never worked and long-term unemployed,11
E05011465,Broad Green,5,White: Irish,9,L15: Full-time students,3
E05011465,Broad Green,6,"White: Gypsy or Irish Traveller, Roma or Other White",-8,Does not apply,336
E05011465,Broad Green,6,"White: Gypsy or Irish Traveller, Roma or Other White",1,"L1, L2 and L3: Higher managerial, administrative and professional occupations",99
E05011465,Broad Green,6,"White: Gypsy or Irish Traveller, Roma or Other White",2,"L4, L5 and L6: Lower managerial, administrative and professional occupations",217
E05011465,Broad Green,6,"White: Gypsy or Irish Traveller, Roma or Other White",3,L7: Intermediate occupations,108
E05011465,Broad Green,6,"White: Gypsy or Irish Traveller, Roma or Other White",4,L8 and L9: Small employers and own account workers,422
E05011465,Broad Green,6,"White: Gypsy or Irish Traveller, Roma or Other White",5,L10 and L11: Lower supervisory and technical occupations,93
E05011465,Broad Green,6,"White: Gypsy or Irish Traveller, Roma or Other White",6,L12: Semi-routine occupations,157
E05011465,Broad Green,6,"White: Gypsy or Irish Traveller, Roma or Other White",7,L13: Routine occupations,261
E05011465,Broad Green,6,"White: Gypsy or Irish Traveller, Roma or Other White",8,L14.1 and L14.2: Never worked and long-term unemployed,123
E05011465,Broad Green,6,"White: Gypsy or Irish Traveller, Roma or Other White",9,L15: Full-time students,133
E05011465,Broad Green,7,Other ethnic group,-8,Does not apply,219
E05011465,Broad Green,7,Other ethnic group,1,"L1, L2 and L3: Higher managerial, administrative and professional occupations",44
E05011465,Broad Green,7,Other ethnic group,2,"L4, L5 and L6: Lower managerial, administrative and professional occupations",113
E05011465,Broad Green,7,Other ethnic group,3,L7: Intermediate occupations,90
E05011465,Broad Green,7,Other ethnic group,4,L8 and L9: Small employers and own account workers,110
E05011465,Broad Green,7,Other ethnic group,5,L10 and L11: Lower supervisory and technical occupations,61
E05011465,Broad Green,7,Other ethnic group,6,L12: Semi-routine occupations,121
E05011465,Broad Green,7,Other ethnic group,7,L13: Routine occupations,121
E05011465,Broad Green,7,Other ethnic group,8,L14.1 and L14.2: Never worked and long-term unemployed,145
E05011465,Broad Green,7,Other ethnic group,9,L15: Full-time students,112
E05011466,Coulsdon Town,-8,Does not apply,-8,Does not apply,0
E05011466,Coulsdon Town,-8,Does not apply,1,"L1, L2 and L3: Higher managerial, administrative and professional occupations",0
E05011466,Coulsdon Town,-8,Does not apply,2,"L4, L5 and L6: Lower managerial, administrative and professional occupations",0
E05011466,Coulsdon Town,-8,Does not apply,3,L7: Intermediate occupations,0
E05011466,Coulsdon Town,-8,Does not apply,4,L8 and L9: Small employers and own account workers,0
E05011466,Coulsdon Town,-8,Does not apply,5,L10 and L11: Lower supervisory and technical occupations,0
E05011466,Coulsdon Town,-8,Does not apply,6,L12: Semi-routine occupations,0
E05011466,Coulsdon Town,-8,Does not apply,7,L13: Routine occupations,0
E05011466,Coulsdon Town,-8,Does not apply,8,L14.1 and L14.2: Never worked and long-term unemployed,0
E05011466,Coulsdon Town,-8,Does not apply,9,L15: Full-time students,0
E05011466,Coulsdon Town,1,"Asian, Asian British or Asian Welsh",-8,Does not apply,581
E05011466,Coulsdon Town,1,"Asian, Asian British or Asian Welsh",1,"L1, L2 and L3: Higher managerial, administrative and professional occupations",568
E05011466,Coulsdon Town,1,"Asian, Asian British or Asian Welsh",2,"L4, L5 and L6: Lower managerial, administrative and professional occupations",436
E05011466,Coulsdon Town,1,"Asian, Asian British or Asian Welsh",3,L7: Intermediate occupations,206
E05011466,Coulsdon Town,1,"Asian, Asian British or Asian Welsh",4,L8 and L9: Small employers and own account workers,192
E05011466,Coulsdon Town,1,"Asian, Asian British or Asian Welsh",5,L10 and L11: Lower supervisory and technical occupations,46
E05011466,Coulsdon Town,1,"Asian, Asian British or Asian Welsh",6,L12: Semi-routine occupations,81
E05011466,Coulsdon Town,1,"Asian, Asian British or Asian Welsh",7,L13: Routine occupations,59
E05011466,Coulsdon Town,1,"Asian, Asian British or Asian Welsh",8,L14.1 and L14.2: Never worked and long-term unemployed,135
E05011466,Coulsdon Town,1,"Asian, Asian British or Asian Welsh",9,L15: Full-time students,106
E05011466,Coulsdon Town,2,"Black, Black British, Black Welsh, Caribbean or African",-8,Does not apply,434
E05011466,Coulsdon Town,2,"Black, Black British, Black Welsh, Caribbean or African",1,"L1, L2 and L3: Higher managerial, administrative and professional occupations",229
E05011466,Coulsdon Town,2,"Black, Black British, Black Welsh, Caribbean or African",2,"L4, L5 and L6: Lower managerial, administrative and professional occupations",277
E05011466,Coulsdon Town,2,"Black, Black British, Black Welsh, Caribbean or African",3,L7: Intermediate occupations,141
E05011466,Coulsdon Town,2,"Black, Black British, Black Welsh, Caribbean or African",4,L8 and L9: Small employers and own account workers,87
E05011466,Coulsdon Town,2,"Black, Black British, Black Welsh, Caribbean or African",5,L10 and L11: Lower supervisory and technical occupations,49
E05011466,Coulsdon Town,2,"Black, Black British, Black Welsh, Caribbean or African",6,L12: Semi-routine occupations,101
E05011466,Coulsdon Town,2,"Black, Black British, Black Welsh, Caribbean or African",7,L13: Routine occupations,63
E05011466,Coulsdon Town,2,"Black, Black British, Black Welsh, Caribbean or African",8,L14.1 and L14.2: Never worked and long-term unemployed,80
E05011466,Coulsdon Town,2,"Black, Black British, Black Welsh, Caribbean or African",9,L15: Full-time students,140
E05011466,Coulsdon Town,3,Mixed or Multiple ethnic groups,-8,Does not apply,506
E05011466,Coulsdon Town,3,Mixed or Multiple ethnic groups,1,"L1, L2 and L3: Higher managerial, administrative and professional occupations",86
E05011466,Coulsdon Town,3,Mixed or Multiple ethnic groups,2,"L4, L5 and L6: Lower managerial, administrative and professional occupations",107
E05011466,Coulsdon Town,3,Mixed or Multiple ethnic groups,3,L7: Intermediate occupations,62
E05011466,Coulsdon Town,3,Mixed or Multiple ethnic groups,4,L8 and L9: Small employers and own account workers,36
E05011466,Coulsdon Town,3,Mixed or Multiple ethnic groups,5,L10 and L11: Lower supervisory and technical occupations,13
E05011466,Coulsdon Town,3,Mixed or Multiple ethnic groups,6,L12: Semi-routine occupations,42
E05011466,Coulsdon Town,3,Mixed or Multiple ethnic groups,7,L13: Routine occupations,25
E05011466,Coulsdon Town,3,Mixed or Multiple ethnic groups,8,L14.1 and L14.2: Never worked and long-term unemployed,45
E05011466,Coulsdon Town,3,Mixed or Multiple ethnic groups,9,L15: Full-time students,75
E05011466,Coulsdon Town,4,"White: English, Welsh, Scottish, Northern Irish or British",-8,Does not apply,1610
E05011466,Coulsdon Town,4,"White: English, Welsh, Scottish, Northern Irish or British",1,"L1, L2 and L3: Higher managerial, administrative and professional occupations",1453
E05011466,Coulsdon Town,4,"White: English, Welsh, Scottish, Northern Irish or British",2,"L4, L5 and L6: Lower managerial, administrative and professional occupations",1835
E05011466,Coulsdon Town,4,"White: English, Welsh, Scottish, Northern Irish or British",3,L7: Intermediate occupations,1062
E05011466,Coulsdon Town,4,"White: English, Welsh, Scottish, Northern Irish or British",4,L8 and L9: Small employers and own account workers,844
E05011466,Coulsdon Town,4,"White: English, Welsh, Scottish, Northern Irish or British",5,L10 and L11: Lower supervisory and technical occupations,317
E05011466,Coulsdon Town,4,"White: English, Welsh, Scottish, Northern Irish or British",6,L12: Semi-routine occupations,570
E05011466,Coulsdon Town,4,"White: English, Welsh, Scottish, Northern Irish or British",7,L13: Routine occupations,463
E05011466,Coulsdon Town,4,"White: English, Welsh, Scottish, Northern Irish or British",8,L14.1 and L14.2: Never worked and long-term unemployed,396
E05011466,Coulsdon Town,4,"White: English, Welsh, Scottish, Northern Irish or British",9,L15: Full-time students,327
E05011466,Coulsdon Town,5,White: Irish,-8,Does not apply,15
E05011466,Coulsdon Town,5,White: Irish,1,"L1, L2 and L3: Higher managerial, administrative and professional occupations",41
E05011466,Coulsdon Town,5,White: Irish,2,"L4, L5 and L6: Lower managerial, administrative and professional occupations",69
E05011466,Coulsdon Town,5,White: Irish,3,L7: Intermediate occupations,28
E05011466,Coulsdon Town,5,White: Irish,4,L8 and L9: Small employers and own account workers,29
E05011466,Coulsdon Town,5,White: Irish,5,L10 and L11: Lower supervisory and technical occupations,12
E05011466,Coulsdon Town,5,White: Irish,6,L12: Semi-routine occupations,18
E05011466,Coulsdon Town,5,White: Irish,7,L13: Routine occupations,11
E05011466,Coulsdon Town,5,White: Irish,8,L14.1 and L14.2: Never worked and long-term unemployed,15
E05011466,Coulsdon Town,5,White: Irish,9,L15: Full-time students,4
E05011466,Coulsdon Town,6,"White: Gypsy or Irish Traveller, Roma or Other White",-8,Does not apply,142
E05011466,Coulsdon Town,6,"White: Gypsy or Irish Traveller, Roma or Other White",1,"L1, L2 and L3: Higher managerial, administrative and professional occupations",206
E05011466,Coulsdon Town,6,"White: Gypsy or Irish Traveller, Roma or Other White",2,"L4, L5 and L6: Lower managerial, administrative and professional occupations",197
E05011466,Coulsdon Town,6,"White: Gypsy or Irish Traveller, Roma or Other White",3,L7: Intermediate occupations,73
E05011466,Coulsdon Town,6,"White: Gypsy or Irish Traveller, Roma or Other White",4,L8 and L9: Small employers and own account workers,111
E05011466,Coulsdon Town,6,"White: Gypsy or Irish Traveller, Roma or Other White",5,L10 and L11: Lower supervisory and technical occupations,26
E05011466,Coulsdon Town,6,"White: Gypsy or Irish Traveller, Roma or Other White",6,L12: Semi-routine occupations,34
E05011466,Coulsdon Town,6,"White: Gypsy or Irish Traveller, Roma or Other White",7,L13: Routine occupations,60
E05011466,Coulsdon Town,6,"White: Gypsy or Irish Traveller, Roma or Other White",8,L14.1 and L14.2: Never worked and long-term unemployed,40
E05011466,Coulsdon Town,6,"White: Gypsy or Irish Traveller, Roma or Other White",9,L15: Full-time students,43
E05011466,Coulsdon Town,7,Other ethnic group,-8,Does not apply,75
E05011466,Coulsdon Town,7,Other ethnic group,1,"L1, L2 and L3: Higher managerial, administrative and professional occupations",74
E05011466,Coulsdon Town,7,Other ethnic group,2,"L4, L5 and L6: Lower managerial, administrative and professional occupations",64
E05011466,Coulsdon Town,7,Other ethnic group,3,L7: Intermediate occupations,21
E05011466,Coulsdon Town,7,Other ethnic group,4,L8 and L9: Small employers and own account workers,35
E05011466,Coulsdon Town,7,Other ethnic group,5,L10 and L11: Lower supervisory and technical occupations,9
E05011466,Coulsdon Town,7,Other ethnic group,6,L12: Semi-routine occupations,24
E05011466,Coulsdon Town,7,Other ethnic group,7,L13: Routine occupations,17
E05011466,Coulsdon Town,7,Other ethnic group,8,L14.1 and L14.2: Never worked and long-term unemployed,22
E05011466,Coulsdon Town,7,Other ethnic group,9,L15: Full-time students,18
E05011469,Kenley,-8,Does not apply,-8,Does not apply,0
E05011469,Kenley,-8,Does not apply,1,"L1, L2 and L3: Higher managerial, administrative and professional occupations",0
E05011469,Kenley,-8,Does not apply,2,"L4, L5 and L6: Lower managerial, administrative and professional occupations",0
E05011469,Kenley,-8,Does not apply,3,L7: Intermediate occupations,0
E05011469,Kenley,-8,Does not apply,4,L8 and L9: Small employers and own account workers,0
E05011469,Kenley,-8,Does not apply,5,L10 and L11: Lower supervisory and technical occupations,0
E05011469,Kenley,-8,Does not apply,6,L12: Semi-routine occupations,0
E05011469,Kenley,-8,Does not apply,7,L13: Routine occupations,0
E05011469,Kenley,-8,Does not apply,8,L14.1 and L14.2: Never worked and long-term unemployed,0
E05011469,Kenley,-8,Does not apply,9,L15: Full-time students,0
E05011469,Kenley,1,"Asian, Asian British or Asian Welsh",-8,Does not apply,302
E05011469,Kenley,1,"Asian, Asian British or Asian Welsh",1,"L1, L2 and L3: Higher managerial, administrative and professional occupations",315
E05011469,Kenley,1,"Asian, Asian British or Asian Welsh",2,"L4, L5 and L6: Lower managerial, administrative and professional occupations",247
E05011469,Kenley,1,"Asian, Asian British or Asian Welsh",3,L7: Intermediate occupations,119
E05011469,Kenley,1,"Asian, Asian British or Asian Welsh",4,L8 and L9: Small employers and own account workers,117
E05011469,Kenley,1,"Asian, Asian British or Asian Welsh",5,L10 and L11: Lower supervisory and technical occupations,28
E05011469,Kenley,1,"Asian, Asian British or Asian Welsh",6,L12: Semi-routine occupations,76
E05011469,Kenley,1,"Asian, Asian British or Asian Welsh",7,L13: Routine occupations,28
E05011469,Kenley,1,"Asian, Asian British or Asian Welsh",8,L14.1 and L14.2: Never worked and long-term unemployed,88
E05011469,Kenley,1,"Asian, Asian British or Asian Welsh",9,L15: Full-time students,79
E05011469,Kenley,2,"Black, Black British, Black Welsh, Caribbean or African",-8,Does not apply,228
E05011469,Kenley,2,"Black, Black British, Black Welsh, Caribbean or African",1,"L1, L2 and L3: Higher managerial, administrative and professional occupations",138
E05011469,Kenley,2,"Black, Black British, Black Welsh, Caribbean or African",2,"L4, L5 and L6: Lower managerial, administrative and professional occupations",205
E05011469,Kenley,2,"Black, Black British, Black Welsh, Caribbean or African",3,L7: Intermediate occupations,83
E05011469,Kenley,2,"Black, Black British, Black Welsh, Caribbean or African",4,L8 and L9: Small employers and own account workers,76
E05011469,Kenley,2,"Black, Black British, Black Welsh, Caribbean or African",5,L10 and L11: Lower supervisory and technical occupations,32
E05011469,Kenley,2,"Black, Black British, Black Welsh, Caribbean or African",6,L12: Semi-routine occupations,65
E05011469,Kenley,2,"Black, Black British, Black Welsh, Caribbean or African",7,L13: Routine occupations,50
E05011469,Kenley,2,"Black, Black British, Black Welsh, Caribbean or African",8,L14.1 and L14.2: Never worked and long-term unemployed,42
E05011469,Kenley,2,"Black, Black British, Black Welsh, Caribbean or African",9,L15: Full-time students,93
E05011469,Kenley,3,Mixed or Multiple ethnic groups,-8,Does not apply,363
E05011469,Kenley,3,Mixed or Multiple ethnic groups,1,"L1, L2 and L3: Higher managerial, administrative and professional occupations",68
E05011469,Kenley,3,Mixed or Multiple ethnic groups,2,"L4, L5 and L6: Lower managerial, administrative and professional occupations",87
E05011469,Kenley,3,Mixed or Multiple ethnic groups,3,L7: Intermediate occupations,43
E05011469,Kenley,3,Mixed or Multiple ethnic groups,4,L8 and L9: Small employers and own account workers,42
E05011469,Kenley,3,Mixed or Multiple ethnic groups,5,L10 and L11: Lower supervisory and technical occupations,11
E05011469,Kenley,3,Mixed or Multiple ethnic groups,6,L12: Semi-routine occupations,32
E05011469,Kenley,3,Mixed or Multiple ethnic groups,7,L13: Routine occupations,15
E05011469,Kenley,3,Mixed or Multiple ethnic groups,8,L14.1 and L14.2: Never worked and long-term unemployed,28
E05011469,Kenley,3,Mixed or Multiple ethnic groups,9,L15: Full-time students,44
E05011469,Kenley,4,"White: English, Welsh, Scottish, Northern Irish or British",-8,Does not apply,1123
E05011469,Kenley,4,"White: English, Welsh, Scottish, Northern Irish or British",1,"L1, L2 and L3: Higher managerial, administrative and professional occupations",1154
E05011469,Kenley,4,"White: English, Welsh, Scottish, Northern Irish or British",2,"L4, L5 and L6: Lower managerial, administrative and professional occupations",1472
E05011469,Kenley,4,"White: English, Welsh, Scottish, Northern Irish or British",3,L7: Intermediate occupations,817
E05011469,Kenley,4,"White: English, Welsh, Scottish, Northern Irish or British",4,L8 and L9: Small employers and own account workers,692
E05011469,Kenley,4,"White: English, Welsh, Scottish, Northern Irish or British",5,L10 and L11: Lower supervisory and technical occupations,231
E05011469,Kenley,4,"White: English, Welsh, Scottish, Northern Irish or British",6,L12: Semi-routine occupations,421
E05011469,Kenley,4,"White: English, Welsh, Scottish, Northern Irish or British",7,L13: Routine occupations,323
E05011469,Kenley,4,"White: English, Welsh, Scottish, Northern Irish or British",8,L14.1 and L14.2: Never worked and long-term unemployed,265
E05011469,Kenley,4,"White: English, Welsh, Scottish, Northern Irish or British",9,L15: Full-time students,228
E05011469,Kenley,5,White: Irish,-8,Does not apply,13
E05011469,Kenley,5,White: Irish,1,"L1, L2 and L3: Higher managerial, administrative and professional occupations",34
E05011469,Kenley,5,White: Irish,2,"L4, L5 and L6: Lower managerial, administrative and professional occupations",58
E05011469,Kenley,5,White: Irish,3,L7: Intermediate occupations,23
E05011469,Kenley,5,White: Irish,4,L8 and L9: Small employers and own account workers,25
E05011469,Kenley,5,White: Irish,5,L10 and L11: Lower supervisory and technical occupations,7
E05011469,Kenley,5,White: Irish,6,L12: Semi-routine occupations,9
E05011469,Kenley,5,White: Irish,7,L13: Routine occupations,11
E05011469,Kenley,5,White: Irish,8,L14.1 and L14.2: Never worked and long-term unemployed,8
E05011469,Kenley,5,White: Irish,9,L15: Full-time students,5
E05011469,Kenley,6,"White: Gypsy or Irish Traveller, Roma or Other White",-8,Does not apply,76
E05011469,Kenley,6,"White: Gypsy or Irish Traveller, Roma or Other White",1,"L1, L2 and L3: Higher managerial, administrative and professional occupations",128
E05011469,Kenley,6,"White: Gypsy or Irish Traveller, Roma or Other White",2,"L4, L5 and L6: Lower managerial, administrative and professional occupations",141
E05011469,Kenley,6,"White: Gypsy or Irish Traveller, Roma or Other White",3,L7: Intermediate occupations,62
E05011469,Kenley,6,"White: Gypsy or Irish Traveller, Roma or Other White",4,L8 and L9: Small employers and own account workers,101
E05011469,Kenley,6,"White: Gypsy or Irish Traveller, Roma or Other White",5,L10 and L11: Lower supervisory and technical occupations,20
E05011469,Kenley,6,"White: Gypsy or Irish Traveller, Roma or Other White",6,L12: Semi-routine occupations,35
E05011469,Kenley,6,"White: Gypsy or Irish Traveller, Roma or Other White",7,L13: Routine occupations,38
E05011469,Kenley,6,"White: Gypsy or Irish Traveller, Roma or Other White",8,L14.1 and L14.2: Never worked and long-term unemployed,30
E05011469,Kenley,6,"White: Gypsy or Irish Traveller, Roma or Other White",9,L15: Full-time students,25
E05011469,Kenley,7,Other ethnic group,-8,Does not apply,49
E05011469,Kenley,7,Other ethnic group,1,"L1, L2 and L3: Higher managerial, administrative and professional occupations",53
E05011469,Kenley,7,Other ethnic group,2,"L4, L5 and L6: Lower managerial, administrative and professional occupations",37
E05011469,Kenley,7,Other ethnic group,3,L7: Intermediate occupations,16
E05011469,Kenley,7,Other ethnic group,4,L8 and L9: Small employers and own account workers,26
E05011469,Kenley,7,Other ethnic group,5,L10 and L11: Lower supervisory and technical occupations,6
E05011469,Kenley,7,Other ethnic group,6,L12: Semi-routine occupations,14
E05011469,Kenley,7,Other ethnic group,7,L13: Routine occupations,19
E05011469,Kenley,7,Other ethnic group,8,L14.1 and L14.2: Never worked and long-term unemployed,23
E05011469,Kenley,7,Other ethnic group,9,L15: Full-time students,23
E05011470,New Addington North,-8,Does not apply,-8,Does not apply,0
E05011470,New Addington North,-8,Does not apply,1,"L1, L2 and L3: Higher managerial, administrative and professional occupations",0
E05011470,New Addington North,-8,Does not apply,2,"L4, L5 and L6: Lower managerial, administrative and professional occupations",0
E05011470,New Addington North,-8,Does not apply,3,L7: Intermediate occupations,0
E05011470,New Addington North,-8,Does not apply,4,L8 and L9: Small employers and own account workers,0
E05011470,New Addington North,-8,Does not apply,5,L10 and L11: Lower supervisory and technical occupations,0
E05011470,New Addington North,-8,Does not apply,6,L12: Semi-routine occupations,0
E05011470,New Addington North,-8,Does not apply,7,L13: Routine occupations,0
E05011470,New Addington North,-8,Does not apply,8,L14.1 and L14.2: Never worked and long-term unemployed,0
E05011470,New Addington North,-8,Does not apply,9,L15: Full-time students,0
E05011470,New Addington North,1,"Asian, Asian British or Asian Welsh",-8,Does not apply,211
E05011470,New Addington North,1,"Asian, Asian British or Asian Welsh",1,"L1, L2 and L3: Higher managerial, administrative and professional occupations",32
E05011470,New Addington North,1,"Asian, Asian British or Asian Welsh",2,"L4, L5 and L6: Lower managerial, administrative and professional occupations",52
E05011470,New Addington North,1,"Asian, Asian British or Asian Welsh",3,L7: Intermediate occupations,38
E05011470,New Addington North,1,"Asian, Asian British or Asian Welsh",4,L8 and L9: Small employers and own account workers,54
E05011470,New Addington North,1,"Asian, Asian British or Asian Welsh",5,L10 and L11: Lower supervisory and technical occupations,20
E05011470,New Addington North,1,"Asian, Asian British or Asian Welsh",6,L12: Semi-routine occupations,62
E05011470,New Addington North,1,"Asian, Asian British or Asian Welsh",7,L13: Routine occupations,49
E05011470,New Addington North,1,"Asian, Asian British or Asian Welsh",8,L14.1 and L14.2: Never worked and long-term unemployed,113
E05011470,New Addington North,1,"Asian, Asian British or Asian Welsh",9,L15: Full-time students,80
E05011470,New Addington North,2,"Black, Black British, Black Welsh, Caribbean or African",-8,Does not apply,1280
E05011470,New Addington North,2,"Black, Black British, Black Welsh, Caribbean or African",1,"L1, L2 and L3: Higher managerial, administrative and professional occupations",135
E05011470,New Addington North,2,"Black, Black British, Black Welsh, Caribbean or African",2,"L4, L5 and L6: Lower managerial, administrative and professional occupations",425
E05011470,New Addington North,2,"Black, Black British, Black Welsh, Caribbean or African",3,L7: Intermediate occupations,231
E05011470,New Addington North,2,"Black, Black British, Black Welsh, Caribbean or African",4,L8 and L9: Small employers and own account workers,170
E05011470,New Addington North,2,"Black, Black British, Black Welsh, Caribbean or African",5,L10 and L11: Lower supervisory and technical occupations,87
E05011470,New Addington North,2,"Black, Black British, Black Welsh, Caribbean or African",6,L12: Semi-routine occupations,405
E05011470,New Addington North,2,"Black, Black British, Black Welsh, Caribbean or African",7,L13: Routine occupations,246
E05011470,New Addington North,2,"Black, Black British, Black Welsh, Caribbean or African",8,L14.1 and L14.2: Never worked and long-term unemployed,236
E05011470,New Addington North,2,"Black, Black British, Black Welsh, Caribbean or African",9,L15: Full-time students,486
E05011470,New Addington North,3,Mixed or Multiple ethnic groups,-8,Does not apply,366
E05011470,New Addington North,3,Mixed or Multiple ethnic groups,1,"L1, L2 and L3: Higher managerial, administrative and professional occupations",9
E05011470,New Addington North,3,Mixed or Multiple ethnic groups,2,"L4, L5 and L6: Lower managerial, administrative and professional occupations",52
E05011470,New Addington North,3,Mixed or Multiple ethnic groups,3,L7: Intermediate occupations,36
E05011470,New Addington North,3,Mixed or Multiple ethnic groups,4,L8 and L9: Small employers and own account workers,17
E05011470,New Addington North,3,Mixed or Multiple ethnic groups,5,L10 and L11: Lower supervisory and technical occupations,18
E05011470,New Addington North,3,Mixed or Multiple ethnic groups,6,L12: Semi-routine occupations,45
E05011470,New Addington North,3,Mixed or Multiple ethnic groups,7,L13: Routine occupations,56
E05011470,New Addington North,3,Mixed or Multiple ethnic groups,8,L14.1 and L14.2: Never worked and long-term unemployed,75
E05011470,New Addington North,3,Mixed or Multiple ethnic groups,9,L15: Full-time students,88
E05011470,New Addington North,4,"White: English, Welsh, Scottish, Northern Irish or British",-8,Does not apply,1048
E05011470,New Addington North,4,"White: English, Welsh, Scottish, Northern Irish or British",1,"L1, L2 and L3: Higher managerial, administrative and professional occupations",157
E05011470,New Addington North,4,"White: English, Welsh, Scottish, Northern Irish or British",2,"L4, L5 and L6: Lower managerial, administrative and professional occupations",427
E05011470,New Addington North,4,"White: English, Welsh, Scottish, Northern Irish or British",3,L7: Intermediate occupations,468
E05011470,New Addington North,4,"White: English, Welsh, Scottish, Northern Irish or British",4,L8 and L9: Small employers and own account workers,336
E05011470,New Addington North,4,"White: English, Welsh, Scottish, Northern Irish or British",5,L10 and L11: Lower supervisory and technical occupations,282
E05011470,New Addington North,4,"White: English, Welsh, Scottish, Northern Irish or British",6,L12: Semi-routine occupations,638
E05011470,New Addington North,4,"White: English, Welsh, Scottish, Northern Irish or British",7,L13: Routine occupations,761
E05011470,New Addington North,4,"White: English, Welsh, Scottish, Northern Irish or British",8,L14.1 and L14.2: Never worked and long-term unemployed,573
E05011470,New Addington North,4,"White: English, Welsh, Scottish, Northern Irish or British",9,L15: Full-time students,223
E05011470,New Addington North,5,White: Irish,-8,Does not apply,5
E05011470,New Addington North,5,White: Irish,1,"L1, L2 and L3: Higher managerial, administrative and professional occupations",3
E05011470,New Addington North,5,White: Irish,2,"L4, L5 and L6: Lower managerial, administrative and professional occupations",11
E05011470,New Addington North,5,White: Irish,3,L7: Intermediate occupations,6
E05011470,New Addington North,5,White: Irish,4,L8 and L9: Small employers and own account workers,4
E05011470,New Addington North,5,White: Irish,5,L10 and L11: Lower supervisory and technical occupations,4
E05011470,New Addington North,5,White: Irish,6,L12: Semi-routine occupations,8
E05011470,New Addington North,5,White: Irish,7,L13: Routine occupations,15
E05011470,New Addington North,5,White: Irish,8,L14.1 and L14.2: Never worked and long-term unemployed,6
E05011470,New Addington North,5,White: Irish,9,L15: Full-time students,1
E05011470,New Addington North,6,"White: Gypsy or Irish Traveller, Roma or Other White",-8,Does not apply,95
E05011470,New Addington North,6,"White: Gypsy or Irish Traveller, Roma or Other White",1,"L1, L2 and L3: Higher managerial, administrative and professional occupations",19
E05011470,New Addington North,6,"White: Gypsy or Irish Traveller, Roma or Other White",2,"L4, L5 and L6: Lower managerial, administrative and professional occupations",31
E05011470,New Addington North,6,"White: Gypsy or Irish Traveller, Roma or Other White",3,L7: Intermediate occupations,27
E05011470,New Addington North,6,"White: Gypsy or Irish Traveller, Roma or Other White",4,L8 and L9: Small employers and own account workers,89
E05011470,New Addington North,6,"White: Gypsy or Irish Traveller, Roma or Other White",5,L10 and L11: Lower supervisory and technical occupations,22
E05011470,New Addington North,6,"White: Gypsy or Irish Traveller, Roma or Other White",6,L12: Semi-routine occupations,33
E05011470,New Addington North,6,"White: Gypsy or Irish Traveller, Roma or Other White",7,L13: Routine occupations,68
E05011470,New Addington North,6,"White: Gypsy or Irish Traveller, Roma or Other White",8,L14.1 and L14.2: Never worked and long-term unemployed,55
E05011470,New Addington North,6,"White: Gypsy or Irish Traveller, Roma or Other White",9,L15: Full-time students,39
E05011470,New Addington North,7,Other ethnic group,-8,Does not apply,70
E05011470,New Addington North,7,Other ethnic group,1,"L1, L2 and L3: Higher managerial, administrative and professional occupations",7
E05011470,New Addington North,7,Other ethnic group,2,"L4, L5 and L6: Lower managerial, administrative and professional occupations",15
E05011470,New Addington North,7,Other ethnic group,3,L7: Intermediate occupations,25
E05011470,New Addington North,7,Other ethnic group,4,L8 and L9: Small employers and own account workers,14
E05011470,New Addington North,7,Other ethnic group,5,L10 and L11: Lower supervisory and technical occupations,14
E05011470,New Addington North,7,Other ethnic group,6,L12: Semi-routine occupations,21
E05011470,New Addington North,7,Other ethnic group,7,L13: Routine occupations,26
E05011470,New Addington North,7,Other ethnic group,8,L14.1 and L14.2: Never worked and long-term unemployed,59
E05011470,New Addington North,7,Other ethnic group,9,L15: Full-time students,53
E05011471,New Addington South,-8,Does not apply,-8,Does not apply,0
E05011471,New Addington South,-8,Does not apply,1,"L1, L2 and L3: Higher managerial, administrative and professional occupations",0
E05011471,New Addington South,-8,Does not apply,2,"L4, L5 and L6: Lower managerial, administrative and professional occupations",0
E05011471,New Addington South,-8,Does not apply,3,L7: Intermediate occupations,0
E05011471,New Addington South,-8,Does not apply,4,L8 and L9: Small employers and own account workers,0
E05011471,New Addington South,-8,Does not apply,5,L10 and L11: Lower supervisory and technical occupations,0
E05011471,New Addington South,-8,Does not apply,6,L12: Semi-routine occupations,0
E05011471,New Addington South,-8,Does not apply,7,L13: Routine occupations,0
E05011471,New Addington South,-8,Does not apply,8,L14.1 and L14.2: Never worked and long-term unemployed,0
E05011471,New Addington South,-8,Does not apply,9,L15: Full-time students,0
E05011471,New Addington South,1,"Asian, Asian British or Asian Welsh",-8,Does not apply,172
E05011471,New Addington South,1,"Asian, Asian British or Asian Welsh",1,"L1, L2 and L3: Higher managerial, administrative and professional occupations",43
E05011471,New Addington South,1,"Asian, Asian British or Asian Welsh",2,"L4, L5 and L6: Lower managerial, administrative and professional occupations",109
E05011471,New Addington South,1,"Asian, Asian British or Asian Welsh",3,L7: Intermediate occupations,48
E05011471,New Addington South,1,"Asian, Asian British or Asian Welsh",4,L8 and L9: Small employers and own account workers,44
E05011471,New Addington South,1,"Asian, Asian British or Asian Welsh",5,L10 and L11: Lower supervisory and technical occupations,18
E05011471,New Addington South,1,"Asian, Asian British or Asian Welsh",6,L12: Semi-routine occupations,61
E05011471,New Addington South,1,"Asian, Asian British or Asian Welsh",7,L13: Routine occupations,34
E05011471,New Addington South,1,"Asian, Asian British or Asian Welsh",8,L14.1 and L14.2: Never worked and long-term unemployed,61
E05011471,New Addington South,1,"Asian, Asian British or Asian Welsh",9,L15: Full-time students,66
E05011471,New Addington South,2,"Black, Black British, Black Welsh, Caribbean or African",-8,Does not apply,727
E05011471,New Addington South,2,"Black, Black British, Black Welsh, Caribbean or African",1,"L1, L2 and L3: Higher managerial, administrative and professional occupations",152
E05011471,New Addington South,2,"Black, Black British, Black Welsh, Caribbean or African",2,"L4, L5 and L6: Lower managerial, administrative and professional occupations",356
E05011471,New Addington South,2,"Black, Black British, Black Welsh, Caribbean or African",3,L7: Intermediate occupations,162
E05011471,New Addington South,2,"Black, Black British, Black Welsh, Caribbean or African",4,L8 and L9: Small employers and own account workers,134
E05011471,New Addington South,2,"Black, Black British, Black Welsh, Caribbean or African",5,L10 and L11: Lower supervisory and technical occupations,55
E05011471,New Addington South,2,"Black, Black British, Black Welsh, Caribbean or African",6,L12: Semi-routine occupations,271
E05011471,New Addington South,2,"Black, Black British, Black Welsh, Caribbean or African",7,L13: Routine occupations,192
E05011471,New Addington South,2,"Black, Black British, Black Welsh, Caribbean or African",8,L14.1 and L14.2: Never worked and long-term unemployed,133
E05011471,New Addington South,2,"Black, Black British, Black Welsh, Caribbean or African",9,L15: Full-time students,291
E05011471,New Addington South,3,Mixed or Multiple ethnic groups,-8,Does not apply,315
E05011471,New Addington South,3,Mixed or Multiple ethnic groups,1,"L1, L2 and L3: Higher managerial, administrative and professional occupations",32
E05011471,New Addington South,3,Mixed or Multiple ethnic groups,2,"L4, L5 and L6: Lower managerial, administrative and professional occupations",57
E05011471,New Addington South,3,Mixed or Multiple ethnic groups,3,L7: Intermediate occupations,44
E05011471,New Addington South,3,Mixed or Multiple ethnic groups,4,L8 and L9: Small employers and own account workers,30
E05011471,New Addington South,3,Mixed or Multiple ethnic groups,5,L10 and L11: Lower supervisory and technical occupations,19
E05011471,New Addington South,3,Mixed or Multiple ethnic groups,6,L12: Semi-routine occupations,45
E05011471,New Addington South,3,Mixed or Multiple ethnic groups,7,L13: Routine occupations,34
E05011471,New Addington South,3,Mixed or Multiple ethnic groups,8,L14.1 and L14.2: Never worked and long-term unemployed,37
E05011471,New Addington South,3,Mixed or Multiple ethnic groups,9,L15: Full-time students,62
E05011471,New Addington South,4,"White: English, Welsh, Scottish, Northern Irish or British",-8,Does not apply,1232
E05011471,New Addington South,4,"White: English, Welsh, Scottish, Northern Irish or British",1,"L1, L2 and L3: Higher managerial, administrative and professional occupations",286
E05011471,New Addington South,4,"White: English, Welsh, Scottish, Northern Irish or British",2,"L4, L5 and L6: Lower managerial, administrative and professional occupations",782
E05011471,New Addington South,4,"White: English, Welsh, Scottish, Northern Irish or British",3,L7: Intermediate occupations,714
E05011471,New Addington South,4,"White: English, Welsh, Scottish, Northern Irish or British",4,L8 and L9: Small employers and own account workers,575
E05011471,New Addington South,4,"White: English, Welsh, Scottish, Northern Irish or British",5,L10 and L11: Lower supervisory and technical occupations,375
E05011471,New Addington South,4,"White: English, Welsh, Scottish, Northern Irish or British",6,L12: Semi-routine occupations,777
E05011471,New Addington South,4,"White: English, Welsh, Scottish, Northern Irish or British",7,L13: Routine occupations,902
E05011471,New Addington South,4,"White: English, Welsh, Scottish, Northern Irish or British",8,L14.1 and L14.2: Never worked and long-term unemployed,719
E05011471,New Addington South,4,"White: English, Welsh, Scottish, Northern Irish or British",9,L15: Full-time students,272
E05011471,New Addington South,5,White: Irish,-8,Does not apply,5
E05011471,New Addington South,5,White: Irish,1,"L1, L2 and L3: Higher managerial, administrative and professional occupations",10
E05011471,New Addington South,5,White: Irish,2,"L4, L5 and L6: Lower managerial, administrative and professional occupations",20
E05011471,New Addington South,5,White: Irish,3,L7: Intermediate occupations,6
E05011471,New Addington South,5,White: Irish,4,L8 and L9: Small employers and own account workers,10
E05011471,New Addington South,5,White: Irish,5,L10 and L11: Lower supervisory and technical occupations,1
E05011471,New Addington South,5,White: Irish,6,L12: Semi-routine occupations,7
E05011471,New Addington South,5,White: Irish,7,L13: Routine occupations,13
E05011471,New Addington South,5,White: Irish,8,L14.1 and L14.2: Never worked and long-term unemployed,3
E05011471,New Addington South,5,White: Irish,9,L15: Full-time students,3
E05011471,New Addington South,6,"White: Gypsy or Irish Traveller, Roma or Other White",-8,Does not apply,119
E05011471,New Addington South,6,"White: Gypsy or Irish Traveller, Roma or Other White",1,"L1, L2 and L3: Higher managerial, administrative and professional occupations",28
E05011471,New Addington South,6,"White: Gypsy or Irish Traveller, Roma or Other White",2,"L4, L5 and L6: Lower managerial, administrative and professional occupations",88
E05011471,New Addington South,6,"White: Gypsy or Irish Traveller, Roma or Other White",3,L7: Intermediate occupations,41
E05011471,New Addington South,6,"White: Gypsy or Irish Traveller, Roma or Other White",4,L8 and L9: Small employers and own account workers,99
E05011471,New Addington South,6,"White: Gypsy or Irish Traveller, Roma or Other White",5,L10 and L11: Lower supervisory and technical occupations,37
E05011471,New Addington South,6,"White: Gypsy or Irish Traveller, Roma or Other White",6,L12: Semi-routine occupations,41
E05011471,New Addington South,6,"White: Gypsy or Irish Traveller, Roma or Other White",7,L13: Routine occupations,70
E05011471,New Addington South,6,"White: Gypsy or Irish Traveller, Roma or Other White",8,L14.1 and L14.2: Never worked and long-term unemployed,36
E05011471,New Addington South,6,"White: Gypsy or Irish Traveller, Roma or Other White",9,L15: Full-time students,35
E05011471,New Addington South,7,Other ethnic group,-8,Does not apply,48
E05011471,New Addington South,7,Other ethnic group,1,"L1, L2 and L3: Higher managerial, administrative and professional occupations",7
E05011471,New Addington South,7,Other ethnic group,2,"L4, L5 and L6: Lower managerial, administrative and professional occupations",19
E05011471,New Addington South,7,Other ethnic group,3,L7: Intermediate occupations,14
E05011471,New Addington South,7,Other ethnic group,4,L8 and L9: Small employers and own account workers,25
E05011471,New Addington South,7,Other ethnic group,5,L10 and L11: Lower supervisory and technical occupations,16
E05011471,New Addington South,7,Other ethnic group,6,L12: Semi-routine occupations,18
E05011471,New Addington South,7,Other ethnic group,7,L13: Routine occupations,20
E05011471,New Addington South,7,Other ethnic group,8,L14.1 and L14.2: Never worked and long-term unemployed,34
E05011471,New Addington South,7,Other ethnic group,9,L15: Full-time students,14
E05011474,Old Coulsdon,-8,Does not apply,-8,Does not apply,0
E05011474,Old Coulsdon,-8,Does not apply,1,"L1, L2 and L3: Higher managerial, administrative and professional occupations",0
E05011474,Old Coulsdon,-8,Does not apply,2,"L4, L5 and L6: Lower managerial, administrative and professional occupations",0
E05011474,Old Coulsdon,-8,Does not apply,3,L7: Intermediate occupations,0
E05011474,Old Coulsdon,-8,Does not apply,4,L8 and L9: Small employers and own account workers,0
E05011474,Old Coulsdon,-8,Does not apply,5,L10 and L11: Lower supervisory and technical occupations,0
E05011474,Old Coulsdon,-8,Does not apply,6,L12: Semi-routine occupations,0
E05011474,Old Coulsdon,-8,Does not apply,7,L13: Routine occupations,0
E05011474,Old Coulsdon,-8,Does not apply,8,L14.1 and L14.2: Never worked and long-term unemployed,0
E05011474,Old Coulsdon,-8,Does not apply,9,L15: Full-time students,0
E05011474,Old Coulsdon,1,"Asian, Asian British or Asian Welsh",-8,Does not apply,163
E05011474,Old Coulsdon,1,"Asian, Asian British or Asian Welsh",1,"L1, L2 and L3: Higher managerial, administrative and professional occupations",158
E05011474,Old Coulsdon,1,"Asian, Asian British or Asian Welsh",2,"L4, L5 and L6: Lower managerial, administrative and professional occupations",144
E05011474,Old Coulsdon,1,"Asian, Asian British or Asian Welsh",3,L7: Intermediate occupations,70
E05011474,Old Coulsdon,1,"Asian, Asian British or Asian Welsh",4,L8 and L9: Small employers and own account workers,57
E05011474,Old Coulsdon,1,"Asian, Asian British or Asian Welsh",5,L10 and L11: Lower supervisory and technical occupations,19
E05011474,Old Coulsdon,1,"Asian, Asian British or Asian Welsh",6,L12: Semi-routine occupations,40
E05011474,Old Coulsdon,1,"Asian, Asian British or Asian Welsh",7,L13: Routine occupations,28
E05011474,Old Coulsdon,1,"Asian, Asian British or Asian Welsh",8,L14.1 and L14.2: Never worked and long-term unemployed,48
E05011474,Old Coulsdon,1,"Asian, Asian British or Asian Welsh",9,L15: Full-time students,35
E05011474,Old Coulsdon,2,"Black, Black British, Black Welsh, Caribbean or African",-8,Does not apply,176
E05011474,Old Coulsdon,2,"Black, Black British, Black Welsh, Caribbean or African",1,"L1, L2 and L3: Higher managerial, administrative and professional occupations",79
E05011474,Old Coulsdon,2,"Black, Black British, Black Welsh, Caribbean or African",2,"L4, L5 and L6: Lower managerial, administrative and professional occupations",135
E05011474,Old Coulsdon,2,"Black, Black British, Black Welsh, Caribbean or African",3,L7: Intermediate occupations,70
E05011474,Old Coulsdon,2,"Black, Black British, Black Welsh, Caribbean or African",4,L8 and L9: Small employers and own account workers,38
E05011474,Old Coulsdon,2,"Black, Black British, Black Welsh, Caribbean or African",5,L10 and L11: Lower supervisory and technical occupations,30
E05011474,Old Coulsdon,2,"Black, Black British, Black Welsh, Caribbean or African",6,L12: Semi-routine occupations,69
E05011474,Old Coulsdon,2,"Black, Black British, Black Welsh, Caribbean or African",7,L13: Routine occupations,38
E05011474,Old Coulsdon,2,"Black, Black British, Black Welsh, Caribbean or African",8,L14.1 and L14.2: Never worked and long-term unemployed,54
E05011474,Old Coulsdon,2,"Black, Black British, Black Welsh, Caribbean or African",9,L15: Full-time students,71
E05011474,Old Coulsdon,3,Mixed or Multiple ethnic groups,-8,Does not apply,315
E05011474,Old Coulsdon,3,Mixed or Multiple ethnic groups,1,"L1, L2 and L3: Higher managerial, administrative and professional occupations",50
E05011474,Old Coulsdon,3,Mixed or Multiple ethnic groups,2,"L4, L5 and L6: Lower managerial, administrative and professional occupations",76
E05011474,Old Coulsdon,3,Mixed or Multiple ethnic groups,3,L7: Intermediate occupations,37
E05011474,Old Coulsdon,3,Mixed or Multiple ethnic groups,4,L8 and L9: Small employers and own account workers,37
E05011474,Old Coulsdon,3,Mixed or Multiple ethnic groups,5,L10 and L11: Lower supervisory and technical occupations,10
E05011474,Old Coulsdon,3,Mixed or Multiple ethnic groups,6,L12: Semi-routine occupations,24
E05011474,Old Coulsdon,3,Mixed or Multiple ethnic groups,7,L13: Routine occupations,28
E05011474,Old Coulsdon,3,Mixed or Multiple ethnic groups,8,L14.1 and L14.2: Never worked and long-term unemployed,39
E05011474,Old Coulsdon,3,Mixed or Multiple ethnic groups,9,L15: Full-time students,60
E05011474,Old Coulsdon,4,"White: English, Welsh, Scottish, Northern Irish or British",-8,Does not apply,1258
E05011474,Old Coulsdon,4,"White: English, Welsh, Scottish, Northern Irish or British",1,"L1, L2 and L3: Higher managerial, administrative and professional occupations",973
E05011474,Old Coulsdon,4,"White: English, Welsh, Scottish, Northern Irish or British",2,"L4, L5 and L6: Lower managerial, administrative and professional occupations",1441
E05011474,Old Coulsdon,4,"White: English, Welsh, Scottish, Northern Irish or British",3,L7: Intermediate occupations,963
E05011474,Old Coulsdon,4,"White: English, Welsh, Scottish, Northern Irish or British",4,L8 and L9: Small employers and own account workers,696
E05011474,Old Coulsdon,4,"White: English, Welsh, Scottish, Northern Irish or British",5,L10 and L11: Lower supervisory and technical occupations,266
E05011474,Old Coulsdon,4,"White: English, Welsh, Scottish, Northern Irish or British",6,L12: Semi-routine occupations,531
E05011474,Old Coulsdon,4,"White: English, Welsh, Scottish, Northern Irish or British",7,L13: Routine occupations,449
E05011474,Old Coulsdon,4,"White: English, Welsh, Scottish, Northern Irish or British",8,L14.1 and L14.2: Never worked and long-term unemployed,340
E05011474,Old Coulsdon,4,"White: English, Welsh, Scottish, Northern Irish or British",9,L15: Full-time students,239
E05011474,Old Coulsdon,5,White: Irish,-8,Does not apply,10
E05011474,Old Coulsdon,5,White: Irish,1,"L1, L2 and L3: Higher managerial, administrative and professional occupations",33
E05011474,Old Coulsdon,5,White: Irish,2,"L4, L5 and L6: Lower managerial, administrative and professional occupations",50
E05011474,Old Coulsdon,5,White: Irish,3,L7: Intermediate occupations,25
E05011474,Old Coulsdon,5,White: Irish,4,L8 and L9: Small employers and own account workers,16
E05011474,Old Coulsdon,5,White: Irish,5,L10 and L11: Lower supervisory and technical occupations,5
E05011474,Old Coulsdon,5,White: Irish,6,L12: Semi-routine occupations,12
E05011474,Old Coulsdon,5,White: Irish,7,L13: Routine occupations,13
E05011474,Old Coulsdon,5,White: Irish,8,L14.1 and L14.2: Never worked and long-term unemployed,8
E05011474,Old Coulsdon,5,White: Irish,9,L15: Full-time students,3
E05011474,Old Coulsdon,6,"White: Gypsy or Irish Traveller, Roma or Other White",-8,Does not apply,70
E05011474,Old Coulsdon,6,"White: Gypsy or Irish Traveller, Roma or Other White",1,"L1, L2 and L3: Higher managerial, administrative and professional occupations",74
E05011474,Old Coulsdon,6,"White: Gypsy or Irish Traveller, Roma or Other White",2,"L4, L5 and L6: Lower managerial, administrative and professional occupations",64
E05011474,Old Coulsdon,6,"White: Gypsy or Irish Traveller, Roma or Other White",3,L7: Intermediate occupations,46
E05011474,Old Coulsdon,6,"White: Gypsy or Irish Traveller, Roma or Other White",4,L8 and L9: Small employers and own account workers,78
E05011474,Old Coulsdon,6,"White: Gypsy or Irish Traveller, Roma or Other White",5,L10 and L11: Lower supervisory and technical occupations,20
E05011474,Old Coulsdon,6,"White: Gypsy or Irish Traveller, Roma or Other White",6,L12: Semi-routine occupations,33
E05011474,Old Coulsdon,6,"White: Gypsy or Irish Traveller, Roma or Other White",7,L13: Routine occupations,33
E05011474,Old Coulsdon,6,"White: Gypsy or Irish Traveller, Roma or Other White",8,L14.1 and L14.2: Never worked and long-term unemployed,16
E05011474,Old Coulsdon,6,"White: Gypsy or Irish Traveller, Roma or Other White",9,L15: Full-time students,16
E05011474,Old Coulsdon,7,Other ethnic group,-8,Does not apply,23
E05011474,Old Coulsdon,7,Other ethnic group,1,"L1, L2 and L3: Higher managerial, administrative and professional occupations",21
E05011474,Old Coulsdon,7,Other ethnic group,2,"L4, L5 and L6: Lower managerial, administrative and professional occupations",20
E05011474,Old Coulsdon,7,Other ethnic group,3,L7: Intermediate occupations,13
E05011474,Old Coulsdon,7,Other ethnic group,4,L8 and L9: Small employers and own account workers,13
E05011474,Old Coulsdon,7,Other ethnic group,5,L10 and L11: Lower supervisory and technical occupations,8
E05011474,Old Coulsdon,7,Other ethnic group,6,L12: Semi-routine occupations,4
E05011474,Old Coulsdon,7,Other ethnic group,7,L13: Routine occupations,9
E05011474,Old Coulsdon,7,Other ethnic group,8,L14.1 and L14.2: Never worked and long-term unemployed,12
E05011474,Old Coulsdon,7,Other ethnic group,9,L15: Full-time students,13
E05011476,Purley & Woodcote,-8,Does not apply,-8,Does not apply,0
E05011476,Purley & Woodcote,-8,Does not apply,1,"L1, L2 and L3: Higher managerial, administrative and professional occupations",0
E05011476,Purley & Woodcote,-8,Does not apply,2,"L4, L5 and L6: Lower managerial, administrative and professional occupations",0
E05011476,Purley & Woodcote,-8,Does not apply,3,L7: Intermediate occupations,0
E05011476,Purley & Woodcote,-8,Does not apply,4,L8 and L9: Small employers and own account workers,0
E05011476,Purley & Woodcote,-8,Does not apply,5,L10 and L11: Lower supervisory and technical occupations,0
E05011476,Purley & Woodcote,-8,Does not apply,6,L12: Semi-routine occupations,0
E05011476,Purley & Woodcote,-8,Does not apply,7,L13: Routine occupations,0
E05011476,Purley & Woodcote,-8,Does not apply,8,L14.1 and L14.2: Never worked and long-term unemployed,0
E05011476,Purley & Woodcote,-8,Does not apply,9,L15: Full-time students,0
E05011476,Purley & Woodcote,1,"Asian, Asian British or Asian Welsh",-8,Does not apply,620
E05011476,Purley & Woodcote,1,"Asian, Asian British or Asian Welsh",1,"L1, L2 and L3: Higher managerial, administrative and professional occupations",734
E05011476,Purley & Woodcote,1,"Asian, Asian British or Asian Welsh",2,"L4, L5 and L6: Lower managerial, administrative and professional occupations",499
E05011476,Purley & Woodcote,1,"Asian, Asian British or Asian Welsh",3,L7: Intermediate occupations,240
E05011476,Purley & Woodcote,1,"Asian, Asian British or Asian Welsh",4,L8 and L9: Small employers and own account workers,308
E05011476,Purley & Woodcote,1,"Asian, Asian British or Asian Welsh",5,L10 and L11: Lower supervisory and technical occupations,42
E05011476,Purley & Woodcote,1,"Asian, Asian British or Asian Welsh",6,L12: Semi-routine occupations,142
E05011476,Purley & Woodcote,1,"Asian, Asian British or Asian Welsh",7,L13: Routine occupations,76
E05011476,Purley & Woodcote,1,"Asian, Asian British or Asian Welsh",8,L14.1 and L14.2: Never worked and long-term unemployed,205
E05011476,Purley & Woodcote,1,"Asian, Asian British or Asian Welsh",9,L15: Full-time students,191
E05011476,Purley & Woodcote,2,"Black, Black British, Black Welsh, Caribbean or African",-8,Does not apply,371
E05011476,Purley & Woodcote,2,"Black, Black British, Black Welsh, Caribbean or African",1,"L1, L2 and L3: Higher managerial, administrative and professional occupations",241
E05011476,Purley & Woodcote,2,"Black, Black British, Black Welsh, Caribbean or African",2,"L4, L5 and L6: Lower managerial, administrative and professional occupations",350
E05011476,Purley & Woodcote,2,"Black, Black British, Black Welsh, Caribbean or African",3,L7: Intermediate occupations,146
E05011476,Purley & Woodcote,2,"Black, Black British, Black Welsh, Caribbean or African",4,L8 and L9: Small employers and own account workers,118
E05011476,Purley & Woodcote,2,"Black, Black British, Black Welsh, Caribbean or African",5,L10 and L11: Lower supervisory and technical occupations,44
E05011476,Purley & Woodcote,2,"Black, Black British, Black Welsh, Caribbean or African",6,L12: Semi-routine occupations,134
E05011476,Purley & Woodcote,2,"Black, Black British, Black Welsh, Caribbean or African",7,L13: Routine occupations,88
E05011476,Purley & Woodcote,2,"Black, Black British, Black Welsh, Caribbean or African",8,L14.1 and L14.2: Never worked and long-term unemployed,124
E05011476,Purley & Woodcote,2,"Black, Black British, Black Welsh, Caribbean or African",9,L15: Full-time students,166
E05011476,Purley & Woodcote,3,Mixed or Multiple ethnic groups,-8,Does not apply,511
E05011476,Purley & Woodcote,3,Mixed or Multiple ethnic groups,1,"L1, L2 and L3: Higher managerial, administrative and professional occupations",116
E05011476,Purley & Woodcote,3,Mixed or Multiple ethnic groups,2,"L4, L5 and L6: Lower managerial, administrative and professional occupations",130
E05011476,Purley & Woodcote,3,Mixed or Multiple ethnic groups,3,L7: Intermediate occupations,74
E05011476,Purley & Woodcote,3,Mixed or Multiple ethnic groups,4,L8 and L9: Small employers and own account workers,59
E05011476,Purley & Woodcote,3,Mixed or Multiple ethnic groups,5,L10 and L11: Lower supervisory and technical occupations,22
E05011476,Purley & Woodcote,3,Mixed or Multiple ethnic groups,6,L12: Semi-routine occupations,47
E05011476,Purley & Woodcote,3,Mixed or Multiple ethnic groups,7,L13: Routine occupations,24
E05011476,Purley & Woodcote,3,Mixed or Multiple ethnic groups,8,L14.1 and L14.2: Never worked and long-term unemployed,60
E05011476,Purley & Woodcote,3,Mixed or Multiple ethnic groups,9,L15: Full-time students,101
E05011476,Purley & Woodcote,4,"White: English, Welsh, Scottish, Northern Irish or British",-8,Does not apply,1091
E05011476,Purley & Woodcote,4,"White: English, Welsh, Scottish, Northern Irish or British",1,"L1, L2 and L3: Higher managerial, administrative and professional occupations",1351
E05011476,Purley & Woodcote,4,"White: English, Welsh, Scottish, Northern Irish or British",2,"L4, L5 and L6: Lower managerial, administrative and professional occupations",1547
E05011476,Purley & Woodcote,4,"White: English, Welsh, Scottish, Northern Irish or British",3,L7: Intermediate occupations,809
E05011476,Purley & Woodcote,4,"White: English, Welsh, Scottish, Northern Irish or British",4,L8 and L9: Small employers and own account workers,661
E05011476,Purley & Woodcote,4,"White: English, Welsh, Scottish, Northern Irish or British",5,L10 and L11: Lower supervisory and technical occupations,193
E05011476,Purley & Woodcote,4,"White: English, Welsh, Scottish, Northern Irish or British",6,L12: Semi-routine occupations,443
E05011476,Purley & Woodcote,4,"White: English, Welsh, Scottish, Northern Irish or British",7,L13: Routine occupations,310
E05011476,Purley & Woodcote,4,"White: English, Welsh, Scottish, Northern Irish or British",8,L14.1 and L14.2: Never worked and long-term unemployed,560
E05011476,Purley & Woodcote,4,"White: English, Welsh, Scottish, Northern Irish or British",9,L15: Full-time students,245
E05011476,Purley & Woodcote,5,White: Irish,-8,Does not apply,12
E05011476,Purley & Woodcote,5,White: Irish,1,"L1, L2 and L3: Higher managerial, administrative and professional occupations",41
E05011476,Purley & Woodcote,5,White: Irish,2,"L4, L5 and L6: Lower managerial, administrative and professional occupations",73
E05011476,Purley & Woodcote,5,White: Irish,3,L7: Intermediate occupations,33
E05011476,Purley & Woodcote,5,White: Irish,4,L8 and L9: Small employers and own account workers,31
E05011476,Purley & Woodcote,5,White: Irish,5,L10 and L11: Lower supervisory and technical occupations,6
E05011476,Purley & Woodcote,5,White: Irish,6,L12: Semi-routine occupations,16
E05011476,Purley & Woodcote,5,White: Irish,7,L13: Routine occupations,7
E05011476,Purley & Woodcote,5,White: Irish,8,L14.1 and L14.2: Never worked and long-term unemployed,12
E05011476,Purley & Woodcote,5,White: Irish,9,L15: Full-time students,4
E05011476,Purley & Woodcote,6,"White: Gypsy or Irish Traveller, Roma or Other White",-8,Does not apply,155
E05011476,Purley & Woodcote,6,"White: Gypsy or Irish Traveller, Roma or Other White",1,"L1, L2 and L3: Higher managerial, administrative and professional occupations",216
E05011476,Purley & Woodcote,6,"White: Gypsy or Irish Traveller, Roma or Other White",2,"L4, L5 and L6: Lower managerial, administrative and professional occupations",236
E05011476,Purley & Woodcote,6,"White: Gypsy or Irish Traveller, Roma or Other White",3,L7: Intermediate occupations,100
E05011476,Purley & Woodcote,6,"White: Gypsy or Irish Traveller, Roma or Other White",4,L8 and L9: Small employers and own account workers,162
E05011476,Purley & Woodcote,6,"White: Gypsy or Irish Traveller, Roma or Other White",5,L10 and L11: Lower supervisory and technical occupations,49
E05011476,Purley & Woodcote,6,"White: Gypsy or Irish Traveller, Roma or Other White",6,L12: Semi-routine occupations,83
E05011476,Purley & Woodcote,6,"White: Gypsy or Irish Traveller, Roma or Other White",7,L13: Routine occupations,85
E05011476,Purley & Woodcote,6,"White: Gypsy or Irish Traveller, Roma or Other White",8,L14.1 and L14.2: Never worked and long-term unemployed,73
E05011476,Purley & Woodcote,6,"White: Gypsy or Irish Traveller, Roma or Other White",9,L15: Full-time students,44
E05011476,Purley & Woodcote,7,Other ethnic group,-8,Does not apply,86
E05011476,Purley & Woodcote,7,Other ethnic group,1,"L1, L2 and L3: Higher managerial, administrative and professional occupations",106
E05011476,Purley & Woodcote,7,Other ethnic group,2,"L4, L5 and L6: Lower managerial, administrative and professional occupations",93
E05011476,Purley & Woodcote,7,Other ethnic group,3,L7: Intermediate occupations,45
E05011476,Purley & Woodcote,7,Other ethnic group,4,L8 and L9: Small employers and own account workers,56
E05011476,Purley & Woodcote,7,Other ethnic group,5,L10 and L11: Lower supervisory and technical occupations,11
E05011476,Purley & Woodcote,7,Other ethnic group,6,L12: Semi-routine occupations,35
E05011476,Purley & Woodcote,7,Other ethnic group,7,L13: Routine occupations,22
E05011476,Purley & Woodcote,7,Other ethnic group,8,L14.1 and L14.2: Never worked and long-term unemployed,62
E05011476,Purley & Woodcote,7,Other ethnic group,9,L15: Full-time students,38
E05011477,Purley Oaks & Riddlesdown,-8,Does not apply,-8,Does not apply,0
E05011477,Purley Oaks & Riddlesdown,-8,Does not apply,1,"L1, L2 and L3: Higher managerial, administrative and professional occupations",0
E05011477,Purley Oaks & Riddlesdown,-8,Does not apply,2,"L4, L5 and L6: Lower managerial, administrative and professional occupations",0
E05011477,Purley Oaks & Riddlesdown,-8,Does not apply,3,L7: Intermediate occupations,0
E05011477,Purley Oaks & Riddlesdown,-8,Does not apply,4,L8 and L9: Small employers and own account workers,0
E05011477,Purley Oaks & Riddlesdown,-8,Does not apply,5,L10 and L11: Lower supervisory and technical occupations,0
E05011477,Purley Oaks & Riddlesdown,-8,Does not apply,6,L12: Semi-routine occupations,0
E05011477,Purley Oaks & Riddlesdown,-8,Does not apply,7,L13: Routine occupations,0
E05011477,Purley Oaks & Riddlesdown,-8,Does not apply,8,L14.1 and L14.2: Never worked and long-term unemployed,0
E05011477,Purley Oaks & Riddlesdown,-8,Does not apply,9,L15: Full-time students,0
E05011477,Purley Oaks & Riddlesdown,1,"Asian, Asian British or Asian Welsh",-8,Does not apply,406
E05011477,Purley Oaks & Riddlesdown,1,"Asian, Asian British or Asian Welsh",1,"L1, L2 and L3: Higher managerial, administrative and professional occupations",428
E05011477,Purley Oaks & Riddlesdown,1,"Asian, Asian British or Asian Welsh",2,"L4, L5 and L6: Lower managerial, administrative and professional occupations",295
E05011477,Purley Oaks & Riddlesdown,1,"Asian, Asian British or Asian Welsh",3,L7: Intermediate occupations,155
E05011477,Purley Oaks & Riddlesdown,1,"Asian, Asian British or Asian Welsh",4,L8 and L9: Small employers and own account workers,147
E05011477,Purley Oaks & Riddlesdown,1,"Asian, Asian British or Asian Welsh",5,L10 and L11: Lower supervisory and technical occupations,47
E05011477,Purley Oaks & Riddlesdown,1,"Asian, Asian British or Asian Welsh",6,L12: Semi-routine occupations,114
E05011477,Purley Oaks & Riddlesdown,1,"Asian, Asian British or Asian Welsh",7,L13: Routine occupations,62
E05011477,Purley Oaks & Riddlesdown,1,"Asian, Asian British or Asian Welsh",8,L14.1 and L14.2: Never worked and long-term unemployed,130
E05011477,Purley Oaks & Riddlesdown,1,"Asian, Asian British or Asian Welsh",9,L15: Full-time students,95
E05011477,Purley Oaks & Riddlesdown,2,"Black, Black British, Black Welsh, Caribbean or African",-8,Does not apply,249
E05011477,Purley Oaks & Riddlesdown,2,"Black, Black British, Black Welsh, Caribbean or African",1,"L1, L2 and L3: Higher managerial, administrative and professional occupations",160
E05011477,Purley Oaks & Riddlesdown,2,"Black, Black British, Black Welsh, Caribbean or African",2,"L4, L5 and L6: Lower managerial, administrative and professional occupations",251
E05011477,Purley Oaks & Riddlesdown,2,"Black, Black British, Black Welsh, Caribbean or African",3,L7: Intermediate occupations,121
E05011477,Purley Oaks & Riddlesdown,2,"Black, Black British, Black Welsh, Caribbean or African",4,L8 and L9: Small employers and own account workers,73
E05011477,Purley Oaks & Riddlesdown,2,"Black, Black British, Black Welsh, Caribbean or African",5,L10 and L11: Lower supervisory and technical occupations,45
E05011477,Purley Oaks & Riddlesdown,2,"Black, Black British, Black Welsh, Caribbean or African",6,L12: Semi-routine occupations,90
E05011477,Purley Oaks & Riddlesdown,2,"Black, Black British, Black Welsh, Caribbean or African",7,L13: Routine occupations,57
E05011477,Purley Oaks & Riddlesdown,2,"Black, Black British, Black Welsh, Caribbean or African",8,L14.1 and L14.2: Never worked and long-term unemployed,70
E05011477,Purley Oaks & Riddlesdown,2,"Black, Black British, Black Welsh, Caribbean or African",9,L15: Full-time students,126
E05011477,Purley Oaks & Riddlesdown,3,Mixed or Multiple ethnic groups,-8,Does not apply,314
E05011477,Purley Oaks & Riddlesdown,3,Mixed or Multiple ethnic groups,1,"L1, L2 and L3: Higher managerial, administrative and professional occupations",74
E05011477,Purley Oaks & Riddlesdown,3,Mixed or Multiple ethnic groups,2,"L4, L5 and L6: Lower managerial, administrative and professional occupations",105
E05011477,Purley Oaks & Riddlesdown,3,Mixed or Multiple ethnic groups,3,L7: Intermediate occupations,34
E05011477,Purley Oaks & Riddlesdown,3,Mixed or Multiple ethnic groups,4,L8 and L9: Small employers and own account workers,22
E05011477,Purley Oaks & Riddlesdown,3,Mixed or Multiple ethnic groups,5,L10 and L11: Lower supervisory and technical occupations,14
E05011477,Purley Oaks & Riddlesdown,3,Mixed or Multiple ethnic groups,6,L12: Semi-routine occupations,23
E05011477,Purley Oaks & Riddlesdown,3,Mixed or Multiple ethnic groups,7,L13: Routine occupations,13
E05011477,Purley Oaks & Riddlesdown,3,Mixed or Multiple ethnic groups,8,L14.1 and L14.2: Never worked and long-term unemployed,17
E05011477,Purley Oaks & Riddlesdown,3,Mixed or Multiple ethnic groups,9,L15: Full-time students,51
E05011477,Purley Oaks & Riddlesdown,4,"White: English, Welsh, Scottish, Northern Irish or British",-8,Does not apply,773
E05011477,Purley Oaks & Riddlesdown,4,"White: English, Welsh, Scottish, Northern Irish or British",1,"L1, L2 and L3: Higher managerial, administrative and professional occupations",829
E05011477,Purley Oaks & Riddlesdown,4,"White: English, Welsh, Scottish, Northern Irish or British",2,"L4, L5 and L6: Lower managerial, administrative and professional occupations",1080
E05011477,Purley Oaks & Riddlesdown,4,"White: English, Welsh, Scottish, Northern Irish or British",3,L7: Intermediate occupations,603
E05011477,Purley Oaks & Riddlesdown,4,"White: English, Welsh, Scottish, Northern Irish or British",4,L8 and L9: Small employers and own account workers,433
E05011477,Purley Oaks & Riddlesdown,4,"White: English, Welsh, Scottish, Northern Irish or British",5,L10 and L11: Lower supervisory and technical occupations,150
E05011477,Purley Oaks & Riddlesdown,4,"White: English, Welsh, Scottish, Northern Irish or British",6,L12: Semi-routine occupations,291
E05011477,Purley Oaks & Riddlesdown,4,"White: English, Welsh, Scottish, Northern Irish or British",7,L13: Routine occupations,194
E05011477,Purley Oaks & Riddlesdown,4,"White: English, Welsh, Scottish, Northern Irish or British",8,L14.1 and L14.2: Never worked and long-term unemployed,237
E05011477,Purley Oaks & Riddlesdown,4,"White: English, Welsh, Scottish, Northern Irish or British",9,L15: Full-time students,184
E05011477,Purley Oaks & Riddlesdown,5,White: Irish,-8,Does not apply,11
E05011477,Purley Oaks & Riddlesdown,5,White: Irish,1,"L1, L2 and L3: Higher managerial, administrative and professional occupations",28
E05011477,Purley Oaks & Riddlesdown,5,White: Irish,2,"L4, L5 and L6: Lower managerial, administrative and professional occupations",42
E05011477,Purley Oaks & Riddlesdown,5,White: Irish,3,L7: Intermediate occupations,20
E05011477,Purley Oaks & Riddlesdown,5,White: Irish,4,L8 and L9: Small employers and own account workers,17
E05011477,Purley Oaks & Riddlesdown,5,White: Irish,5,L10 and L11: Lower supervisory and technical occupations,5
E05011477,Purley Oaks & Riddlesdown,5,White: Irish,6,L12: Semi-routine occupations,10
E05011477,Purley Oaks & Riddlesdown,5,White: Irish,7,L13: Routine occupations,3
E05011477,Purley Oaks & Riddlesdown,5,White: Irish,8,L14.1 and L14.2: Never worked and long-term unemployed,13
E05011477,Purley Oaks & Riddlesdown,5,White: Irish,9,L15: Full-time students,6
E05011477,Purley Oaks & Riddlesdown,6,"White: Gypsy or Irish Traveller, Roma or Other White",-8,Does not apply,100
E05011477,Purley Oaks & Riddlesdown,6,"White: Gypsy or Irish Traveller, Roma or Other White",1,"L1, L2 and L3: Higher managerial, administrative and professional occupations",124
E05011477,Purley Oaks & Riddlesdown,6,"White: Gypsy or Irish Traveller, Roma or Other White",2,"L4, L5 and L6: Lower managerial, administrative and professional occupations",144
E05011477,Purley Oaks & Riddlesdown,6,"White: Gypsy or Irish Traveller, Roma or Other White",3,L7: Intermediate occupations,92
E05011477,Purley Oaks & Riddlesdown,6,"White: Gypsy or Irish Traveller, Roma or Other White",4,L8 and L9: Small employers and own account workers,116
E05011477,Purley Oaks & Riddlesdown,6,"White: Gypsy or Irish Traveller, Roma or Other White",5,L10 and L11: Lower supervisory and technical occupations,21
E05011477,Purley Oaks & Riddlesdown,6,"White: Gypsy or Irish Traveller, Roma or Other White",6,L12: Semi-routine occupations,44
E05011477,Purley Oaks & Riddlesdown,6,"White: Gypsy or Irish Traveller, Roma or Other White",7,L13: Routine occupations,50
E05011477,Purley Oaks & Riddlesdown,6,"White: Gypsy or Irish Traveller, Roma or Other White",8,L14.1 and L14.2: Never worked and long-term unemployed,39
E05011477,Purley Oaks & Riddlesdown,6,"White: Gypsy or Irish Traveller, Roma or Other White",9,L15: Full-time students,32
E05011477,Purley Oaks & Riddlesdown,7,Other ethnic group,-8,Does not apply,42
E05011477,Purley Oaks & Riddlesdown,7,Other ethnic group,1,"L1, L2 and L3: Higher managerial, administrative and professional occupations",26
E05011477,Purley Oaks & Riddlesdown,7,Other ethnic group,2,"L4, L5 and L6: Lower managerial, administrative and professional occupations",43
E05011477,Purley Oaks & Riddlesdown,7,Other ethnic group,3,L7: Intermediate occupations,25
E05011477,Purley Oaks & Riddlesdown,7,Other ethnic group,4,L8 and L9: Small employers and own account workers,26
E05011477,Purley Oaks & Riddlesdown,7,Other ethnic group,5,L10 and L11: Lower supervisory and technical occupations,10
E05011477,Purley Oaks & Riddlesdown,7,Other ethnic group,6,L12: Semi-routine occupations,18
E05011477,Purley Oaks & Riddlesdown,7,Other ethnic group,7,L13: Routine occupations,15
E05011477,Purley Oaks & Riddlesdown,7,Other ethnic group,8,L14.1 and L14.2: Never worked and long-term unemployed,21
E05011477,Purley Oaks & Riddlesdown,7,Other ethnic group,9,L15: Full-time students,15
E05011478,Sanderstead,-8,Does not apply,-8,Does not apply,0
E05011478,Sanderstead,-8,Does not apply,1,"L1, L2 and L3: Higher managerial, administrative and professional occupations",0
E05011478,Sanderstead,-8,Does not apply,2,"L4, L5 and L6: Lower managerial, administrative and professional occupations",0
E05011478,Sanderstead,-8,Does not apply,3,L7: Intermediate occupations,0
E05011478,Sanderstead,-8,Does not apply,4,L8 and L9: Small employers and own account workers,0
E05011478,Sanderstead,-8,Does not apply,5,L10 and L11: Lower supervisory and technical occupations,0
E05011478,Sanderstead,-8,Does not apply,6,L12: Semi-routine occupations,0
E05011478,Sanderstead,-8,Does not apply,7,L13: Routine occupations,0
E05011478,Sanderstead,-8,Does not apply,8,L14.1 and L14.2: Never worked and long-term unemployed,0
E05011478,Sanderstead,-8,Does not apply,9,L15: Full-time students,0
E05011478,Sanderstead,1,"Asian, Asian British or Asian Welsh",-8,Does not apply,488
E05011478,Sanderstead,1,"Asian, Asian British or Asian Welsh",1,"L1, L2 and L3: Higher managerial, administrative and professional occupations",486
E05011478,Sanderstead,1,"Asian, Asian British or Asian Welsh",2,"L4, L5 and L6: Lower managerial, administrative and professional occupations",395
E05011478,Sanderstead,1,"Asian, Asian British or Asian Welsh",3,L7: Intermediate occupations,201
E05011478,Sanderstead,1,"Asian, Asian British or Asian Welsh",4,L8 and L9: Small employers and own account workers,178
E05011478,Sanderstead,1,"Asian, Asian British or Asian Welsh",5,L10 and L11: Lower supervisory and technical occupations,32
E05011478,Sanderstead,1,"Asian, Asian British or Asian Welsh",6,L12: Semi-routine occupations,93
E05011478,Sanderstead,1,"Asian, Asian British or Asian Welsh",7,L13: Routine occupations,40
E05011478,Sanderstead,1,"Asian, Asian British or Asian Welsh",8,L14.1 and L14.2: Never worked and long-term unemployed,166
E05011478,Sanderstead,1,"Asian, Asian British or Asian Welsh",9,L15: Full-time students,112
E05011478,Sanderstead,2,"Black, Black British, Black Welsh, Caribbean or African",-8,Does not apply,186
E05011478,Sanderstead,2,"Black, Black British, Black Welsh, Caribbean or African",1,"L1, L2 and L3: Higher managerial, administrative and professional occupations",143
E05011478,Sanderstead,2,"Black, Black British, Black Welsh, Caribbean or African",2,"L4, L5 and L6: Lower managerial, administrative and professional occupations",217
E05011478,Sanderstead,2,"Black, Black British, Black Welsh, Caribbean or African",3,L7: Intermediate occupations,75
E05011478,Sanderstead,2,"Black, Black British, Black Welsh, Caribbean or African",4,L8 and L9: Small employers and own account workers,87
E05011478,Sanderstead,2,"Black, Black British, Black Welsh, Caribbean or African",5,L10 and L11: Lower supervisory and technical occupations,35
E05011478,Sanderstead,2,"Black, Black British, Black Welsh, Caribbean or African",6,L12: Semi-routine occupations,79
E05011478,Sanderstead,2,"Black, Black British, Black Welsh, Caribbean or African",7,L13: Routine occupations,47
E05011478,Sanderstead,2,"Black, Black British, Black Welsh, Caribbean or African",8,L14.1 and L14.2: Never worked and long-term unemployed,59
E05011478,Sanderstead,2,"Black, Black British, Black Welsh, Caribbean or African",9,L15: Full-time students,107
E05011478,Sanderstead,3,Mixed or Multiple ethnic groups,-8,Does not apply,503
E05011478,Sanderstead,3,Mixed or Multiple ethnic groups,1,"L1, L2 and L3: Higher managerial, administrative and professional occupations",96
E05011478,Sanderstead,3,Mixed or Multiple ethnic groups,2,"L4, L5 and L6: Lower managerial, administrative and professional occupations",115
E05011478,Sanderstead,3,Mixed or Multiple ethnic groups,3,L7: Intermediate occupations,54
E05011478,Sanderstead,3,Mixed or Multiple ethnic groups,4,L8 and L9: Small employers and own account workers,42
E05011478,Sanderstead,3,Mixed or Multiple ethnic groups,5,L10 and L11: Lower supervisory and technical occupations,18
E05011478,Sanderstead,3,Mixed or Multiple ethnic groups,6,L12: Semi-routine occupations,40
E05011478,Sanderstead,3,Mixed or Multiple ethnic groups,7,L13: Routine occupations,24
E05011478,Sanderstead,3,Mixed or Multiple ethnic groups,8,L14.1 and L14.2: Never worked and long-term unemployed,30
E05011478,Sanderstead,3,Mixed or Multiple ethnic groups,9,L15: Full-time students,70
E05011478,Sanderstead,4,"White: English, Welsh, Scottish, Northern Irish or British",-8,Does not apply,1676
E05011478,Sanderstead,4,"White: English, Welsh, Scottish, Northern Irish or British",1,"L1, L2 and L3: Higher managerial, administrative and professional occupations",1811
E05011478,Sanderstead,4,"White: English, Welsh, Scottish, Northern Irish or British",2,"L4, L5 and L6: Lower managerial, administrative and professional occupations",2204
E05011478,Sanderstead,4,"White: English, Welsh, Scottish, Northern Irish or British",3,L7: Intermediate occupations,1321
E05011478,Sanderstead,4,"White: English, Welsh, Scottish, Northern Irish or British",4,L8 and L9: Small employers and own account workers,1041
E05011478,Sanderstead,4,"White: English, Welsh, Scottish, Northern Irish or British",5,L10 and L11: Lower supervisory and technical occupations,317
E05011478,Sanderstead,4,"White: English, Welsh, Scottish, Northern Irish or British",6,L12: Semi-routine occupations,655
E05011478,Sanderstead,4,"White: English, Welsh, Scottish, Northern Irish or British",7,L13: Routine occupations,422
E05011478,Sanderstead,4,"White: English, Welsh, Scottish, Northern Irish or British",8,L14.1 and L14.2: Never worked and long-term unemployed,455
E05011478,Sanderstead,4,"White: English, Welsh, Scottish, Northern Irish or British",9,L15: Full-time students,340
E05011478,Sanderstead,5,White: Irish,-8,Does not apply,14
E05011478,Sanderstead,5,White: Irish,1,"L1, L2 and L3: Higher managerial, administrative and professional occupations",44
E05011478,Sanderstead,5,White: Irish,2,"L4, L5 and L6: Lower managerial, administrative and professional occupations",63
E05011478,Sanderstead,5,White: Irish,3,L7: Intermediate occupations,23
E05011478,Sanderstead,5,White: Irish,4,L8 and L9: Small employers and own account workers,29
E05011478,Sanderstead,5,White: Irish,5,L10 and L11: Lower supervisory and technical occupations,6
E05011478,Sanderstead,5,White: Irish,6,L12: Semi-routine occupations,15
E05011478,Sanderstead,5,White: Irish,7,L13: Routine occupations,13
E05011478,Sanderstead,5,White: Irish,8,L14.1 and L14.2: Never worked and long-term unemployed,23
E05011478,Sanderstead,5,White: Irish,9,L15: Full-time students,2
E05011478,Sanderstead,6,"White: Gypsy or Irish Traveller, Roma or Other White",-8,Does not apply,88
E05011478,Sanderstead,6,"White: Gypsy or Irish Traveller, Roma or Other White",1,"L1, L2 and L3: Higher managerial, administrative and professional occupations",152
E05011478,Sanderstead,6,"White: Gypsy or Irish Traveller, Roma or Other White",2,"L4, L5 and L6: Lower managerial, administrative and professional occupations",154
E05011478,Sanderstead,6,"White: Gypsy or Irish Traveller, Roma or Other White",3,L7: Intermediate occupations,83
E05011478,Sanderstead,6,"White: Gypsy or Irish Traveller, Roma or Other White",4,L8 and L9: Small employers and own account workers,114
E05011478,Sanderstead,6,"White: Gypsy or Irish Traveller, Roma or Other White",5,L10 and L11: Lower supervisory and technical occupations,23
E05011478,Sanderstead,6,"White: Gypsy or Irish Traveller, Roma or Other White",6,L12: Semi-routine occupations,43
E05011478,Sanderstead,6,"White: Gypsy or Irish Traveller, Roma or Other White",7,L13: Routine occupations,42
E05011478,Sanderstead,6,"White: Gypsy or Irish Traveller, Roma or Other White",8,L14.1 and L14.2: Never worked and long-term unemployed,35
E05011478,Sanderstead,6,"White: Gypsy or Irish Traveller, Roma or Other White",9,L15: Full-time students,40
E05011478,Sanderstead,7,Other ethnic group,-8,Does not apply,45
E05011478,Sanderstead,7,Other ethnic group,1,"L1, L2 and L3: Higher managerial, administrative and professional occupations",48
E05011478,Sanderstead,7,Other ethnic group,2,"L4, L5 and L6: Lower managerial, administrative and professional occupations",52
E05011478,Sanderstead,7,Other ethnic group,3,L7: Intermediate occupations,26
E05011478,Sanderstead,7,Other ethnic group,4,L8 and L9: Small employers and own account workers,42
E05011478,Sanderstead,7,Other ethnic group,5,L10 and L11: Lower supervisory and technical occupations,15
E05011478,Sanderstead,7,Other ethnic group,6,L12: Semi-routine occupations,18
E05011478,Sanderstead,7,Other ethnic group,7,L13: Routine occupations,12
E05011478,Sanderstead,7,Other ethnic group,8,L14.1 and L14.2: Never worked and long-term unemployed,30
E05011478,Sanderstead,7,Other ethnic group,9,L15: Full-time students,19
E05011479,Selhurst,-8,Does not apply,-8,Does not apply,0
E05011479,Selhurst,-8,Does not apply,1,"L1, L2 and L3: Higher managerial, administrative and professional occupations",0
E05011479,Selhurst,-8,Does not apply,2,"L4, L5 and L6: Lower managerial, administrative and professional occupations",0
E05011479,Selhurst,-8,Does not apply,3,L7: Intermediate occupations,0
E05011479,Selhurst,-8,Does not apply,4,L8 and L9: Small employers and own account workers,0
E05011479,Selhurst,-8,Does not apply,5,L10 and L11: Lower supervisory and technical occupations,0
E05011479,Selhurst,-8,Does not apply,6,L12: Semi-routine occupations,0
E05011479,Selhurst,-8,Does not apply,7,L13: Routine occupations,0
E05011479,Selhurst,-8,Does not apply,8,L14.1 and L14.2: Never worked and long-term unemployed,0
E05011479,Selhurst,-8,Does not apply,9,L15: Full-time students,0
E05011479,Selhurst,1,"Asian, Asian British or Asian Welsh",-8,Does not apply,533
E05011479,Selhurst,1,"Asian, Asian British or Asian Welsh",1,"L1, L2 and L3: Higher managerial, administrative and professional occupations",166
E05011479,Selhurst,1,"Asian, Asian British or Asian Welsh",2,"L4, L5 and L6: Lower managerial, administrative and professional occupations",279
E05011479,Selhurst,1,"Asian, Asian British or Asian Welsh",3,L7: Intermediate occupations,234
E05011479,Selhurst,1,"Asian, Asian British or Asian Welsh",4,L8 and L9: Small employers and own account workers,186
E05011479,Selhurst,1,"Asian, Asian British or Asian Welsh",5,L10 and L11: Lower supervisory and technical occupations,88
E05011479,Selhurst,1,"Asian, Asian British or Asian Welsh",6,L12: Semi-routine occupations,241
E05011479,Selhurst,1,"Asian, Asian British or Asian Welsh",7,L13: Routine occupations,177
E05011479,Selhurst,1,"Asian, Asian British or Asian Welsh",8,L14.1 and L14.2: Never worked and long-term unemployed,290
E05011479,Selhurst,1,"Asian, Asian British or Asian Welsh",9,L15: Full-time students,254
E05011479,Selhurst,2,"Black, Black British, Black Welsh, Caribbean or African",-8,Does not apply,1241
E05011479,Selhurst,2,"Black, Black British, Black Welsh, Caribbean or African",1,"L1, L2 and L3: Higher managerial, administrative and professional occupations",251
E05011479,Selhurst,2,"Black, Black British, Black Welsh, Caribbean or African",2,"L4, L5 and L6: Lower managerial, administrative and professional occupations",646
E05011479,Selhurst,2,"Black, Black British, Black Welsh, Caribbean or African",3,L7: Intermediate occupations,409
E05011479,Selhurst,2,"Black, Black British, Black Welsh, Caribbean or African",4,L8 and L9: Small employers and own account workers,242
E05011479,Selhurst,2,"Black, Black British, Black Welsh, Caribbean or African",5,L10 and L11: Lower supervisory and technical occupations,137
E05011479,Selhurst,2,"Black, Black British, Black Welsh, Caribbean or African",6,L12: Semi-routine occupations,508
E05011479,Selhurst,2,"Black, Black British, Black Welsh, Caribbean or African",7,L13: Routine occupations,407
E05011479,Selhurst,2,"Black, Black British, Black Welsh, Caribbean or African",8,L14.1 and L14.2: Never worked and long-term unemployed,428
E05011479,Selhurst,2,"Black, Black British, Black Welsh, Caribbean or African",9,L15: Full-time students,435
E05011479,Selhurst,3,Mixed or Multiple ethnic groups,-8,Does not apply,553
E05011479,Selhurst,3,Mixed or Multiple ethnic groups,1,"L1, L2 and L3: Higher managerial, administrative and professional occupations",46
E05011479,Selhurst,3,Mixed or Multiple ethnic groups,2,"L4, L5 and L6: Lower managerial, administrative and professional occupations",114
E05011479,Selhurst,3,Mixed or Multiple ethnic groups,3,L7: Intermediate occupations,66
E05011479,Selhurst,3,Mixed or Multiple ethnic groups,4,L8 and L9: Small employers and own account workers,48
E05011479,Selhurst,3,Mixed or Multiple ethnic groups,5,L10 and L11: Lower supervisory and technical occupations,24
E05011479,Selhurst,3,Mixed or Multiple ethnic groups,6,L12: Semi-routine occupations,86
E05011479,Selhurst,3,Mixed or Multiple ethnic groups,7,L13: Routine occupations,75
E05011479,Selhurst,3,Mixed or Multiple ethnic groups,8,L14.1 and L14.2: Never worked and long-term unemployed,77
E05011479,Selhurst,3,Mixed or Multiple ethnic groups,9,L15: Full-time students,89
E05011479,Selhurst,4,"White: English, Welsh, Scottish, Northern Irish or British",-8,Does not apply,402
E05011479,Selhurst,4,"White: English, Welsh, Scottish, Northern Irish or British",1,"L1, L2 and L3: Higher managerial, administrative and professional occupations",292
E05011479,Selhurst,4,"White: English, Welsh, Scottish, Northern Irish or British",2,"L4, L5 and L6: Lower managerial, administrative and professional occupations",419
E05011479,Selhurst,4,"White: English, Welsh, Scottish, Northern Irish or British",3,L7: Intermediate occupations,255
E05011479,Selhurst,4,"White: English, Welsh, Scottish, Northern Irish or British",4,L8 and L9: Small employers and own account workers,248
E05011479,Selhurst,4,"White: English, Welsh, Scottish, Northern Irish or British",5,L10 and L11: Lower supervisory and technical occupations,136
E05011479,Selhurst,4,"White: English, Welsh, Scottish, Northern Irish or British",6,L12: Semi-routine occupations,254
E05011479,Selhurst,4,"White: English, Welsh, Scottish, Northern Irish or British",7,L13: Routine occupations,306
E05011479,Selhurst,4,"White: English, Welsh, Scottish, Northern Irish or British",8,L14.1 and L14.2: Never worked and long-term unemployed,291
E05011479,Selhurst,4,"White: English, Welsh, Scottish, Northern Irish or British",9,L15: Full-time students,83
E05011479,Selhurst,5,White: Irish,-8,Does not apply,7
E05011479,Selhurst,5,White: Irish,1,"L1, L2 and L3: Higher managerial, administrative and professional occupations",19
E05011479,Selhurst,5,White: Irish,2,"L4, L5 and L6: Lower managerial, administrative and professional occupations",24
E05011479,Selhurst,5,White: Irish,3,L7: Intermediate occupations,7
E05011479,Selhurst,5,White: Irish,4,L8 and L9: Small employers and own account workers,13
E05011479,Selhurst,5,White: Irish,5,L10 and L11: Lower supervisory and technical occupations,12
E05011479,Selhurst,5,White: Irish,6,L12: Semi-routine occupations,16
E05011479,Selhurst,5,White: Irish,7,L13: Routine occupations,8
E05011479,Selhurst,5,White: Irish,8,L14.1 and L14.2: Never worked and long-term unemployed,6
E05011479,Selhurst,5,White: Irish,9,L15: Full-time students,4
E05011479,Selhurst,6,"White: Gypsy or Irish Traveller, Roma or Other White",-8,Does not apply,215
E05011479,Selhurst,6,"White: Gypsy or Irish Traveller, Roma or Other White",1,"L1, L2 and L3: Higher managerial, administrative and professional occupations",79
E05011479,Selhurst,6,"White: Gypsy or Irish Traveller, Roma or Other White",2,"L4, L5 and L6: Lower managerial, administrative and professional occupations",169
E05011479,Selhurst,6,"White: Gypsy or Irish Traveller, Roma or Other White",3,L7: Intermediate occupations,60
E05011479,Selhurst,6,"White: Gypsy or Irish Traveller, Roma or Other White",4,L8 and L9: Small employers and own account workers,297
E05011479,Selhurst,6,"White: Gypsy or Irish Traveller, Roma or Other White",5,L10 and L11: Lower supervisory and technical occupations,86
E05011479,Selhurst,6,"White: Gypsy or Irish Traveller, Roma or Other White",6,L12: Semi-routine occupations,91
E05011479,Selhurst,6,"White: Gypsy or Irish Traveller, Roma or Other White",7,L13: Routine occupations,198
E05011479,Selhurst,6,"White: Gypsy or Irish Traveller, Roma or Other White",8,L14.1 and L14.2: Never worked and long-term unemployed,79
E05011479,Selhurst,6,"White: Gypsy or Irish Traveller, Roma or Other White",9,L15: Full-time students,73
E05011479,Selhurst,7,Other ethnic group,-8,Does not apply,150
E05011479,Selhurst,7,Other ethnic group,1,"L1, L2 and L3: Higher managerial, administrative and professional occupations",41
E05011479,Selhurst,7,Other ethnic group,2,"L4, L5 and L6: Lower managerial, administrative and professional occupations",80
E05011479,Selhurst,7,Other ethnic group,3,L7: Intermediate occupations,43
E05011479,Selhurst,7,Other ethnic group,4,L8 and L9: Small employers and own account workers,54
E05011479,Selhurst,7,Other ethnic group,5,L10 and L11: Lower supervisory and technical occupations,25
E05011479,Selhurst,7,Other ethnic group,6,L12: Semi-routine occupations,66
E05011479,Selhurst,7,Other ethnic group,7,L13: Routine occupations,67
E05011479,Selhurst,7,Other ethnic group,8,L14.1 and L14.2: Never worked and long-term unemployed,92
E05011479,Selhurst,7,Other ethnic group,9,L15: Full-time students,87
E05011480,Selsdon & Addington Village,-8,Does not apply,-8,Does not apply,0
E05011480,Selsdon & Addington Village,-8,Does not apply,1,"L1, L2 and L3: Higher managerial, administrative and professional occupations",0
E05011480,Selsdon & Addington Village,-8,Does not apply,2,"L4, L5 and L6: Lower managerial, administrative and professional occupations",0
E05011480,Selsdon & Addington Village,-8,Does not apply,3,L7: Intermediate occupations,0
E05011480,Selsdon & Addington Village,-8,Does not apply,4,L8 and L9: Small employers and own account workers,0
E05011480,Selsdon & Addington Village,-8,Does not apply,5,L10 and L11: Lower supervisory and technical occupations,0
E05011480,Selsdon & Addington Village,-8,Does not apply,6,L12: Semi-routine occupations,0
E05011480,Selsdon & Addington Village,-8,Does not apply,7,L13: Routine occupations,0
E05011480,Selsdon & Addington Village,-8,Does not apply,8,L14.1 and L14.2: Never worked and long-term unemployed,0
E05011480,Selsdon & Addington Village,-8,Does not apply,9,L15: Full-time students,0
E05011480,Selsdon & Addington Village,1,"Asian, Asian British or Asian Welsh",-8,Does not apply,355
E05011480,Selsdon & Addington Village,1,"Asian, Asian British or Asian Welsh",1,"L1, L2 and L3: Higher managerial, administrative and professional occupations",287
E05011480,Selsdon & Addington Village,1,"Asian, Asian British or Asian Welsh",2,"L4, L5 and L6: Lower managerial, administrative and professional occupations",277
E05011480,Selsdon & Addington Village,1,"Asian, Asian British or Asian Welsh",3,L7: Intermediate occupations,148
E05011480,Selsdon & Addington Village,1,"Asian, Asian British or Asian Welsh",4,L8 and L9: Small employers and own account workers,167
E05011480,Selsdon & Addington Village,1,"Asian, Asian British or Asian Welsh",5,L10 and L11: Lower supervisory and technical occupations,38
E05011480,Selsdon & Addington Village,1,"Asian, Asian British or Asian Welsh",6,L12: Semi-routine occupations,87
E05011480,Selsdon & Addington Village,1,"Asian, Asian British or Asian Welsh",7,L13: Routine occupations,52
E05011480,Selsdon & Addington Village,1,"Asian, Asian British or Asian Welsh",8,L14.1 and L14.2: Never worked and long-term unemployed,110
E05011480,Selsdon & Addington Village,1,"Asian, Asian British or Asian Welsh",9,L15: Full-time students,110
E05011480,Selsdon & Addington Village,2,"Black, Black British, Black Welsh, Caribbean or African",-8,Does not apply,323
E05011480,Selsdon & Addington Village,2,"Black, Black British, Black Welsh, Caribbean or African",1,"L1, L2 and L3: Higher managerial, administrative and professional occupations",157
E05011480,Selsdon & Addington Village,2,"Black, Black British, Black Welsh, Caribbean or African",2,"L4, L5 and L6: Lower managerial, administrative and professional occupations",250
E05011480,Selsdon & Addington Village,2,"Black, Black British, Black Welsh, Caribbean or African",3,L7: Intermediate occupations,124
E05011480,Selsdon & Addington Village,2,"Black, Black British, Black Welsh, Caribbean or African",4,L8 and L9: Small employers and own account workers,97
E05011480,Selsdon & Addington Village,2,"Black, Black British, Black Welsh, Caribbean or African",5,L10 and L11: Lower supervisory and technical occupations,37
E05011480,Selsdon & Addington Village,2,"Black, Black British, Black Welsh, Caribbean or African",6,L12: Semi-routine occupations,128
E05011480,Selsdon & Addington Village,2,"Black, Black British, Black Welsh, Caribbean or African",7,L13: Routine occupations,87
E05011480,Selsdon & Addington Village,2,"Black, Black British, Black Welsh, Caribbean or African",8,L14.1 and L14.2: Never worked and long-term unemployed,82
E05011480,Selsdon & Addington Village,2,"Black, Black British, Black Welsh, Caribbean or African",9,L15: Full-time students,142
E05011480,Selsdon & Addington Village,3,Mixed or Multiple ethnic groups,-8,Does not apply,257
E05011480,Selsdon & Addington Village,3,Mixed or Multiple ethnic groups,1,"L1, L2 and L3: Higher managerial, administrative and professional occupations",46
E05011480,Selsdon & Addington Village,3,Mixed or Multiple ethnic groups,2,"L4, L5 and L6: Lower managerial, administrative and professional occupations",93
E05011480,Selsdon & Addington Village,3,Mixed or Multiple ethnic groups,3,L7: Intermediate occupations,39
E05011480,Selsdon & Addington Village,3,Mixed or Multiple ethnic groups,4,L8 and L9: Small employers and own account workers,28
E05011480,Selsdon & Addington Village,3,Mixed or Multiple ethnic groups,5,L10 and L11: Lower supervisory and technical occupations,21
E05011480,Selsdon & Addington Village,3,Mixed or Multiple ethnic groups,6,L12: Semi-routine occupations,22
E05011480,Selsdon & Addington Village,3,Mixed or Multiple ethnic groups,7,L13: Routine occupations,20
E05011480,Selsdon & Addington Village,3,Mixed or Multiple ethnic groups,8,L14.1 and L14.2: Never worked and long-term unemployed,20
E05011480,Selsdon & Addington Village,3,Mixed or Multiple ethnic groups,9,L15: Full-time students,50
E05011480,Selsdon & Addington Village,4,"White: English, Welsh, Scottish, Northern Irish or British",-8,Does not apply,735
E05011480,Selsdon & Addington Village,4,"White: English, Welsh, Scottish, Northern Irish or British",1,"L1, L2 and L3: Higher managerial, administrative and professional occupations",658
E05011480,Selsdon & Addington Village,4,"White: English, Welsh, Scottish, Northern Irish or British",2,"L4, L5 and L6: Lower managerial, administrative and professional occupations",1054
E05011480,Selsdon & Addington Village,4,"White: English, Welsh, Scottish, Northern Irish or British",3,L7: Intermediate occupations,757
E05011480,Selsdon & Addington Village,4,"White: English, Welsh, Scottish, Northern Irish or British",4,L8 and L9: Small employers and own account workers,570
E05011480,Selsdon & Addington Village,4,"White: English, Welsh, Scottish, Northern Irish or British",5,L10 and L11: Lower supervisory and technical occupations,210
E05011480,Selsdon & Addington Village,4,"White: English, Welsh, Scottish, Northern Irish or British",6,L12: Semi-routine occupations,471
E05011480,Selsdon & Addington Village,4,"White: English, Welsh, Scottish, Northern Irish or British",7,L13: Routine occupations,344
E05011480,Selsdon & Addington Village,4,"White: English, Welsh, Scottish, Northern Irish or British",8,L14.1 and L14.2: Never worked and long-term unemployed,321
E05011480,Selsdon & Addington Village,4,"White: English, Welsh, Scottish, Northern Irish or British",9,L15: Full-time students,185
E05011480,Selsdon & Addington Village,5,White: Irish,-8,Does not apply,3
E05011480,Selsdon & Addington Village,5,White: Irish,1,"L1, L2 and L3: Higher managerial, administrative and professional occupations",14
E05011480,Selsdon & Addington Village,5,White: Irish,2,"L4, L5 and L6: Lower managerial, administrative and professional occupations",29
E05011480,Selsdon & Addington Village,5,White: Irish,3,L7: Intermediate occupations,28
E05011480,Selsdon & Addington Village,5,White: Irish,4,L8 and L9: Small employers and own account workers,13
E05011480,Selsdon & Addington Village,5,White: Irish,5,L10 and L11: Lower supervisory and technical occupations,4
E05011480,Selsdon & Addington Village,5,White: Irish,6,L12: Semi-routine occupations,16
E05011480,Selsdon & Addington Village,5,White: Irish,7,L13: Routine occupations,4
E05011480,Selsdon & Addington Village,5,White: Irish,8,L14.1 and L14.2: Never worked and long-term unemployed,6
E05011480,Selsdon & Addington Village,5,White: Irish,9,L15: Full-time students,3
E05011480,Selsdon & Addington Village,6,"White: Gypsy or Irish Traveller, Roma or Other White",-8,Does not apply,86
E05011480,Selsdon & Addington Village,6,"White: Gypsy or Irish Traveller, Roma or Other White",1,"L1, L2 and L3: Higher managerial, administrative and professional occupations",61
E05011480,Selsdon & Addington Village,6,"White: Gypsy or Irish Traveller, Roma or Other White",2,"L4, L5 and L6: Lower managerial, administrative and professional occupations",109
E05011480,Selsdon & Addington Village,6,"White: Gypsy or Irish Traveller, Roma or Other White",3,L7: Intermediate occupations,55
E05011480,Selsdon & Addington Village,6,"White: Gypsy or Irish Traveller, Roma or Other White",4,L8 and L9: Small employers and own account workers,91
E05011480,Selsdon & Addington Village,6,"White: Gypsy or Irish Traveller, Roma or Other White",5,L10 and L11: Lower supervisory and technical occupations,25
E05011480,Selsdon & Addington Village,6,"White: Gypsy or Irish Traveller, Roma or Other White",6,L12: Semi-routine occupations,40
E05011480,Selsdon & Addington Village,6,"White: Gypsy or Irish Traveller, Roma or Other White",7,L13: Routine occupations,47
E05011480,Selsdon & Addington Village,6,"White: Gypsy or Irish Traveller, Roma or Other White",8,L14.1 and L14.2: Never worked and long-term unemployed,25
E05011480,Selsdon & Addington Village,6,"White: Gypsy or Irish Traveller, Roma or Other White",9,L15: Full-time students,36
E05011480,Selsdon & Addington Village,7,Other ethnic group,-8,Does not apply,43
E05011480,Selsdon & Addington Village,7,Other ethnic group,1,"L1, L2 and L3: Higher managerial, administrative and professional occupations",35
E05011480,Selsdon & Addington Village,7,Other ethnic group,2,"L4, L5 and L6: Lower managerial, administrative and professional occupations",49
E05011480,Selsdon & Addington Village,7,Other ethnic group,3,L7: Intermediate occupations,34
E05011480,Selsdon & Addington Village,7,Other ethnic group,4,L8 and L9: Small employers and own account workers,26
E05011480,Selsdon & Addington Village,7,Other ethnic group,5,L10 and L11: Lower supervisory and technical occupations,8
E05011480,Selsdon & Addington Village,7,Other ethnic group,6,L12: Semi-routine occupations,22
E05011480,Selsdon & Addington Village,7,Other ethnic group,7,L13: Routine occupations,12
E05011480,Selsdon & Addington Village,7,Other ethnic group,8,L14.1 and L14.2: Never worked and long-term unemployed,28
E05011480,Selsdon & Addington Village,7,Other ethnic group,9,L15: Full-time students,17
E05011481,Selsdon Vale & Forestdale,-8,Does not apply,-8,Does not apply,0
E05011481,Selsdon Vale & Forestdale,-8,Does not apply,1,"L1, L2 and L3: Higher managerial, administrative and professional occupations",0
E05011481,Selsdon Vale & Forestdale,-8,Does not apply,2,"L4, L5 and L6: Lower managerial, administrative and professional occupations",0
E05011481,Selsdon Vale & Forestdale,-8,Does not apply,3,L7: Intermediate occupations,0
E05011481,Selsdon Vale & Forestdale,-8,Does not apply,4,L8 and L9: Small employers and own account workers,0
E05011481,Selsdon Vale & Forestdale,-8,Does not apply,5,L10 and L11: Lower supervisory and technical occupations,0
E05011481,Selsdon Vale & Forestdale,-8,Does not apply,6,L12: Semi-routine occupations,0
E05011481,Selsdon Vale & Forestdale,-8,Does not apply,7,L13: Routine occupations,0
E05011481,Selsdon Vale & Forestdale,-8,Does not apply,8,L14.1 and L14.2: Never worked and long-term unemployed,0
E05011481,Selsdon Vale & Forestdale,-8,Does not apply,9,L15: Full-time students,0
E05011481,Selsdon Vale & Forestdale,1,"Asian, Asian British or Asian Welsh",-8,Does not apply,219
E05011481,Selsdon Vale & Forestdale,1,"Asian, Asian British or Asian Welsh",1,"L1, L2 and L3: Higher managerial, administrative and professional occupations",187
E05011481,Selsdon Vale & Forestdale,1,"Asian, Asian British or Asian Welsh",2,"L4, L5 and L6: Lower managerial, administrative and professional occupations",179
E05011481,Selsdon Vale & Forestdale,1,"Asian, Asian British or Asian Welsh",3,L7: Intermediate occupations,88
E05011481,Selsdon Vale & Forestdale,1,"Asian, Asian British or Asian Welsh",4,L8 and L9: Small employers and own account workers,97
E05011481,Selsdon Vale & Forestdale,1,"Asian, Asian British or Asian Welsh",5,L10 and L11: Lower supervisory and technical occupations,19
E05011481,Selsdon Vale & Forestdale,1,"Asian, Asian British or Asian Welsh",6,L12: Semi-routine occupations,52
E05011481,Selsdon Vale & Forestdale,1,"Asian, Asian British or Asian Welsh",7,L13: Routine occupations,29
E05011481,Selsdon Vale & Forestdale,1,"Asian, Asian British or Asian Welsh",8,L14.1 and L14.2: Never worked and long-term unemployed,93
E05011481,Selsdon Vale & Forestdale,1,"Asian, Asian British or Asian Welsh",9,L15: Full-time students,43
E05011481,Selsdon Vale & Forestdale,2,"Black, Black British, Black Welsh, Caribbean or African",-8,Does not apply,229
E05011481,Selsdon Vale & Forestdale,2,"Black, Black British, Black Welsh, Caribbean or African",1,"L1, L2 and L3: Higher managerial, administrative and professional occupations",84
E05011481,Selsdon Vale & Forestdale,2,"Black, Black British, Black Welsh, Caribbean or African",2,"L4, L5 and L6: Lower managerial, administrative and professional occupations",179
E05011481,Selsdon Vale & Forestdale,2,"Black, Black British, Black Welsh, Caribbean or African",3,L7: Intermediate occupations,85
E05011481,Selsdon Vale & Forestdale,2,"Black, Black British, Black Welsh, Caribbean or African",4,L8 and L9: Small employers and own account workers,56
E05011481,Selsdon Vale & Forestdale,2,"Black, Black British, Black Welsh, Caribbean or African",5,L10 and L11: Lower supervisory and technical occupations,32
E05011481,Selsdon Vale & Forestdale,2,"Black, Black British, Black Welsh, Caribbean or African",6,L12: Semi-routine occupations,89
E05011481,Selsdon Vale & Forestdale,2,"Black, Black British, Black Welsh, Caribbean or African",7,L13: Routine occupations,63
E05011481,Selsdon Vale & Forestdale,2,"Black, Black British, Black Welsh, Caribbean or African",8,L14.1 and L14.2: Never worked and long-term unemployed,52
E05011481,Selsdon Vale & Forestdale,2,"Black, Black British, Black Welsh, Caribbean or African",9,L15: Full-time students,88
E05011481,Selsdon Vale & Forestdale,3,Mixed or Multiple ethnic groups,-8,Does not apply,281
E05011481,Selsdon Vale & Forestdale,3,Mixed or Multiple ethnic groups,1,"L1, L2 and L3: Higher managerial, administrative and professional occupations",31
E05011481,Selsdon Vale & Forestdale,3,Mixed or Multiple ethnic groups,2,"L4, L5 and L6: Lower managerial, administrative and professional occupations",64
E05011481,Selsdon Vale & Forestdale,3,Mixed or Multiple ethnic groups,3,L7: Intermediate occupations,59
E05011481,Selsdon Vale & Forestdale,3,Mixed or Multiple ethnic groups,4,L8 and L9: Small employers and own account workers,30
E05011481,Selsdon Vale & Forestdale,3,Mixed or Multiple ethnic groups,5,L10 and L11: Lower supervisory and technical occupations,11
E05011481,Selsdon Vale & Forestdale,3,Mixed or Multiple ethnic groups,6,L12: Semi-routine occupations,27
E05011481,Selsdon Vale & Forestdale,3,Mixed or Multiple ethnic groups,7,L13: Routine occupations,24
E05011481,Selsdon Vale & Forestdale,3,Mixed or Multiple ethnic groups,8,L14.1 and L14.2: Never worked and long-term unemployed,28
E05011481,Selsdon Vale & Forestdale,3,Mixed or Multiple ethnic groups,9,L15: Full-time students,42
E05011481,Selsdon Vale & Forestdale,4,"White: English, Welsh, Scottish, Northern Irish or British",-8,Does not apply,1072
E05011481,Selsdon Vale & Forestdale,4,"White: English, Welsh, Scottish, Northern Irish or British",1,"L1, L2 and L3: Higher managerial, administrative and professional occupations",769
E05011481,Selsdon Vale & Forestdale,4,"White: English, Welsh, Scottish, Northern Irish or British",2,"L4, L5 and L6: Lower managerial, administrative and professional occupations",1326
E05011481,Selsdon Vale & Forestdale,4,"White: English, Welsh, Scottish, Northern Irish or British",3,L7: Intermediate occupations,1074
E05011481,Selsdon Vale & Forestdale,4,"White: English, Welsh, Scottish, Northern Irish or British",4,L8 and L9: Small employers and own account workers,601
E05011481,Selsdon Vale & Forestdale,4,"White: English, Welsh, Scottish, Northern Irish or British",5,L10 and L11: Lower supervisory and technical occupations,279
E05011481,Selsdon Vale & Forestdale,4,"White: English, Welsh, Scottish, Northern Irish or British",6,L12: Semi-routine occupations,599
E05011481,Selsdon Vale & Forestdale,4,"White: English, Welsh, Scottish, Northern Irish or British",7,L13: Routine occupations,450
E05011481,Selsdon Vale & Forestdale,4,"White: English, Welsh, Scottish, Northern Irish or British",8,L14.1 and L14.2: Never worked and long-term unemployed,281
E05011481,Selsdon Vale & Forestdale,4,"White: English, Welsh, Scottish, Northern Irish or British",9,L15: Full-time students,181
E05011481,Selsdon Vale & Forestdale,5,White: Irish,-8,Does not apply,2
E05011481,Selsdon Vale & Forestdale,5,White: Irish,1,"L1, L2 and L3: Higher managerial, administrative and professional occupations",8
E05011481,Selsdon Vale & Forestdale,5,White: Irish,2,"L4, L5 and L6: Lower managerial, administrative and professional occupations",25
E05011481,Selsdon Vale & Forestdale,5,White: Irish,3,L7: Intermediate occupations,22
E05011481,Selsdon Vale & Forestdale,5,White: Irish,4,L8 and L9: Small employers and own account workers,10
E05011481,Selsdon Vale & Forestdale,5,White: Irish,5,L10 and L11: Lower supervisory and technical occupations,1
E05011481,Selsdon Vale & Forestdale,5,White: Irish,6,L12: Semi-routine occupations,5
E05011481,Selsdon Vale & Forestdale,5,White: Irish,7,L13: Routine occupations,7
E05011481,Selsdon Vale & Forestdale,5,White: Irish,8,L14.1 and L14.2: Never worked and long-term unemployed,8
E05011481,Selsdon Vale & Forestdale,5,White: Irish,9,L15: Full-time students,8
E05011481,Selsdon Vale & Forestdale,6,"White: Gypsy or Irish Traveller, Roma or Other White",-8,Does not apply,76
E05011481,Selsdon Vale & Forestdale,6,"White: Gypsy or Irish Traveller, Roma or Other White",1,"L1, L2 and L3: Higher managerial, administrative and professional occupations",54
E05011481,Selsdon Vale & Forestdale,6,"White: Gypsy or Irish Traveller, Roma or Other White",2,"L4, L5 and L6: Lower managerial, administrative and professional occupations",102
E05011481,Selsdon Vale & Forestdale,6,"White: Gypsy or Irish Traveller, Roma or Other White",3,L7: Intermediate occupations,68
E05011481,Selsdon Vale & Forestdale,6,"White: Gypsy or Irish Traveller, Roma or Other White",4,L8 and L9: Small employers and own account workers,76
E05011481,Selsdon Vale & Forestdale,6,"White: Gypsy or Irish Traveller, Roma or Other White",5,L10 and L11: Lower supervisory and technical occupations,27
E05011481,Selsdon Vale & Forestdale,6,"White: Gypsy or Irish Traveller, Roma or Other White",6,L12: Semi-routine occupations,45
E05011481,Selsdon Vale & Forestdale,6,"White: Gypsy or Irish Traveller, Roma or Other White",7,L13: Routine occupations,42
E05011481,Selsdon Vale & Forestdale,6,"White: Gypsy or Irish Traveller, Roma or Other White",8,L14.1 and L14.2: Never worked and long-term unemployed,22
E05011481,Selsdon Vale & Forestdale,6,"White: Gypsy or Irish Traveller, Roma or Other White",9,L15: Full-time students,17
E05011481,Selsdon Vale & Forestdale,7,Other ethnic group,-8,Does not apply,41
E05011481,Selsdon Vale & Forestdale,7,Other ethnic group,1,"L1, L2 and L3: Higher managerial, administrative and professional occupations",24
E05011481,Selsdon Vale & Forestdale,7,Other ethnic group,2,"L4, L5 and L6: Lower managerial, administrative and professional occupations",34
E05011481,Selsdon Vale & Forestdale,7,Other ethnic group,3,L7: Intermediate occupations,14
E05011481,Selsdon Vale & Forestdale,7,Other ethnic group,4,L8 and L9: Small employers and own account workers,14
E05011481,Selsdon Vale & Forestdale,7,Other ethnic group,5,L10 and L11: Lower supervisory and technical occupations,9
E05011481,Selsdon Vale & Forestdale,7,Other ethnic group,6,L12: Semi-routine occupations,16
E05011481,Selsdon Vale & Forestdale,7,Other ethnic group,7,L13: Routine occupations,13
E05011481,Selsdon Vale & Forestdale,7,Other ethnic group,8,L14.1 and L14.2: Never worked and long-term unemployed,14
E05011481,Selsdon Vale & Forestdale,7,Other ethnic group,9,L15: Full-time students,13
E05011482,Shirley North,-8,Does not apply,-8,Does not apply,0
E05011482,Shirley North,-8,Does not apply,1,"L1, L2 and L3: Higher managerial, administrative and professional occupations",0
E05011482,Shirley North,-8,Does not apply,2,"L4, L5 and L6: Lower managerial, administrative and professional occupations",0
E05011482,Shirley North,-8,Does not apply,3,L7: Intermediate occupations,0
E05011482,Shirley North,-8,Does not apply,4,L8 and L9: Small employers and own account workers,0
E05011482,Shirley North,-8,Does not apply,5,L10 and L11: Lower supervisory and technical occupations,0
E05011482,Shirley North,-8,Does not apply,6,L12: Semi-routine occupations,0
E05011482,Shirley North,-8,Does not apply,7,L13: Routine occupations,0
E05011482,Shirley North,-8,Does not apply,8,L14.1 and L14.2: Never worked and long-term unemployed,0
E05011482,Shirley North,-8,Does not apply,9,L15: Full-time students,0
E05011482,Shirley North,1,"Asian, Asian British or Asian Welsh",-8,Does not apply,450
E05011482,Shirley North,1,"Asian, Asian British or Asian Welsh",1,"L1, L2 and L3: Higher managerial, administrative and professional occupations",327
E05011482,Shirley North,1,"Asian, Asian British or Asian Welsh",2,"L4, L5 and L6: Lower managerial, administrative and professional occupations",336
E05011482,Shirley North,1,"Asian, Asian British or Asian Welsh",3,L7: Intermediate occupations,227
E05011482,Shirley North,1,"Asian, Asian British or Asian Welsh",4,L8 and L9: Small employers and own account workers,214
E05011482,Shirley North,1,"Asian, Asian British or Asian Welsh",5,L10 and L11: Lower supervisory and technical occupations,46
E05011482,Shirley North,1,"Asian, Asian British or Asian Welsh",6,L12: Semi-routine occupations,154
E05011482,Shirley North,1,"Asian, Asian British or Asian Welsh",7,L13: Routine occupations,99
E05011482,Shirley North,1,"Asian, Asian British or Asian Welsh",8,L14.1 and L14.2: Never worked and long-term unemployed,184
E05011482,Shirley North,1,"Asian, Asian British or Asian Welsh",9,L15: Full-time students,162
E05011482,Shirley North,2,"Black, Black British, Black Welsh, Caribbean or African",-8,Does not apply,613
E05011482,Shirley North,2,"Black, Black British, Black Welsh, Caribbean or African",1,"L1, L2 and L3: Higher managerial, administrative and professional occupations",290
E05011482,Shirley North,2,"Black, Black British, Black Welsh, Caribbean or African",2,"L4, L5 and L6: Lower managerial, administrative and professional occupations",482
E05011482,Shirley North,2,"Black, Black British, Black Welsh, Caribbean or African",3,L7: Intermediate occupations,263
E05011482,Shirley North,2,"Black, Black British, Black Welsh, Caribbean or African",4,L8 and L9: Small employers and own account workers,175
E05011482,Shirley North,2,"Black, Black British, Black Welsh, Caribbean or African",5,L10 and L11: Lower supervisory and technical occupations,80
E05011482,Shirley North,2,"Black, Black British, Black Welsh, Caribbean or African",6,L12: Semi-routine occupations,225
E05011482,Shirley North,2,"Black, Black British, Black Welsh, Caribbean or African",7,L13: Routine occupations,153
E05011482,Shirley North,2,"Black, Black British, Black Welsh, Caribbean or African",8,L14.1 and L14.2: Never worked and long-term unemployed,181
E05011482,Shirley North,2,"Black, Black British, Black Welsh, Caribbean or African",9,L15: Full-time students,254
E05011482,Shirley North,3,Mixed or Multiple ethnic groups,-8,Does not apply,504
E05011482,Shirley North,3,Mixed or Multiple ethnic groups,1,"L1, L2 and L3: Higher managerial, administrative and professional occupations",76
E05011482,Shirley North,3,Mixed or Multiple ethnic groups,2,"L4, L5 and L6: Lower managerial, administrative and professional occupations",144
E05011482,Shirley North,3,Mixed or Multiple ethnic groups,3,L7: Intermediate occupations,72
E05011482,Shirley North,3,Mixed or Multiple ethnic groups,4,L8 and L9: Small employers and own account workers,50
E05011482,Shirley North,3,Mixed or Multiple ethnic groups,5,L10 and L11: Lower supervisory and technical occupations,28
E05011482,Shirley North,3,Mixed or Multiple ethnic groups,6,L12: Semi-routine occupations,63
E05011482,Shirley North,3,Mixed or Multiple ethnic groups,7,L13: Routine occupations,37
E05011482,Shirley North,3,Mixed or Multiple ethnic groups,8,L14.1 and L14.2: Never worked and long-term unemployed,41
E05011482,Shirley North,3,Mixed or Multiple ethnic groups,9,L15: Full-time students,108
E05011482,Shirley North,4,"White: English, Welsh, Scottish, Northern Irish or British",-8,Does not apply,1038
E05011482,Shirley North,4,"White: English, Welsh, Scottish, Northern Irish or British",1,"L1, L2 and L3: Higher managerial, administrative and professional occupations",853
E05011482,Shirley North,4,"White: English, Welsh, Scottish, Northern Irish or British",2,"L4, L5 and L6: Lower managerial, administrative and professional occupations",1447
E05011482,Shirley North,4,"White: English, Welsh, Scottish, Northern Irish or British",3,L7: Intermediate occupations,1119
E05011482,Shirley North,4,"White: English, Welsh, Scottish, Northern Irish or British",4,L8 and L9: Small employers and own account workers,813
E05011482,Shirley North,4,"White: English, Welsh, Scottish, Northern Irish or British",5,L10 and L11: Lower supervisory and technical occupations,328
E05011482,Shirley North,4,"White: English, Welsh, Scottish, Northern Irish or British",6,L12: Semi-routine occupations,733
E05011482,Shirley North,4,"White: English, Welsh, Scottish, Northern Irish or British",7,L13: Routine occupations,559
E05011482,Shirley North,4,"White: English, Welsh, Scottish, Northern Irish or British",8,L14.1 and L14.2: Never worked and long-term unemployed,557
E05011482,Shirley North,4,"White: English, Welsh, Scottish, Northern Irish or British",9,L15: Full-time students,251
E05011482,Shirley North,5,White: Irish,-8,Does not apply,8
E05011482,Shirley North,5,White: Irish,1,"L1, L2 and L3: Higher managerial, administrative and professional occupations",27
E05011482,Shirley North,5,White: Irish,2,"L4, L5 and L6: Lower managerial, administrative and professional occupations",63
E05011482,Shirley North,5,White: Irish,3,L7: Intermediate occupations,38
E05011482,Shirley North,5,White: Irish,4,L8 and L9: Small employers and own account workers,26
E05011482,Shirley North,5,White: Irish,5,L10 and L11: Lower supervisory and technical occupations,8
E05011482,Shirley North,5,White: Irish,6,L12: Semi-routine occupations,17
E05011482,Shirley North,5,White: Irish,7,L13: Routine occupations,10
E05011482,Shirley North,5,White: Irish,8,L14.1 and L14.2: Never worked and long-term unemployed,19
E05011482,Shirley North,5,White: Irish,9,L15: Full-time students,5
E05011482,Shirley North,6,"White: Gypsy or Irish Traveller, Roma or Other White",-8,Does not apply,177
E05011482,Shirley North,6,"White: Gypsy or Irish Traveller, Roma or Other White",1,"L1, L2 and L3: Higher managerial, administrative and professional occupations",86
E05011482,Shirley North,6,"White: Gypsy or Irish Traveller, Roma or Other White",2,"L4, L5 and L6: Lower managerial, administrative and professional occupations",145
E05011482,Shirley North,6,"White: Gypsy or Irish Traveller, Roma or Other White",3,L7: Intermediate occupations,92
E05011482,Shirley North,6,"White: Gypsy or Irish Traveller, Roma or Other White",4,L8 and L9: Small employers and own account workers,177
E05011482,Shirley North,6,"White: Gypsy or Irish Traveller, Roma or Other White",5,L10 and L11: Lower supervisory and technical occupations,47
E05011482,Shirley North,6,"White: Gypsy or Irish Traveller, Roma or Other White",6,L12: Semi-routine occupations,60
E05011482,Shirley North,6,"White: Gypsy or Irish Traveller, Roma or Other White",7,L13: Routine occupations,78
E05011482,Shirley North,6,"White: Gypsy or Irish Traveller, Roma or Other White",8,L14.1 and L14.2: Never worked and long-term unemployed,48
E05011482,Shirley North,6,"White: Gypsy or Irish Traveller, Roma or Other White",9,L15: Full-time students,42
E05011482,Shirley North,7,Other ethnic group,-8,Does not apply,79
E05011482,Shirley North,7,Other ethnic group,1,"L1, L2 and L3: Higher managerial, administrative and professional occupations",49
E05011482,Shirley North,7,Other ethnic group,2,"L4, L5 and L6: Lower managerial, administrative and professional occupations",69
E05011482,Shirley North,7,Other ethnic group,3,L7: Intermediate occupations,44
E05011482,Shirley North,7,Other ethnic group,4,L8 and L9: Small employers and own account workers,66
E05011482,Shirley North,7,Other ethnic group,5,L10 and L11: Lower supervisory and technical occupations,23
E05011482,Shirley North,7,Other ethnic group,6,L12: Semi-routine occupations,31
E05011482,Shirley North,7,Other ethnic group,7,L13: Routine occupations,31
E05011482,Shirley North,7,Other ethnic group,8,L14.1 and L14.2: Never worked and long-term unemployed,58
E05011482,Shirley North,7,Other ethnic group,9,L15: Full-time students,44
E05011483,Shirley South (Croydon),-8,Does not apply,-8,Does not apply,0
E05011483,Shirley South (Croydon),-8,Does not apply,1,"L1, L2 and L3: Higher managerial, administrative and professional occupations",0
E05011483,Shirley South (Croydon),-8,Does not apply,2,"L4, L5 and L6: Lower managerial, administrative and professional occupations",0
E05011483,Shirley South (Croydon),-8,Does not apply,3,L7: Intermediate occupations,0
E05011483,Shirley South (Croydon),-8,Does not apply,4,L8 and L9: Small employers and own account workers,0
E05011483,Shirley South (Croydon),-8,Does not apply,5,L10 and L11: Lower supervisory and technical occupations,0
E05011483,Shirley South (Croydon),-8,Does not apply,6,L12: Semi-routine occupations,0
E05011483,Shirley South (Croydon),-8,Does not apply,7,L13: Routine occupations,0
E05011483,Shirley South (Croydon),-8,Does not apply,8,L14.1 and L14.2: Never worked and long-term unemployed,0
E05011483,Shirley South (Croydon),-8,Does not apply,9,L15: Full-time students,0
E05011483,Shirley South (Croydon),1,"Asian, Asian British or Asian Welsh",-8,Does not apply,267
E05011483,Shirley South (Croydon),1,"Asian, Asian British or Asian Welsh",1,"L1, L2 and L3: Higher managerial, administrative and professional occupations",223
E05011483,Shirley South (Croydon),1,"Asian, Asian British or Asian Welsh",2,"L4, L5 and L6: Lower managerial, administrative and professional occupations",203
E05011483,Shirley South (Croydon),1,"Asian, Asian British or Asian Welsh",3,L7: Intermediate occupations,119
E05011483,Shirley South (Croydon),1,"Asian, Asian British or Asian Welsh",4,L8 and L9: Small employers and own account workers,123
E05011483,Shirley South (Croydon),1,"Asian, Asian British or Asian Welsh",5,L10 and L11: Lower supervisory and technical occupations,33
E05011483,Shirley South (Croydon),1,"Asian, Asian British or Asian Welsh",6,L12: Semi-routine occupations,102
E05011483,Shirley South (Croydon),1,"Asian, Asian British or Asian Welsh",7,L13: Routine occupations,64
E05011483,Shirley South (Croydon),1,"Asian, Asian British or Asian Welsh",8,L14.1 and L14.2: Never worked and long-term unemployed,156
E05011483,Shirley South (Croydon),1,"Asian, Asian British or Asian Welsh",9,L15: Full-time students,120
E05011483,Shirley South (Croydon),2,"Black, Black British, Black Welsh, Caribbean or African",-8,Does not apply,592
E05011483,Shirley South (Croydon),2,"Black, Black British, Black Welsh, Caribbean or African",1,"L1, L2 and L3: Higher managerial, administrative and professional occupations",190
E05011483,Shirley South (Croydon),2,"Black, Black British, Black Welsh, Caribbean or African",2,"L4, L5 and L6: Lower managerial, administrative and professional occupations",327
E05011483,Shirley South (Croydon),2,"Black, Black British, Black Welsh, Caribbean or African",3,L7: Intermediate occupations,175
E05011483,Shirley South (Croydon),2,"Black, Black British, Black Welsh, Caribbean or African",4,L8 and L9: Small employers and own account workers,141
E05011483,Shirley South (Croydon),2,"Black, Black British, Black Welsh, Caribbean or African",5,L10 and L11: Lower supervisory and technical occupations,62
E05011483,Shirley South (Croydon),2,"Black, Black British, Black Welsh, Caribbean or African",6,L12: Semi-routine occupations,188
E05011483,Shirley South (Croydon),2,"Black, Black British, Black Welsh, Caribbean or African",7,L13: Routine occupations,133
E05011483,Shirley South (Croydon),2,"Black, Black British, Black Welsh, Caribbean or African",8,L14.1 and L14.2: Never worked and long-term unemployed,113
E05011483,Shirley South (Croydon),2,"Black, Black British, Black Welsh, Caribbean or African",9,L15: Full-time students,250
E05011483,Shirley South (Croydon),3,Mixed or Multiple ethnic groups,-8,Does not apply,326
E05011483,Shirley South (Croydon),3,Mixed or Multiple ethnic groups,1,"L1, L2 and L3: Higher managerial, administrative and professional occupations",41
E05011483,Shirley South (Croydon),3,Mixed or Multiple ethnic groups,2,"L4, L5 and L6: Lower managerial, administrative and professional occupations",66
E05011483,Shirley South (Croydon),3,Mixed or Multiple ethnic groups,3,L7: Intermediate occupations,45
E05011483,Shirley South (Croydon),3,Mixed or Multiple ethnic groups,4,L8 and L9: Small employers and own account workers,27
E05011483,Shirley South (Croydon),3,Mixed or Multiple ethnic groups,5,L10 and L11: Lower supervisory and technical occupations,14
E05011483,Shirley South (Croydon),3,Mixed or Multiple ethnic groups,6,L12: Semi-routine occupations,30
E05011483,Shirley South (Croydon),3,Mixed or Multiple ethnic groups,7,L13: Routine occupations,27
E05011483,Shirley South (Croydon),3,Mixed or Multiple ethnic groups,8,L14.1 and L14.2: Never worked and long-term unemployed,30
E05011483,Shirley South (Croydon),3,Mixed or Multiple ethnic groups,9,L15: Full-time students,73
E05011483,Shirley South (Croydon),4,"White: English, Welsh, Scottish, Northern Irish or British",-8,Does not apply,727
E05011483,Shirley South (Croydon),4,"White: English, Welsh, Scottish, Northern Irish or British",1,"L1, L2 and L3: Higher managerial, administrative and professional occupations",698
E05011483,Shirley South (Croydon),4,"White: English, Welsh, Scottish, Northern Irish or British",2,"L4, L5 and L6: Lower managerial, administrative and professional occupations",1084
E05011483,Shirley South (Croydon),4,"White: English, Welsh, Scottish, Northern Irish or British",3,L7: Intermediate occupations,735
E05011483,Shirley South (Croydon),4,"White: English, Welsh, Scottish, Northern Irish or British",4,L8 and L9: Small employers and own account workers,468
E05011483,Shirley South (Croydon),4,"White: English, Welsh, Scottish, Northern Irish or British",5,L10 and L11: Lower supervisory and technical occupations,184
E05011483,Shirley South (Croydon),4,"White: English, Welsh, Scottish, Northern Irish or British",6,L12: Semi-routine occupations,415
E05011483,Shirley South (Croydon),4,"White: English, Welsh, Scottish, Northern Irish or British",7,L13: Routine occupations,301
E05011483,Shirley South (Croydon),4,"White: English, Welsh, Scottish, Northern Irish or British",8,L14.1 and L14.2: Never worked and long-term unemployed,417
E05011483,Shirley South (Croydon),4,"White: English, Welsh, Scottish, Northern Irish or British",9,L15: Full-time students,211
E05011483,Shirley South (Croydon),5,White: Irish,-8,Does not apply,4
E05011483,Shirley South (Croydon),5,White: Irish,1,"L1, L2 and L3: Higher managerial, administrative and professional occupations",18
E05011483,Shirley South (Croydon),5,White: Irish,2,"L4, L5 and L6: Lower managerial, administrative and professional occupations",38
E05011483,Shirley South (Croydon),5,White: Irish,3,L7: Intermediate occupations,20
E05011483,Shirley South (Croydon),5,White: Irish,4,L8 and L9: Small employers and own account workers,18
E05011483,Shirley South (Croydon),5,White: Irish,5,L10 and L11: Lower supervisory and technical occupations,7
E05011483,Shirley South (Croydon),5,White: Irish,6,L12: Semi-routine occupations,16
E05011483,Shirley South (Croydon),5,White: Irish,7,L13: Routine occupations,15
E05011483,Shirley South (Croydon),5,White: Irish,8,L14.1 and L14.2: Never worked and long-term unemployed,7
E05011483,Shirley South (Croydon),5,White: Irish,9,L15: Full-time students,3
E05011483,Shirley South (Croydon),6,"White: Gypsy or Irish Traveller, Roma or Other White",-8,Does not apply,94
E05011483,Shirley South (Croydon),6,"White: Gypsy or Irish Traveller, Roma or Other White",1,"L1, L2 and L3: Higher managerial, administrative and professional occupations",67
E05011483,Shirley South (Croydon),6,"White: Gypsy or Irish Traveller, Roma or Other White",2,"L4, L5 and L6: Lower managerial, administrative and professional occupations",100
E05011483,Shirley South (Croydon),6,"White: Gypsy or Irish Traveller, Roma or Other White",3,L7: Intermediate occupations,58
E05011483,Shirley South (Croydon),6,"White: Gypsy or Irish Traveller, Roma or Other White",4,L8 and L9: Small employers and own account workers,94
E05011483,Shirley South (Croydon),6,"White: Gypsy or Irish Traveller, Roma or Other White",5,L10 and L11: Lower supervisory and technical occupations,15
E05011483,Shirley South (Croydon),6,"White: Gypsy or Irish Traveller, Roma or Other White",6,L12: Semi-routine occupations,34
E05011483,Shirley South (Croydon),6,"White: Gypsy or Irish Traveller, Roma or Other White",7,L13: Routine occupations,53
E05011483,Shirley South (Croydon),6,"White: Gypsy or Irish Traveller, Roma or Other White",8,L14.1 and L14.2: Never worked and long-term unemployed,41
E05011483,Shirley South (Croydon),6,"White: Gypsy or Irish Traveller, Roma or Other White",9,L15: Full-time students,41
E05011483,Shirley South (Croydon),7,Other ethnic group,-8,Does not apply,67
E05011483,Shirley South (Croydon),7,Other ethnic group,1,"L1, L2 and L3: Higher managerial, administrative and professional occupations",43
E05011483,Shirley South (Croydon),7,Other ethnic group,2,"L4, L5 and L6: Lower managerial, administrative and professional occupations",47
E05011483,Shirley South (Croydon),7,Other ethnic group,3,L7: Intermediate occupations,33
E05011483,Shirley South (Croydon),7,Other ethnic group,4,L8 and L9: Small employers and own account workers,44
E05011483,Shirley South (Croydon),7,Other ethnic group,5,L10 and L11: Lower supervisory and technical occupations,13
E05011483,Shirley South (Croydon),7,Other ethnic group,6,L12: Semi-routine occupations,15
E05011483,Shirley South (Croydon),7,Other ethnic group,7,L13: Routine occupations,32
E05011483,Shirley South (Croydon),7,Other ethnic group,8,L14.1 and L14.2: Never worked and long-term unemployed,48
E05011483,Shirley South (Croydon),7,Other ethnic group,9,L15: Full-time students,27
E05011486,Thornton Heath,-8,Does not apply,-8,Does not apply,0
E05011486,Thornton Heath,-8,Does not apply,1,"L1, L2 and L3: Higher managerial, administrative and professional occupations",0
E05011486,Thornton Heath,-8,Does not apply,2,"L4, L5 and L6: Lower managerial, administrative and professional occupations",0
E05011486,Thornton Heath,-8,Does not apply,3,L7: Intermediate occupations,0
E05011486,Thornton Heath,-8,Does not apply,4,L8 and L9: Small employers and own account workers,0
E05011486,Thornton Heath,-8,Does not apply,5,L10 and L11: Lower supervisory and technical occupations,0
E05011486,Thornton Heath,-8,Does not apply,6,L12: Semi-routine occupations,0
E05011486,Thornton Heath,-8,Does not apply,7,L13: Routine occupations,0
E05011486,Thornton Heath,-8,Does not apply,8,L14.1 and L14.2: Never worked and long-term unemployed,0
E05011486,Thornton Heath,-8,Does not apply,9,L15: Full-time students,0
E05011486,Thornton Heath,1,"Asian, Asian British or Asian Welsh",-8,Does not apply,413
E05011486,Thornton Heath,1,"Asian, Asian British or Asian Welsh",1,"L1, L2 and L3: Higher managerial, administrative and professional occupations",150
E05011486,Thornton Heath,1,"Asian, Asian British or Asian Welsh",2,"L4, L5 and L6: Lower managerial, administrative and professional occupations",280
E05011486,Thornton Heath,1,"Asian, Asian British or Asian Welsh",3,L7: Intermediate occupations,215
E05011486,Thornton Heath,1,"Asian, Asian British or Asian Welsh",4,L8 and L9: Small employers and own account workers,189
E05011486,Thornton Heath,1,"Asian, Asian British or Asian Welsh",5,L10 and L11: Lower supervisory and technical occupations,58
E05011486,Thornton Heath,1,"Asian, Asian British or Asian Welsh",6,L12: Semi-routine occupations,199
E05011486,Thornton Heath,1,"Asian, Asian British or Asian Welsh",7,L13: Routine occupations,131
E05011486,Thornton Heath,1,"Asian, Asian British or Asian Welsh",8,L14.1 and L14.2: Never worked and long-term unemployed,301
E05011486,Thornton Heath,1,"Asian, Asian British or Asian Welsh",9,L15: Full-time students,182
E05011486,Thornton Heath,2,"Black, Black British, Black Welsh, Caribbean or African",-8,Does not apply,1476
E05011486,Thornton Heath,2,"Black, Black British, Black Welsh, Caribbean or African",1,"L1, L2 and L3: Higher managerial, administrative and professional occupations",486
E05011486,Thornton Heath,2,"Black, Black British, Black Welsh, Caribbean or African",2,"L4, L5 and L6: Lower managerial, administrative and professional occupations",1093
E05011486,Thornton Heath,2,"Black, Black British, Black Welsh, Caribbean or African",3,L7: Intermediate occupations,732
E05011486,Thornton Heath,2,"Black, Black British, Black Welsh, Caribbean or African",4,L8 and L9: Small employers and own account workers,480
E05011486,Thornton Heath,2,"Black, Black British, Black Welsh, Caribbean or African",5,L10 and L11: Lower supervisory and technical occupations,230
E05011486,Thornton Heath,2,"Black, Black British, Black Welsh, Caribbean or African",6,L12: Semi-routine occupations,763
E05011486,Thornton Heath,2,"Black, Black British, Black Welsh, Caribbean or African",7,L13: Routine occupations,621
E05011486,Thornton Heath,2,"Black, Black British, Black Welsh, Caribbean or African",8,L14.1 and L14.2: Never worked and long-term unemployed,643
E05011486,Thornton Heath,2,"Black, Black British, Black Welsh, Caribbean or African",9,L15: Full-time students,710
E05011486,Thornton Heath,3,Mixed or Multiple ethnic groups,-8,Does not apply,602
E05011486,Thornton Heath,3,Mixed or Multiple ethnic groups,1,"L1, L2 and L3: Higher managerial, administrative and professional occupations",92
E05011486,Thornton Heath,3,Mixed or Multiple ethnic groups,2,"L4, L5 and L6: Lower managerial, administrative and professional occupations",175
E05011486,Thornton Heath,3,Mixed or Multiple ethnic groups,3,L7: Intermediate occupations,102
E05011486,Thornton Heath,3,Mixed or Multiple ethnic groups,4,L8 and L9: Small employers and own account workers,72
E05011486,Thornton Heath,3,Mixed or Multiple ethnic groups,5,L10 and L11: Lower supervisory and technical occupations,32
E05011486,Thornton Heath,3,Mixed or Multiple ethnic groups,6,L12: Semi-routine occupations,98
E05011486,Thornton Heath,3,Mixed or Multiple ethnic groups,7,L13: Routine occupations,89
E05011486,Thornton Heath,3,Mixed or Multiple ethnic groups,8,L14.1 and L14.2: Never worked and long-term unemployed,128
E05011486,Thornton Heath,3,Mixed or Multiple ethnic groups,9,L15: Full-time students,141
E05011486,Thornton Heath,4,"White: English, Welsh, Scottish, Northern Irish or British",-8,Does not apply,670
E05011486,Thornton Heath,4,"White: English, Welsh, Scottish, Northern Irish or British",1,"L1, L2 and L3: Higher managerial, administrative and professional occupations",456
E05011486,Thornton Heath,4,"White: English, Welsh, Scottish, Northern Irish or British",2,"L4, L5 and L6: Lower managerial, administrative and professional occupations",770
E05011486,Thornton Heath,4,"White: English, Welsh, Scottish, Northern Irish or British",3,L7: Intermediate occupations,414
E05011486,Thornton Heath,4,"White: English, Welsh, Scottish, Northern Irish or British",4,L8 and L9: Small employers and own account workers,335
E05011486,Thornton Heath,4,"White: English, Welsh, Scottish, Northern Irish or British",5,L10 and L11: Lower supervisory and technical occupations,152
E05011486,Thornton Heath,4,"White: English, Welsh, Scottish, Northern Irish or British",6,L12: Semi-routine occupations,276
E05011486,Thornton Heath,4,"White: English, Welsh, Scottish, Northern Irish or British",7,L13: Routine occupations,295
E05011486,Thornton Heath,4,"White: English, Welsh, Scottish, Northern Irish or British",8,L14.1 and L14.2: Never worked and long-term unemployed,341
E05011486,Thornton Heath,4,"White: English, Welsh, Scottish, Northern Irish or British",9,L15: Full-time students,124
E05011486,Thornton Heath,5,White: Irish,-8,Does not apply,13
E05011486,Thornton Heath,5,White: Irish,1,"L1, L2 and L3: Higher managerial, administrative and professional occupations",25
E05011486,Thornton Heath,5,White: Irish,2,"L4, L5 and L6: Lower managerial, administrative and professional occupations",54
E05011486,Thornton Heath,5,White: Irish,3,L7: Intermediate occupations,19
E05011486,Thornton Heath,5,White: Irish,4,L8 and L9: Small employers and own account workers,23
E05011486,Thornton Heath,5,White: Irish,5,L10 and L11: Lower supervisory and technical occupations,10
E05011486,Thornton Heath,5,White: Irish,6,L12: Semi-routine occupations,15
E05011486,Thornton Heath,5,White: Irish,7,L13: Routine occupations,26
E05011486,Thornton Heath,5,White: Irish,8,L14.1 and L14.2: Never worked and long-term unemployed,20
E05011486,Thornton Heath,5,White: Irish,9,L15: Full-time students,3
E05011486,Thornton Heath,6,"White: Gypsy or Irish Traveller, Roma or Other White",-8,Does not apply,329
E05011486,Thornton Heath,6,"White: Gypsy or Irish Traveller, Roma or Other White",1,"L1, L2 and L3: Higher managerial, administrative and professional occupations",150
E05011486,Thornton Heath,6,"White: Gypsy or Irish Traveller, Roma or Other White",2,"L4, L5 and L6: Lower managerial, administrative and professional occupations",289
E05011486,Thornton Heath,6,"White: Gypsy or Irish Traveller, Roma or Other White",3,L7: Intermediate occupations,105
E05011486,Thornton Heath,6,"White: Gypsy or Irish Traveller, Roma or Other White",4,L8 and L9: Small employers and own account workers,530
E05011486,Thornton Heath,6,"White: Gypsy or Irish Traveller, Roma or Other White",5,L10 and L11: Lower supervisory and technical occupations,110
E05011486,Thornton Heath,6,"White: Gypsy or Irish Traveller, Roma or Other White",6,L12: Semi-routine occupations,135
E05011486,Thornton Heath,6,"White: Gypsy or Irish Traveller, Roma or Other White",7,L13: Routine occupations,252
E05011486,Thornton Heath,6,"White: Gypsy or Irish Traveller, Roma or Other White",8,L14.1 and L14.2: Never worked and long-term unemployed,117
E05011486,Thornton Heath,6,"White: Gypsy or Irish Traveller, Roma or Other White",9,L15: Full-time students,100
E05011486,Thornton Heath,7,Other ethnic group,-8,Does not apply,196
E05011486,Thornton Heath,7,Other ethnic group,1,"L1, L2 and L3: Higher managerial, administrative and professional occupations",48
E05011486,Thornton Heath,7,Other ethnic group,2,"L4, L5 and L6: Lower managerial, administrative and professional occupations",95
E05011486,Thornton Heath,7,Other ethnic group,3,L7: Intermediate occupations,61
E05011486,Thornton Heath,7,Other ethnic group,4,L8 and L9: Small employers and own account workers,81
E05011486,Thornton Heath,7,Other ethnic group,5,L10 and L11: Lower supervisory and technical occupations,73
E05011486,Thornton Heath,7,Other ethnic group,6,L12: Semi-routine occupations,81
E05011486,Thornton Heath,7,Other ethnic group,7,L13: Routine occupations,122
E05011486,Thornton Heath,7,Other ethnic group,8,L14.1 and L14.2: Never worked and long-term unemployed,107
E05011486,Thornton Heath,7,Other ethnic group,9,L15: Full-time students,98
E05013781,Heathfield,-8,Does not apply,-8,Does not apply,0
E05013781,Heathfield,-8,Does not apply,1,"L1, L2 and L3: Higher managerial, administrative and professional occupations",0
E05013781,Heathfield,-8,Does not apply,2,"L4, L5 and L6: Lower managerial, administrative and professional occupations",0
E05013781,Heathfield,-8,Does not apply,3,L7: Intermediate occupations,0
E05013781,Heathfield,-8,Does not apply,4,L8 and L9: Small employers and own account workers,0
E05013781,Heathfield,-8,Does not apply,5,L10 and L11: Lower supervisory and technical occupations,0
E05013781,Heathfield,-8,Does not apply,6,L12: Semi-routine occupations,0
E05013781,Heathfield,-8,Does not apply,7,L13: Routine occupations,0
E05013781,Heathfield,-8,Does not apply,8,L14.1 and L14.2: Never worked and long-term unemployed,0
E05013781,Heathfield,-8,Does not apply,9,L15: Full-time students,0
E05013781,Heathfield,1,"Asian, Asian British or Asian Welsh",-8,Does not apply,623
E05013781,Heathfield,1,"Asian, Asian British or Asian Welsh",1,"L1, L2 and L3: Higher managerial, administrative and professional occupations",335
E05013781,Heathfield,1,"Asian, Asian British or Asian Welsh",2,"L4, L5 and L6: Lower managerial, administrative and professional occupations",363
E05013781,Heathfield,1,"Asian, Asian British or Asian Welsh",3,L7: Intermediate occupations,194
E05013781,Heathfield,1,"Asian, Asian British or Asian Welsh",4,L8 and L9: Small employers and own account workers,229
E05013781,Heathfield,1,"Asian, Asian British or Asian Welsh",5,L10 and L11: Lower supervisory and technical occupations,63
E05013781,Heathfield,1,"Asian, Asian British or Asian Welsh",6,L12: Semi-routine occupations,217
E05013781,Heathfield,1,"Asian, Asian British or Asian Welsh",7,L13: Routine occupations,135
E05013781,Heathfield,1,"Asian, Asian British or Asian Welsh",8,L14.1 and L14.2: Never worked and long-term unemployed,294
E05013781,Heathfield,1,"Asian, Asian British or Asian Welsh",9,L15: Full-time students,236
E05013781,Heathfield,2,"Black, Black British, Black Welsh, Caribbean or African",-8,Does not apply,134
E05013781,Heathfield,2,"Black, Black British, Black Welsh, Caribbean or African",1,"L1, L2 and L3: Higher managerial, administrative and professional occupations",24
E05013781,Heathfield,2,"Black, Black British, Black Welsh, Caribbean or African",2,"L4, L5 and L6: Lower managerial, administrative and professional occupations",68
E05013781,Heathfield,2,"Black, Black British, Black Welsh, Caribbean or African",3,L7: Intermediate occupations,38
E05013781,Heathfield,2,"Black, Black British, Black Welsh, Caribbean or African",4,L8 and L9: Small employers and own account workers,27
E05013781,Heathfield,2,"Black, Black British, Black Welsh, Caribbean or African",5,L10 and L11: Lower supervisory and technical occupations,15
E05013781,Heathfield,2,"Black, Black British, Black Welsh, Caribbean or African",6,L12: Semi-routine occupations,45
E05013781,Heathfield,2,"Black, Black British, Black Welsh, Caribbean or African",7,L13: Routine occupations,38
E05013781,Heathfield,2,"Black, Black British, Black Welsh, Caribbean or African",8,L14.1 and L14.2: Never worked and long-term unemployed,38
E05013781,Heathfield,2,"Black, Black British, Black Welsh, Caribbean or African",9,L15: Full-time students,55
E05013781,Heathfield,3,Mixed or Multiple ethnic groups,-8,Does not apply,263
E05013781,Heathfield,3,Mixed or Multiple ethnic groups,1,"L1, L2 and L3: Higher managerial, administrative and professional occupations",43
E05013781,Heathfield,3,Mixed or Multiple ethnic groups,2,"L4, L5 and L6: Lower managerial, administrative and professional occupations",59
E05013781,Heathfield,3,Mixed or Multiple ethnic groups,3,L7: Intermediate occupations,27
E05013781,Heathfield,3,Mixed or Multiple ethnic groups,4,L8 and L9: Small employers and own account workers,24
E05013781,Heathfield,3,Mixed or Multiple ethnic groups,5,L10 and L11: Lower supervisory and technical occupations,12
E05013781,Heathfield,3,Mixed or Multiple ethnic groups,6,L12: Semi-routine occupations,20
E05013781,Heathfield,3,Mixed or Multiple ethnic groups,7,L13: Routine occupations,20
E05013781,Heathfield,3,Mixed or Multiple ethnic groups,8,L14.1 and L14.2: Never worked and long-term unemployed,16
E05013781,Heathfield,3,Mixed or Multiple ethnic groups,9,L15: Full-time students,43
E05013781,Heathfield,4,"White: English, Welsh, Scottish, Northern Irish or British",-8,Does not apply,863
E05013781,Heathfield,4,"White: English, Welsh, Scottish, Northern Irish or British",1,"L1, L2 and L3: Higher managerial, administrative and professional occupations",577
E05013781,Heathfield,4,"White: English, Welsh, Scottish, Northern Irish or British",2,"L4, L5 and L6: Lower managerial, administrative and professional occupations",912
E05013781,Heathfield,4,"White: English, Welsh, Scottish, Northern Irish or British",3,L7: Intermediate occupations,569
E05013781,Heathfield,4,"White: English, Welsh, Scottish, Northern Irish or British",4,L8 and L9: Small employers and own account workers,433
E05013781,Heathfield,4,"White: English, Welsh, Scottish, Northern Irish or British",5,L10 and L11: Lower supervisory and technical occupations,206
E05013781,Heathfield,4,"White: English, Welsh, Scottish, Northern Irish or British",6,L12: Semi-routine occupations,412
E05013781,Heathfield,4,"White: English, Welsh, Scottish, Northern Irish or British",7,L13: Routine occupations,410
E05013781,Heathfield,4,"White: English, Welsh, Scottish, Northern Irish or British",8,L14.1 and L14.2: Never worked and long-term unemployed,360
E05013781,Heathfield,4,"White: English, Welsh, Scottish, Northern Irish or British",9,L15: Full-time students,214
E05013781,Heathfield,5,White: Irish,-8,Does not apply,17
E05013781,Heathfield,5,White: Irish,1,"L1, L2 and L3: Higher managerial, administrative and professional occupations",36
E05013781,Heathfield,5,White: Irish,2,"L4, L5 and L6: Lower managerial, administrative and professional occupations",59
E05013781,Heathfield,5,White: Irish,3,L7: Intermediate occupations,24
E05013781,Heathfield,5,White: Irish,4,L8 and L9: Small employers and own account workers,21
E05013781,Heathfield,5,White: Irish,5,L10 and L11: Lower supervisory and technical occupations,6
E05013781,Heathfield,5,White: Irish,6,L12: Semi-routine occupations,20
E05013781,Heathfield,5,White: Irish,7,L13: Routine occupations,8
E05013781,Heathfield,5,White: Irish,8,L14.1 and L14.2: Never worked and long-term unemployed,8
E05013781,Heathfield,5,White: Irish,9,L15: Full-time students,13
E05013781,Heathfield,6,"White: Gypsy or Irish Traveller, Roma or Other White",-8,Does not apply,165
E05013781,Heathfield,6,"White: Gypsy or Irish Traveller, Roma or Other White",1,"L1, L2 and L3: Higher managerial, administrative and professional occupations",112
E05013781,Heathfield,6,"White: Gypsy or Irish Traveller, Roma or Other White",2,"L4, L5 and L6: Lower managerial, administrative and professional occupations",150
E05013781,Heathfield,6,"White: Gypsy or Irish Traveller, Roma or Other White",3,L7: Intermediate occupations,70
E05013781,Heathfield,6,"White: Gypsy or Irish Traveller, Roma or Other White",4,L8 and L9: Small employers and own account workers,166
E05013781,Heathfield,6,"White: Gypsy or Irish Traveller, Roma or Other White",5,L10 and L11: Lower supervisory and technical occupations,44
E05013781,Heathfield,6,"White: Gypsy or Irish Traveller, Roma or Other White",6,L12: Semi-routine occupations,71
E05013781,Heathfield,6,"White: Gypsy or Irish Traveller, Roma or Other White",7,L13: Routine occupations,113
E05013781,Heathfield,6,"White: Gypsy or Irish Traveller, Roma or Other White",8,L14.1 and L14.2: Never worked and long-term unemployed,65
E05013781,Heathfield,6,"White: Gypsy or Irish Traveller, Roma or Other White",9,L15: Full-time students,78
E05013781,Heathfield,7,Other ethnic group,-8,Does not apply,98
E05013781,Heathfield,7,Other ethnic group,1,"L1, L2 and L3: Higher managerial, administrative and professional occupations",56
E05013781,Heathfield,7,Other ethnic group,2,"L4, L5 and L6: Lower managerial, administrative and professional occupations",62
E05013781,Heathfield,7,Other ethnic group,3,L7: Intermediate occupations,33
E05013781,Heathfield,7,Other ethnic group,4,L8 and L9: Small employers and own account workers,47
E05013781,Heathfield,7,Other ethnic group,5,L10 and L11: Lower supervisory and technical occupations,18
E05013781,Heathfield,7,Other ethnic group,6,L12: Semi-routine occupations,37
E05013781,Heathfield,7,Other ethnic group,7,L13: Routine occupations,40
E05013781,Heathfield,7,Other ethnic group,8,L14.1 and L14.2: Never worked and long-term unemployed,73
E05013781,Heathfield,7,Other ethnic group,9,L15: Full-time students,44
