Electoral wards and divisions Code,Electoral wards and divisions,Ethnic group (20 categories) Code,Ethnic group (20 categories),National Statistics Socio-economic Classification (NS-SeC) (10 categories) Code,National Statistics Socio-economic Classification (NS-SeC) (10 categories),Observation
E05013518,Central Greenford,-8,Does not apply,-8,Does not apply,0
E05013518,Central Greenford,-8,Does not apply,1,"L1, L2 and L3: Higher managerial, administrative and professional occupations",0
E05013518,Central Greenford,-8,Does not apply,2,"L4, L5 and L6: Lower managerial, administrative and professional occupations",0
E05013518,Central Greenford,-8,Does not apply,3,L7: Intermediate occupations,0
E05013518,Central Greenford,-8,Does not apply,4,L8 and L9: Small employers and own account workers,0
E05013518,Central Greenford,-8,Does not apply,5,L10 and L11: Lower supervisory and technical occupations,0
E05013518,Central Greenford,-8,Does not apply,6,L12: Semi-routine occupations,0
E05013518,Central Greenford,-8,Does not apply,7,L13: Routine occupations,0
E05013518,Central Greenford,-8,Does not apply,8,L14.1 and L14.2: Never worked and long-term unemployed,0
E05013518,Central Greenford,-8,Does not apply,9,L15: Full-time students,0
E05013518,Central Greenford,1,"Asian, Asian British or Asian Welsh: Bangladeshi",-8,Does not apply,35
E05013518,Central Greenford,1,"Asian, Asian British or Asian Welsh: Bangladeshi",1,"L1, L2 and L3: Higher managerial, administrative and professional occupations",11
E05013518,Central Greenford,1,"Asian, Asian British or Asian Welsh: Bangladeshi",2,"L4, L5 and L6: Lower managerial, administrative and professional occupations",15
E05013518,Central Greenford,1,"Asian, Asian British or Asian Welsh: Bangladeshi",3,L7: Intermediate occupations,12
E05013518,Central Greenford,1,"Asian, Asian British or Asian Welsh: Bangladeshi",4,L8 and L9: Small employers and own account workers,5
E05013518,Central Greenford,1,"Asian, Asian British or Asian Welsh: Bangladeshi",5,L10 and L11: Lower supervisory and technical occupations,5
E05013518,Central Greenford,1,"Asian, Asian British or Asian Welsh: Bangladeshi",6,L12: Semi-routine occupations,10
E05013518,Central Greenford,1,"Asian, Asian British or Asian Welsh: Bangladeshi",7,L13: Routine occupations,9
E05013518,Central Greenford,1,"Asian, Asian British or Asian Welsh: Bangladeshi",8,L14.1 and L14.2: Never worked and long-term unemployed,23
E05013518,Central Greenford,1,"Asian, Asian British or Asian Welsh: Bangladeshi",9,L15: Full-time students,11
E05013518,Central Greenford,2,"Asian, Asian British or Asian Welsh: Chinese",-8,Does not apply,18
E05013518,Central Greenford,2,"Asian, Asian British or Asian Welsh: Chinese",1,"L1, L2 and L3: Higher managerial, administrative and professional occupations",10
E05013518,Central Greenford,2,"Asian, Asian British or Asian Welsh: Chinese",2,"L4, L5 and L6: Lower managerial, administrative and professional occupations",31
E05013518,Central Greenford,2,"Asian, Asian British or Asian Welsh: Chinese",3,L7: Intermediate occupations,11
E05013518,Central Greenford,2,"Asian, Asian British or Asian Welsh: Chinese",4,L8 and L9: Small employers and own account workers,13
E05013518,Central Greenford,2,"Asian, Asian British or Asian Welsh: Chinese",5,L10 and L11: Lower supervisory and technical occupations,14
E05013518,Central Greenford,2,"Asian, Asian British or Asian Welsh: Chinese",6,L12: Semi-routine occupations,15
E05013518,Central Greenford,2,"Asian, Asian British or Asian Welsh: Chinese",7,L13: Routine occupations,10
E05013518,Central Greenford,2,"Asian, Asian British or Asian Welsh: Chinese",8,L14.1 and L14.2: Never worked and long-term unemployed,12
E05013518,Central Greenford,2,"Asian, Asian British or Asian Welsh: Chinese",9,L15: Full-time students,7
E05013518,Central Greenford,3,"Asian, Asian British or Asian Welsh: Indian",-8,Does not apply,260
E05013518,Central Greenford,3,"Asian, Asian British or Asian Welsh: Indian",1,"L1, L2 and L3: Higher managerial, administrative and professional occupations",254
E05013518,Central Greenford,3,"Asian, Asian British or Asian Welsh: Indian",2,"L4, L5 and L6: Lower managerial, administrative and professional occupations",343
E05013518,Central Greenford,3,"Asian, Asian British or Asian Welsh: Indian",3,L7: Intermediate occupations,227
E05013518,Central Greenford,3,"Asian, Asian British or Asian Welsh: Indian",4,L8 and L9: Small employers and own account workers,124
E05013518,Central Greenford,3,"Asian, Asian British or Asian Welsh: Indian",5,L10 and L11: Lower supervisory and technical occupations,57
E05013518,Central Greenford,3,"Asian, Asian British or Asian Welsh: Indian",6,L12: Semi-routine occupations,167
E05013518,Central Greenford,3,"Asian, Asian British or Asian Welsh: Indian",7,L13: Routine occupations,184
E05013518,Central Greenford,3,"Asian, Asian British or Asian Welsh: Indian",8,L14.1 and L14.2: Never worked and long-term unemployed,162
E05013518,Central Greenford,3,"Asian, Asian British or Asian Welsh: Indian",9,L15: Full-time students,174
E05013518,Central Greenford,4,"Asian, Asian British or Asian Welsh: Pakistani",-8,Does not apply,179
E05013518,Central Greenford,4,"Asian, Asian British or Asian Welsh: Pakistani",1,"L1, L2 and L3: Higher managerial, administrative and professional occupations",63
E05013518,Central Greenford,4,"Asian, Asian British or Asian Welsh: Pakistani",2,"L4, L5 and L6: Lower managerial, administrative and professional occupations",90
E05013518,Central Greenford,4,"Asian, Asian British or Asian Welsh: Pakistani",3,L7: Intermediate occupations,55
E05013518,Central Greenford,4,"Asian, Asian British or Asian Welsh: Pakistani",4,L8 and L9: Small employers and own account workers,60
E05013518,Central Greenford,4,"Asian, Asian British or Asian Welsh: Pakistani",5,L10 and L11: Lower supervisory and technical occupations,10
E05013518,Central Greenford,4,"Asian, Asian British or Asian Welsh: Pakistani",6,L12: Semi-routine occupations,38
E05013518,Central Greenford,4,"Asian, Asian British or Asian Welsh: Pakistani",7,L13: Routine occupations,40
E05013518,Central Greenford,4,"Asian, Asian British or Asian Welsh: Pakistani",8,L14.1 and L14.2: Never worked and long-term unemployed,81
E05013518,Central Greenford,4,"Asian, Asian British or Asian Welsh: Pakistani",9,L15: Full-time students,60
E05013518,Central Greenford,5,"Asian, Asian British or Asian Welsh: Other Asian",-8,Does not apply,320
E05013518,Central Greenford,5,"Asian, Asian British or Asian Welsh: Other Asian",1,"L1, L2 and L3: Higher managerial, administrative and professional occupations",87
E05013518,Central Greenford,5,"Asian, Asian British or Asian Welsh: Other Asian",2,"L4, L5 and L6: Lower managerial, administrative and professional occupations",164
E05013518,Central Greenford,5,"Asian, Asian British or Asian Welsh: Other Asian",3,L7: Intermediate occupations,85
E05013518,Central Greenford,5,"Asian, Asian British or Asian Welsh: Other Asian",4,L8 and L9: Small employers and own account workers,100
E05013518,Central Greenford,5,"Asian, Asian British or Asian Welsh: Other Asian",5,L10 and L11: Lower supervisory and technical occupations,58
E05013518,Central Greenford,5,"Asian, Asian British or Asian Welsh: Other Asian",6,L12: Semi-routine occupations,119
E05013518,Central Greenford,5,"Asian, Asian British or Asian Welsh: Other Asian",7,L13: Routine occupations,123
E05013518,Central Greenford,5,"Asian, Asian British or Asian Welsh: Other Asian",8,L14.1 and L14.2: Never worked and long-term unemployed,158
E05013518,Central Greenford,5,"Asian, Asian British or Asian Welsh: Other Asian",9,L15: Full-time students,131
E05013518,Central Greenford,6,"Black, Black British, Black Welsh, Caribbean or African: African",-8,Does not apply,153
E05013518,Central Greenford,6,"Black, Black British, Black Welsh, Caribbean or African: African",1,"L1, L2 and L3: Higher managerial, administrative and professional occupations",62
E05013518,Central Greenford,6,"Black, Black British, Black Welsh, Caribbean or African: African",2,"L4, L5 and L6: Lower managerial, administrative and professional occupations",91
E05013518,Central Greenford,6,"Black, Black British, Black Welsh, Caribbean or African: African",3,L7: Intermediate occupations,34
E05013518,Central Greenford,6,"Black, Black British, Black Welsh, Caribbean or African: African",4,L8 and L9: Small employers and own account workers,44
E05013518,Central Greenford,6,"Black, Black British, Black Welsh, Caribbean or African: African",5,L10 and L11: Lower supervisory and technical occupations,14
E05013518,Central Greenford,6,"Black, Black British, Black Welsh, Caribbean or African: African",6,L12: Semi-routine occupations,55
E05013518,Central Greenford,6,"Black, Black British, Black Welsh, Caribbean or African: African",7,L13: Routine occupations,50
E05013518,Central Greenford,6,"Black, Black British, Black Welsh, Caribbean or African: African",8,L14.1 and L14.2: Never worked and long-term unemployed,70
E05013518,Central Greenford,6,"Black, Black British, Black Welsh, Caribbean or African: African",9,L15: Full-time students,83
E05013518,Central Greenford,7,"Black, Black British, Black Welsh, Caribbean or African: Caribbean",-8,Does not apply,68
E05013518,Central Greenford,7,"Black, Black British, Black Welsh, Caribbean or African: Caribbean",1,"L1, L2 and L3: Higher managerial, administrative and professional occupations",70
E05013518,Central Greenford,7,"Black, Black British, Black Welsh, Caribbean or African: Caribbean",2,"L4, L5 and L6: Lower managerial, administrative and professional occupations",128
E05013518,Central Greenford,7,"Black, Black British, Black Welsh, Caribbean or African: Caribbean",3,L7: Intermediate occupations,90
E05013518,Central Greenford,7,"Black, Black British, Black Welsh, Caribbean or African: Caribbean",4,L8 and L9: Small employers and own account workers,44
E05013518,Central Greenford,7,"Black, Black British, Black Welsh, Caribbean or African: Caribbean",5,L10 and L11: Lower supervisory and technical occupations,30
E05013518,Central Greenford,7,"Black, Black British, Black Welsh, Caribbean or African: Caribbean",6,L12: Semi-routine occupations,62
E05013518,Central Greenford,7,"Black, Black British, Black Welsh, Caribbean or African: Caribbean",7,L13: Routine occupations,63
E05013518,Central Greenford,7,"Black, Black British, Black Welsh, Caribbean or African: Caribbean",8,L14.1 and L14.2: Never worked and long-term unemployed,58
E05013518,Central Greenford,7,"Black, Black British, Black Welsh, Caribbean or African: Caribbean",9,L15: Full-time students,34
E05013518,Central Greenford,8,"Black, Black British, Black Welsh, Caribbean or African: Other Black",-8,Does not apply,37
E05013518,Central Greenford,8,"Black, Black British, Black Welsh, Caribbean or African: Other Black",1,"L1, L2 and L3: Higher managerial, administrative and professional occupations",16
E05013518,Central Greenford,8,"Black, Black British, Black Welsh, Caribbean or African: Other Black",2,"L4, L5 and L6: Lower managerial, administrative and professional occupations",23
E05013518,Central Greenford,8,"Black, Black British, Black Welsh, Caribbean or African: Other Black",3,L7: Intermediate occupations,18
E05013518,Central Greenford,8,"Black, Black British, Black Welsh, Caribbean or African: Other Black",4,L8 and L9: Small employers and own account workers,8
E05013518,Central Greenford,8,"Black, Black British, Black Welsh, Caribbean or African: Other Black",5,L10 and L11: Lower supervisory and technical occupations,2
E05013518,Central Greenford,8,"Black, Black British, Black Welsh, Caribbean or African: Other Black",6,L12: Semi-routine occupations,13
E05013518,Central Greenford,8,"Black, Black British, Black Welsh, Caribbean or African: Other Black",7,L13: Routine occupations,12
E05013518,Central Greenford,8,"Black, Black British, Black Welsh, Caribbean or African: Other Black",8,L14.1 and L14.2: Never worked and long-term unemployed,10
E05013518,Central Greenford,8,"Black, Black British, Black Welsh, Caribbean or African: Other Black",9,L15: Full-time students,20
E05013518,Central Greenford,9,Mixed or Multiple ethnic groups: White and Asian,-8,Does not apply,81
E05013518,Central Greenford,9,Mixed or Multiple ethnic groups: White and Asian,1,"L1, L2 and L3: Higher managerial, administrative and professional occupations",10
E05013518,Central Greenford,9,Mixed or Multiple ethnic groups: White and Asian,2,"L4, L5 and L6: Lower managerial, administrative and professional occupations",23
E05013518,Central Greenford,9,Mixed or Multiple ethnic groups: White and Asian,3,L7: Intermediate occupations,13
E05013518,Central Greenford,9,Mixed or Multiple ethnic groups: White and Asian,4,L8 and L9: Small employers and own account workers,8
E05013518,Central Greenford,9,Mixed or Multiple ethnic groups: White and Asian,5,L10 and L11: Lower supervisory and technical occupations,2
E05013518,Central Greenford,9,Mixed or Multiple ethnic groups: White and Asian,6,L12: Semi-routine occupations,7
E05013518,Central Greenford,9,Mixed or Multiple ethnic groups: White and Asian,7,L13: Routine occupations,4
E05013518,Central Greenford,9,Mixed or Multiple ethnic groups: White and Asian,8,L14.1 and L14.2: Never worked and long-term unemployed,8
E05013518,Central Greenford,9,Mixed or Multiple ethnic groups: White and Asian,9,L15: Full-time students,14
E05013518,Central Greenford,10,Mixed or Multiple ethnic groups: White and Black African,-8,Does not apply,29
E05013518,Central Greenford,10,Mixed or Multiple ethnic groups: White and Black African,1,"L1, L2 and L3: Higher managerial, administrative and professional occupations",2
E05013518,Central Greenford,10,Mixed or Multiple ethnic groups: White and Black African,2,"L4, L5 and L6: Lower managerial, administrative and professional occupations",13
E05013518,Central Greenford,10,Mixed or Multiple ethnic groups: White and Black African,3,L7: Intermediate occupations,3
E05013518,Central Greenford,10,Mixed or Multiple ethnic groups: White and Black African,4,L8 and L9: Small employers and own account workers,1
E05013518,Central Greenford,10,Mixed or Multiple ethnic groups: White and Black African,5,L10 and L11: Lower supervisory and technical occupations,0
E05013518,Central Greenford,10,Mixed or Multiple ethnic groups: White and Black African,6,L12: Semi-routine occupations,1
E05013518,Central Greenford,10,Mixed or Multiple ethnic groups: White and Black African,7,L13: Routine occupations,2
E05013518,Central Greenford,10,Mixed or Multiple ethnic groups: White and Black African,8,L14.1 and L14.2: Never worked and long-term unemployed,6
E05013518,Central Greenford,10,Mixed or Multiple ethnic groups: White and Black African,9,L15: Full-time students,5
E05013518,Central Greenford,11,Mixed or Multiple ethnic groups: White and Black Caribbean,-8,Does not apply,64
E05013518,Central Greenford,11,Mixed or Multiple ethnic groups: White and Black Caribbean,1,"L1, L2 and L3: Higher managerial, administrative and professional occupations",14
E05013518,Central Greenford,11,Mixed or Multiple ethnic groups: White and Black Caribbean,2,"L4, L5 and L6: Lower managerial, administrative and professional occupations",25
E05013518,Central Greenford,11,Mixed or Multiple ethnic groups: White and Black Caribbean,3,L7: Intermediate occupations,12
E05013518,Central Greenford,11,Mixed or Multiple ethnic groups: White and Black Caribbean,4,L8 and L9: Small employers and own account workers,13
E05013518,Central Greenford,11,Mixed or Multiple ethnic groups: White and Black Caribbean,5,L10 and L11: Lower supervisory and technical occupations,8
E05013518,Central Greenford,11,Mixed or Multiple ethnic groups: White and Black Caribbean,6,L12: Semi-routine occupations,7
E05013518,Central Greenford,11,Mixed or Multiple ethnic groups: White and Black Caribbean,7,L13: Routine occupations,10
E05013518,Central Greenford,11,Mixed or Multiple ethnic groups: White and Black Caribbean,8,L14.1 and L14.2: Never worked and long-term unemployed,19
E05013518,Central Greenford,11,Mixed or Multiple ethnic groups: White and Black Caribbean,9,L15: Full-time students,16
E05013518,Central Greenford,12,Mixed or Multiple ethnic groups: Other Mixed or Multiple ethnic groups,-8,Does not apply,98
E05013518,Central Greenford,12,Mixed or Multiple ethnic groups: Other Mixed or Multiple ethnic groups,1,"L1, L2 and L3: Higher managerial, administrative and professional occupations",19
E05013518,Central Greenford,12,Mixed or Multiple ethnic groups: Other Mixed or Multiple ethnic groups,2,"L4, L5 and L6: Lower managerial, administrative and professional occupations",21
E05013518,Central Greenford,12,Mixed or Multiple ethnic groups: Other Mixed or Multiple ethnic groups,3,L7: Intermediate occupations,12
E05013518,Central Greenford,12,Mixed or Multiple ethnic groups: Other Mixed or Multiple ethnic groups,4,L8 and L9: Small employers and own account workers,16
E05013518,Central Greenford,12,Mixed or Multiple ethnic groups: Other Mixed or Multiple ethnic groups,5,L10 and L11: Lower supervisory and technical occupations,7
E05013518,Central Greenford,12,Mixed or Multiple ethnic groups: Other Mixed or Multiple ethnic groups,6,L12: Semi-routine occupations,12
E05013518,Central Greenford,12,Mixed or Multiple ethnic groups: Other Mixed or Multiple ethnic groups,7,L13: Routine occupations,13
E05013518,Central Greenford,12,Mixed or Multiple ethnic groups: Other Mixed or Multiple ethnic groups,8,L14.1 and L14.2: Never worked and long-term unemployed,13
E05013518,Central Greenford,12,Mixed or Multiple ethnic groups: Other Mixed or Multiple ethnic groups,9,L15: Full-time students,9
E05013518,Central Greenford,13,"White: English, Welsh, Scottish, Northern Irish or British",-8,Does not apply,483
E05013518,Central Greenford,13,"White: English, Welsh, Scottish, Northern Irish or British",1,"L1, L2 and L3: Higher managerial, administrative and professional occupations",257
E05013518,Central Greenford,13,"White: English, Welsh, Scottish, Northern Irish or British",2,"L4, L5 and L6: Lower managerial, administrative and professional occupations",456
E05013518,Central Greenford,13,"White: English, Welsh, Scottish, Northern Irish or British",3,L7: Intermediate occupations,312
E05013518,Central Greenford,13,"White: English, Welsh, Scottish, Northern Irish or British",4,L8 and L9: Small employers and own account workers,327
E05013518,Central Greenford,13,"White: English, Welsh, Scottish, Northern Irish or British",5,L10 and L11: Lower supervisory and technical occupations,127
E05013518,Central Greenford,13,"White: English, Welsh, Scottish, Northern Irish or British",6,L12: Semi-routine occupations,206
E05013518,Central Greenford,13,"White: English, Welsh, Scottish, Northern Irish or British",7,L13: Routine occupations,305
E05013518,Central Greenford,13,"White: English, Welsh, Scottish, Northern Irish or British",8,L14.1 and L14.2: Never worked and long-term unemployed,191
E05013518,Central Greenford,13,"White: English, Welsh, Scottish, Northern Irish or British",9,L15: Full-time students,103
E05013518,Central Greenford,14,White: Irish,-8,Does not apply,17
E05013518,Central Greenford,14,White: Irish,1,"L1, L2 and L3: Higher managerial, administrative and professional occupations",38
E05013518,Central Greenford,14,White: Irish,2,"L4, L5 and L6: Lower managerial, administrative and professional occupations",61
E05013518,Central Greenford,14,White: Irish,3,L7: Intermediate occupations,51
E05013518,Central Greenford,14,White: Irish,4,L8 and L9: Small employers and own account workers,44
E05013518,Central Greenford,14,White: Irish,5,L10 and L11: Lower supervisory and technical occupations,25
E05013518,Central Greenford,14,White: Irish,6,L12: Semi-routine occupations,22
E05013518,Central Greenford,14,White: Irish,7,L13: Routine occupations,43
E05013518,Central Greenford,14,White: Irish,8,L14.1 and L14.2: Never worked and long-term unemployed,27
E05013518,Central Greenford,14,White: Irish,9,L15: Full-time students,7
E05013518,Central Greenford,15,White: Gypsy or Irish Traveller,-8,Does not apply,0
E05013518,Central Greenford,15,White: Gypsy or Irish Traveller,1,"L1, L2 and L3: Higher managerial, administrative and professional occupations",0
E05013518,Central Greenford,15,White: Gypsy or Irish Traveller,2,"L4, L5 and L6: Lower managerial, administrative and professional occupations",0
E05013518,Central Greenford,15,White: Gypsy or Irish Traveller,3,L7: Intermediate occupations,0
E05013518,Central Greenford,15,White: Gypsy or Irish Traveller,4,L8 and L9: Small employers and own account workers,0
E05013518,Central Greenford,15,White: Gypsy or Irish Traveller,5,L10 and L11: Lower supervisory and technical occupations,0
E05013518,Central Greenford,15,White: Gypsy or Irish Traveller,6,L12: Semi-routine occupations,0
E05013518,Central Greenford,15,White: Gypsy or Irish Traveller,7,L13: Routine occupations,1
E05013518,Central Greenford,15,White: Gypsy or Irish Traveller,8,L14.1 and L14.2: Never worked and long-term unemployed,0
E05013518,Central Greenford,15,White: Gypsy or Irish Traveller,9,L15: Full-time students,0
E05013518,Central Greenford,16,White: Roma,-8,Does not apply,7
E05013518,Central Greenford,16,White: Roma,1,"L1, L2 and L3: Higher managerial, administrative and professional occupations",2
E05013518,Central Greenford,16,White: Roma,2,"L4, L5 and L6: Lower managerial, administrative and professional occupations",2
E05013518,Central Greenford,16,White: Roma,3,L7: Intermediate occupations,2
E05013518,Central Greenford,16,White: Roma,4,L8 and L9: Small employers and own account workers,16
E05013518,Central Greenford,16,White: Roma,5,L10 and L11: Lower supervisory and technical occupations,4
E05013518,Central Greenford,16,White: Roma,6,L12: Semi-routine occupations,1
E05013518,Central Greenford,16,White: Roma,7,L13: Routine occupations,7
E05013518,Central Greenford,16,White: Roma,8,L14.1 and L14.2: Never worked and long-term unemployed,0
E05013518,Central Greenford,16,White: Roma,9,L15: Full-time students,0
E05013518,Central Greenford,17,White: Other White,-8,Does not apply,519
E05013518,Central Greenford,17,White: Other White,1,"L1, L2 and L3: Higher managerial, administrative and professional occupations",150
E05013518,Central Greenford,17,White: Other White,2,"L4, L5 and L6: Lower managerial, administrative and professional occupations",325
E05013518,Central Greenford,17,White: Other White,3,L7: Intermediate occupations,190
E05013518,Central Greenford,17,White: Other White,4,L8 and L9: Small employers and own account workers,913
E05013518,Central Greenford,17,White: Other White,5,L10 and L11: Lower supervisory and technical occupations,130
E05013518,Central Greenford,17,White: Other White,6,L12: Semi-routine occupations,200
E05013518,Central Greenford,17,White: Other White,7,L13: Routine occupations,429
E05013518,Central Greenford,17,White: Other White,8,L14.1 and L14.2: Never worked and long-term unemployed,116
E05013518,Central Greenford,17,White: Other White,9,L15: Full-time students,179
E05013518,Central Greenford,18,Other ethnic group: Arab,-8,Does not apply,250
E05013518,Central Greenford,18,Other ethnic group: Arab,1,"L1, L2 and L3: Higher managerial, administrative and professional occupations",65
E05013518,Central Greenford,18,Other ethnic group: Arab,2,"L4, L5 and L6: Lower managerial, administrative and professional occupations",94
E05013518,Central Greenford,18,Other ethnic group: Arab,3,L7: Intermediate occupations,40
E05013518,Central Greenford,18,Other ethnic group: Arab,4,L8 and L9: Small employers and own account workers,71
E05013518,Central Greenford,18,Other ethnic group: Arab,5,L10 and L11: Lower supervisory and technical occupations,30
E05013518,Central Greenford,18,Other ethnic group: Arab,6,L12: Semi-routine occupations,42
E05013518,Central Greenford,18,Other ethnic group: Arab,7,L13: Routine occupations,52
E05013518,Central Greenford,18,Other ethnic group: Arab,8,L14.1 and L14.2: Never worked and long-term unemployed,149
E05013518,Central Greenford,18,Other ethnic group: Arab,9,L15: Full-time students,131
E05013518,Central Greenford,19,Other ethnic group: Any other ethnic group,-8,Does not apply,131
E05013518,Central Greenford,19,Other ethnic group: Any other ethnic group,1,"L1, L2 and L3: Higher managerial, administrative and professional occupations",49
E05013518,Central Greenford,19,Other ethnic group: Any other ethnic group,2,"L4, L5 and L6: Lower managerial, administrative and professional occupations",99
E05013518,Central Greenford,19,Other ethnic group: Any other ethnic group,3,L7: Intermediate occupations,52
E05013518,Central Greenford,19,Other ethnic group: Any other ethnic group,4,L8 and L9: Small employers and own account workers,91
E05013518,Central Greenford,19,Other ethnic group: Any other ethnic group,5,L10 and L11: Lower supervisory and technical occupations,29
E05013518,Central Greenford,19,Other ethnic group: Any other ethnic group,6,L12: Semi-routine occupations,78
E05013518,Central Greenford,19,Other ethnic group: Any other ethnic group,7,L13: Routine occupations,63
E05013518,Central Greenford,19,Other ethnic group: Any other ethnic group,8,L14.1 and L14.2: Never worked and long-term unemployed,117
E05013518,Central Greenford,19,Other ethnic group: Any other ethnic group,9,L15: Full-time students,61
E05013519,Dormers Wells,-8,Does not apply,-8,Does not apply,0
E05013519,Dormers Wells,-8,Does not apply,1,"L1, L2 and L3: Higher managerial, administrative and professional occupations",0
E05013519,Dormers Wells,-8,Does not apply,2,"L4, L5 and L6: Lower managerial, administrative and professional occupations",0
E05013519,Dormers Wells,-8,Does not apply,3,L7: Intermediate occupations,0
E05013519,Dormers Wells,-8,Does not apply,4,L8 and L9: Small employers and own account workers,0
E05013519,Dormers Wells,-8,Does not apply,5,L10 and L11: Lower supervisory and technical occupations,0
E05013519,Dormers Wells,-8,Does not apply,6,L12: Semi-routine occupations,0
E05013519,Dormers Wells,-8,Does not apply,7,L13: Routine occupations,0
E05013519,Dormers Wells,-8,Does not apply,8,L14.1 and L14.2: Never worked and long-term unemployed,0
E05013519,Dormers Wells,-8,Does not apply,9,L15: Full-time students,0
E05013519,Dormers Wells,1,"Asian, Asian British or Asian Welsh: Bangladeshi",-8,Does not apply,186
E05013519,Dormers Wells,1,"Asian, Asian British or Asian Welsh: Bangladeshi",1,"L1, L2 and L3: Higher managerial, administrative and professional occupations",8
E05013519,Dormers Wells,1,"Asian, Asian British or Asian Welsh: Bangladeshi",2,"L4, L5 and L6: Lower managerial, administrative and professional occupations",22
E05013519,Dormers Wells,1,"Asian, Asian British or Asian Welsh: Bangladeshi",3,L7: Intermediate occupations,28
E05013519,Dormers Wells,1,"Asian, Asian British or Asian Welsh: Bangladeshi",4,L8 and L9: Small employers and own account workers,21
E05013519,Dormers Wells,1,"Asian, Asian British or Asian Welsh: Bangladeshi",5,L10 and L11: Lower supervisory and technical occupations,11
E05013519,Dormers Wells,1,"Asian, Asian British or Asian Welsh: Bangladeshi",6,L12: Semi-routine occupations,22
E05013519,Dormers Wells,1,"Asian, Asian British or Asian Welsh: Bangladeshi",7,L13: Routine occupations,65
E05013519,Dormers Wells,1,"Asian, Asian British or Asian Welsh: Bangladeshi",8,L14.1 and L14.2: Never worked and long-term unemployed,96
E05013519,Dormers Wells,1,"Asian, Asian British or Asian Welsh: Bangladeshi",9,L15: Full-time students,55
E05013519,Dormers Wells,2,"Asian, Asian British or Asian Welsh: Chinese",-8,Does not apply,13
E05013519,Dormers Wells,2,"Asian, Asian British or Asian Welsh: Chinese",1,"L1, L2 and L3: Higher managerial, administrative and professional occupations",6
E05013519,Dormers Wells,2,"Asian, Asian British or Asian Welsh: Chinese",2,"L4, L5 and L6: Lower managerial, administrative and professional occupations",11
E05013519,Dormers Wells,2,"Asian, Asian British or Asian Welsh: Chinese",3,L7: Intermediate occupations,11
E05013519,Dormers Wells,2,"Asian, Asian British or Asian Welsh: Chinese",4,L8 and L9: Small employers and own account workers,5
E05013519,Dormers Wells,2,"Asian, Asian British or Asian Welsh: Chinese",5,L10 and L11: Lower supervisory and technical occupations,2
E05013519,Dormers Wells,2,"Asian, Asian British or Asian Welsh: Chinese",6,L12: Semi-routine occupations,3
E05013519,Dormers Wells,2,"Asian, Asian British or Asian Welsh: Chinese",7,L13: Routine occupations,1
E05013519,Dormers Wells,2,"Asian, Asian British or Asian Welsh: Chinese",8,L14.1 and L14.2: Never worked and long-term unemployed,6
E05013519,Dormers Wells,2,"Asian, Asian British or Asian Welsh: Chinese",9,L15: Full-time students,2
E05013519,Dormers Wells,3,"Asian, Asian British or Asian Welsh: Indian",-8,Does not apply,776
E05013519,Dormers Wells,3,"Asian, Asian British or Asian Welsh: Indian",1,"L1, L2 and L3: Higher managerial, administrative and professional occupations",300
E05013519,Dormers Wells,3,"Asian, Asian British or Asian Welsh: Indian",2,"L4, L5 and L6: Lower managerial, administrative and professional occupations",583
E05013519,Dormers Wells,3,"Asian, Asian British or Asian Welsh: Indian",3,L7: Intermediate occupations,493
E05013519,Dormers Wells,3,"Asian, Asian British or Asian Welsh: Indian",4,L8 and L9: Small employers and own account workers,323
E05013519,Dormers Wells,3,"Asian, Asian British or Asian Welsh: Indian",5,L10 and L11: Lower supervisory and technical occupations,261
E05013519,Dormers Wells,3,"Asian, Asian British or Asian Welsh: Indian",6,L12: Semi-routine occupations,469
E05013519,Dormers Wells,3,"Asian, Asian British or Asian Welsh: Indian",7,L13: Routine occupations,878
E05013519,Dormers Wells,3,"Asian, Asian British or Asian Welsh: Indian",8,L14.1 and L14.2: Never worked and long-term unemployed,712
E05013519,Dormers Wells,3,"Asian, Asian British or Asian Welsh: Indian",9,L15: Full-time students,369
E05013519,Dormers Wells,4,"Asian, Asian British or Asian Welsh: Pakistani",-8,Does not apply,342
E05013519,Dormers Wells,4,"Asian, Asian British or Asian Welsh: Pakistani",1,"L1, L2 and L3: Higher managerial, administrative and professional occupations",58
E05013519,Dormers Wells,4,"Asian, Asian British or Asian Welsh: Pakistani",2,"L4, L5 and L6: Lower managerial, administrative and professional occupations",148
E05013519,Dormers Wells,4,"Asian, Asian British or Asian Welsh: Pakistani",3,L7: Intermediate occupations,90
E05013519,Dormers Wells,4,"Asian, Asian British or Asian Welsh: Pakistani",4,L8 and L9: Small employers and own account workers,106
E05013519,Dormers Wells,4,"Asian, Asian British or Asian Welsh: Pakistani",5,L10 and L11: Lower supervisory and technical occupations,52
E05013519,Dormers Wells,4,"Asian, Asian British or Asian Welsh: Pakistani",6,L12: Semi-routine occupations,121
E05013519,Dormers Wells,4,"Asian, Asian British or Asian Welsh: Pakistani",7,L13: Routine occupations,139
E05013519,Dormers Wells,4,"Asian, Asian British or Asian Welsh: Pakistani",8,L14.1 and L14.2: Never worked and long-term unemployed,258
E05013519,Dormers Wells,4,"Asian, Asian British or Asian Welsh: Pakistani",9,L15: Full-time students,138
E05013519,Dormers Wells,5,"Asian, Asian British or Asian Welsh: Other Asian",-8,Does not apply,479
E05013519,Dormers Wells,5,"Asian, Asian British or Asian Welsh: Other Asian",1,"L1, L2 and L3: Higher managerial, administrative and professional occupations",68
E05013519,Dormers Wells,5,"Asian, Asian British or Asian Welsh: Other Asian",2,"L4, L5 and L6: Lower managerial, administrative and professional occupations",122
E05013519,Dormers Wells,5,"Asian, Asian British or Asian Welsh: Other Asian",3,L7: Intermediate occupations,98
E05013519,Dormers Wells,5,"Asian, Asian British or Asian Welsh: Other Asian",4,L8 and L9: Small employers and own account workers,131
E05013519,Dormers Wells,5,"Asian, Asian British or Asian Welsh: Other Asian",5,L10 and L11: Lower supervisory and technical occupations,64
E05013519,Dormers Wells,5,"Asian, Asian British or Asian Welsh: Other Asian",6,L12: Semi-routine occupations,163
E05013519,Dormers Wells,5,"Asian, Asian British or Asian Welsh: Other Asian",7,L13: Routine occupations,182
E05013519,Dormers Wells,5,"Asian, Asian British or Asian Welsh: Other Asian",8,L14.1 and L14.2: Never worked and long-term unemployed,324
E05013519,Dormers Wells,5,"Asian, Asian British or Asian Welsh: Other Asian",9,L15: Full-time students,199
E05013519,Dormers Wells,6,"Black, Black British, Black Welsh, Caribbean or African: African",-8,Does not apply,412
E05013519,Dormers Wells,6,"Black, Black British, Black Welsh, Caribbean or African: African",1,"L1, L2 and L3: Higher managerial, administrative and professional occupations",37
E05013519,Dormers Wells,6,"Black, Black British, Black Welsh, Caribbean or African: African",2,"L4, L5 and L6: Lower managerial, administrative and professional occupations",109
E05013519,Dormers Wells,6,"Black, Black British, Black Welsh, Caribbean or African: African",3,L7: Intermediate occupations,87
E05013519,Dormers Wells,6,"Black, Black British, Black Welsh, Caribbean or African: African",4,L8 and L9: Small employers and own account workers,78
E05013519,Dormers Wells,6,"Black, Black British, Black Welsh, Caribbean or African: African",5,L10 and L11: Lower supervisory and technical occupations,31
E05013519,Dormers Wells,6,"Black, Black British, Black Welsh, Caribbean or African: African",6,L12: Semi-routine occupations,168
E05013519,Dormers Wells,6,"Black, Black British, Black Welsh, Caribbean or African: African",7,L13: Routine occupations,115
E05013519,Dormers Wells,6,"Black, Black British, Black Welsh, Caribbean or African: African",8,L14.1 and L14.2: Never worked and long-term unemployed,257
E05013519,Dormers Wells,6,"Black, Black British, Black Welsh, Caribbean or African: African",9,L15: Full-time students,215
E05013519,Dormers Wells,7,"Black, Black British, Black Welsh, Caribbean or African: Caribbean",-8,Does not apply,83
E05013519,Dormers Wells,7,"Black, Black British, Black Welsh, Caribbean or African: Caribbean",1,"L1, L2 and L3: Higher managerial, administrative and professional occupations",33
E05013519,Dormers Wells,7,"Black, Black British, Black Welsh, Caribbean or African: Caribbean",2,"L4, L5 and L6: Lower managerial, administrative and professional occupations",91
E05013519,Dormers Wells,7,"Black, Black British, Black Welsh, Caribbean or African: Caribbean",3,L7: Intermediate occupations,74
E05013519,Dormers Wells,7,"Black, Black British, Black Welsh, Caribbean or African: Caribbean",4,L8 and L9: Small employers and own account workers,35
E05013519,Dormers Wells,7,"Black, Black British, Black Welsh, Caribbean or African: Caribbean",5,L10 and L11: Lower supervisory and technical occupations,22
E05013519,Dormers Wells,7,"Black, Black British, Black Welsh, Caribbean or African: Caribbean",6,L12: Semi-routine occupations,71
E05013519,Dormers Wells,7,"Black, Black British, Black Welsh, Caribbean or African: Caribbean",7,L13: Routine occupations,83
E05013519,Dormers Wells,7,"Black, Black British, Black Welsh, Caribbean or African: Caribbean",8,L14.1 and L14.2: Never worked and long-term unemployed,55
E05013519,Dormers Wells,7,"Black, Black British, Black Welsh, Caribbean or African: Caribbean",9,L15: Full-time students,36
E05013519,Dormers Wells,8,"Black, Black British, Black Welsh, Caribbean or African: Other Black",-8,Does not apply,73
E05013519,Dormers Wells,8,"Black, Black British, Black Welsh, Caribbean or African: Other Black",1,"L1, L2 and L3: Higher managerial, administrative and professional occupations",5
E05013519,Dormers Wells,8,"Black, Black British, Black Welsh, Caribbean or African: Other Black",2,"L4, L5 and L6: Lower managerial, administrative and professional occupations",37
E05013519,Dormers Wells,8,"Black, Black British, Black Welsh, Caribbean or African: Other Black",3,L7: Intermediate occupations,25
E05013519,Dormers Wells,8,"Black, Black British, Black Welsh, Caribbean or African: Other Black",4,L8 and L9: Small employers and own account workers,14
E05013519,Dormers Wells,8,"Black, Black British, Black Welsh, Caribbean or African: Other Black",5,L10 and L11: Lower supervisory and technical occupations,6
E05013519,Dormers Wells,8,"Black, Black British, Black Welsh, Caribbean or African: Other Black",6,L12: Semi-routine occupations,33
E05013519,Dormers Wells,8,"Black, Black British, Black Welsh, Caribbean or African: Other Black",7,L13: Routine occupations,19
E05013519,Dormers Wells,8,"Black, Black British, Black Welsh, Caribbean or African: Other Black",8,L14.1 and L14.2: Never worked and long-term unemployed,34
E05013519,Dormers Wells,8,"Black, Black British, Black Welsh, Caribbean or African: Other Black",9,L15: Full-time students,36
E05013519,Dormers Wells,9,Mixed or Multiple ethnic groups: White and Asian,-8,Does not apply,52
E05013519,Dormers Wells,9,Mixed or Multiple ethnic groups: White and Asian,1,"L1, L2 and L3: Higher managerial, administrative and professional occupations",2
E05013519,Dormers Wells,9,Mixed or Multiple ethnic groups: White and Asian,2,"L4, L5 and L6: Lower managerial, administrative and professional occupations",7
E05013519,Dormers Wells,9,Mixed or Multiple ethnic groups: White and Asian,3,L7: Intermediate occupations,9
E05013519,Dormers Wells,9,Mixed or Multiple ethnic groups: White and Asian,4,L8 and L9: Small employers and own account workers,2
E05013519,Dormers Wells,9,Mixed or Multiple ethnic groups: White and Asian,5,L10 and L11: Lower supervisory and technical occupations,1
E05013519,Dormers Wells,9,Mixed or Multiple ethnic groups: White and Asian,6,L12: Semi-routine occupations,6
E05013519,Dormers Wells,9,Mixed or Multiple ethnic groups: White and Asian,7,L13: Routine occupations,5
E05013519,Dormers Wells,9,Mixed or Multiple ethnic groups: White and Asian,8,L14.1 and L14.2: Never worked and long-term unemployed,5
E05013519,Dormers Wells,9,Mixed or Multiple ethnic groups: White and Asian,9,L15: Full-time students,10
E05013519,Dormers Wells,10,Mixed or Multiple ethnic groups: White and Black African,-8,Does not apply,16
E05013519,Dormers Wells,10,Mixed or Multiple ethnic groups: White and Black African,1,"L1, L2 and L3: Higher managerial, administrative and professional occupations",2
E05013519,Dormers Wells,10,Mixed or Multiple ethnic groups: White and Black African,2,"L4, L5 and L6: Lower managerial, administrative and professional occupations",5
E05013519,Dormers Wells,10,Mixed or Multiple ethnic groups: White and Black African,3,L7: Intermediate occupations,1
E05013519,Dormers Wells,10,Mixed or Multiple ethnic groups: White and Black African,4,L8 and L9: Small employers and own account workers,1
E05013519,Dormers Wells,10,Mixed or Multiple ethnic groups: White and Black African,5,L10 and L11: Lower supervisory and technical occupations,1
E05013519,Dormers Wells,10,Mixed or Multiple ethnic groups: White and Black African,6,L12: Semi-routine occupations,8
E05013519,Dormers Wells,10,Mixed or Multiple ethnic groups: White and Black African,7,L13: Routine occupations,1
E05013519,Dormers Wells,10,Mixed or Multiple ethnic groups: White and Black African,8,L14.1 and L14.2: Never worked and long-term unemployed,5
E05013519,Dormers Wells,10,Mixed or Multiple ethnic groups: White and Black African,9,L15: Full-time students,9
E05013519,Dormers Wells,11,Mixed or Multiple ethnic groups: White and Black Caribbean,-8,Does not apply,66
E05013519,Dormers Wells,11,Mixed or Multiple ethnic groups: White and Black Caribbean,1,"L1, L2 and L3: Higher managerial, administrative and professional occupations",0
E05013519,Dormers Wells,11,Mixed or Multiple ethnic groups: White and Black Caribbean,2,"L4, L5 and L6: Lower managerial, administrative and professional occupations",10
E05013519,Dormers Wells,11,Mixed or Multiple ethnic groups: White and Black Caribbean,3,L7: Intermediate occupations,9
E05013519,Dormers Wells,11,Mixed or Multiple ethnic groups: White and Black Caribbean,4,L8 and L9: Small employers and own account workers,7
E05013519,Dormers Wells,11,Mixed or Multiple ethnic groups: White and Black Caribbean,5,L10 and L11: Lower supervisory and technical occupations,4
E05013519,Dormers Wells,11,Mixed or Multiple ethnic groups: White and Black Caribbean,6,L12: Semi-routine occupations,10
E05013519,Dormers Wells,11,Mixed or Multiple ethnic groups: White and Black Caribbean,7,L13: Routine occupations,7
E05013519,Dormers Wells,11,Mixed or Multiple ethnic groups: White and Black Caribbean,8,L14.1 and L14.2: Never worked and long-term unemployed,7
E05013519,Dormers Wells,11,Mixed or Multiple ethnic groups: White and Black Caribbean,9,L15: Full-time students,18
E05013519,Dormers Wells,12,Mixed or Multiple ethnic groups: Other Mixed or Multiple ethnic groups,-8,Does not apply,67
E05013519,Dormers Wells,12,Mixed or Multiple ethnic groups: Other Mixed or Multiple ethnic groups,1,"L1, L2 and L3: Higher managerial, administrative and professional occupations",9
E05013519,Dormers Wells,12,Mixed or Multiple ethnic groups: Other Mixed or Multiple ethnic groups,2,"L4, L5 and L6: Lower managerial, administrative and professional occupations",8
E05013519,Dormers Wells,12,Mixed or Multiple ethnic groups: Other Mixed or Multiple ethnic groups,3,L7: Intermediate occupations,7
E05013519,Dormers Wells,12,Mixed or Multiple ethnic groups: Other Mixed or Multiple ethnic groups,4,L8 and L9: Small employers and own account workers,3
E05013519,Dormers Wells,12,Mixed or Multiple ethnic groups: Other Mixed or Multiple ethnic groups,5,L10 and L11: Lower supervisory and technical occupations,2
E05013519,Dormers Wells,12,Mixed or Multiple ethnic groups: Other Mixed or Multiple ethnic groups,6,L12: Semi-routine occupations,8
E05013519,Dormers Wells,12,Mixed or Multiple ethnic groups: Other Mixed or Multiple ethnic groups,7,L13: Routine occupations,3
E05013519,Dormers Wells,12,Mixed or Multiple ethnic groups: Other Mixed or Multiple ethnic groups,8,L14.1 and L14.2: Never worked and long-term unemployed,11
E05013519,Dormers Wells,12,Mixed or Multiple ethnic groups: Other Mixed or Multiple ethnic groups,9,L15: Full-time students,17
E05013519,Dormers Wells,13,"White: English, Welsh, Scottish, Northern Irish or British",-8,Does not apply,185
E05013519,Dormers Wells,13,"White: English, Welsh, Scottish, Northern Irish or British",1,"L1, L2 and L3: Higher managerial, administrative and professional occupations",57
E05013519,Dormers Wells,13,"White: English, Welsh, Scottish, Northern Irish or British",2,"L4, L5 and L6: Lower managerial, administrative and professional occupations",128
E05013519,Dormers Wells,13,"White: English, Welsh, Scottish, Northern Irish or British",3,L7: Intermediate occupations,122
E05013519,Dormers Wells,13,"White: English, Welsh, Scottish, Northern Irish or British",4,L8 and L9: Small employers and own account workers,88
E05013519,Dormers Wells,13,"White: English, Welsh, Scottish, Northern Irish or British",5,L10 and L11: Lower supervisory and technical occupations,53
E05013519,Dormers Wells,13,"White: English, Welsh, Scottish, Northern Irish or British",6,L12: Semi-routine occupations,114
E05013519,Dormers Wells,13,"White: English, Welsh, Scottish, Northern Irish or British",7,L13: Routine occupations,121
E05013519,Dormers Wells,13,"White: English, Welsh, Scottish, Northern Irish or British",8,L14.1 and L14.2: Never worked and long-term unemployed,187
E05013519,Dormers Wells,13,"White: English, Welsh, Scottish, Northern Irish or British",9,L15: Full-time students,43
E05013519,Dormers Wells,14,White: Irish,-8,Does not apply,9
E05013519,Dormers Wells,14,White: Irish,1,"L1, L2 and L3: Higher managerial, administrative and professional occupations",4
E05013519,Dormers Wells,14,White: Irish,2,"L4, L5 and L6: Lower managerial, administrative and professional occupations",33
E05013519,Dormers Wells,14,White: Irish,3,L7: Intermediate occupations,13
E05013519,Dormers Wells,14,White: Irish,4,L8 and L9: Small employers and own account workers,12
E05013519,Dormers Wells,14,White: Irish,5,L10 and L11: Lower supervisory and technical occupations,5
E05013519,Dormers Wells,14,White: Irish,6,L12: Semi-routine occupations,14
E05013519,Dormers Wells,14,White: Irish,7,L13: Routine occupations,15
E05013519,Dormers Wells,14,White: Irish,8,L14.1 and L14.2: Never worked and long-term unemployed,17
E05013519,Dormers Wells,14,White: Irish,9,L15: Full-time students,3
E05013519,Dormers Wells,15,White: Gypsy or Irish Traveller,-8,Does not apply,2
E05013519,Dormers Wells,15,White: Gypsy or Irish Traveller,1,"L1, L2 and L3: Higher managerial, administrative and professional occupations",0
E05013519,Dormers Wells,15,White: Gypsy or Irish Traveller,2,"L4, L5 and L6: Lower managerial, administrative and professional occupations",0
E05013519,Dormers Wells,15,White: Gypsy or Irish Traveller,3,L7: Intermediate occupations,0
E05013519,Dormers Wells,15,White: Gypsy or Irish Traveller,4,L8 and L9: Small employers and own account workers,1
E05013519,Dormers Wells,15,White: Gypsy or Irish Traveller,5,L10 and L11: Lower supervisory and technical occupations,1
E05013519,Dormers Wells,15,White: Gypsy or Irish Traveller,6,L12: Semi-routine occupations,0
E05013519,Dormers Wells,15,White: Gypsy or Irish Traveller,7,L13: Routine occupations,1
E05013519,Dormers Wells,15,White: Gypsy or Irish Traveller,8,L14.1 and L14.2: Never worked and long-term unemployed,9
E05013519,Dormers Wells,15,White: Gypsy or Irish Traveller,9,L15: Full-time students,1
E05013519,Dormers Wells,16,White: Roma,-8,Does not apply,2
E05013519,Dormers Wells,16,White: Roma,1,"L1, L2 and L3: Higher managerial, administrative and professional occupations",0
E05013519,Dormers Wells,16,White: Roma,2,"L4, L5 and L6: Lower managerial, administrative and professional occupations",2
E05013519,Dormers Wells,16,White: Roma,3,L7: Intermediate occupations,0
E05013519,Dormers Wells,16,White: Roma,4,L8 and L9: Small employers and own account workers,3
E05013519,Dormers Wells,16,White: Roma,5,L10 and L11: Lower supervisory and technical occupations,0
E05013519,Dormers Wells,16,White: Roma,6,L12: Semi-routine occupations,2
E05013519,Dormers Wells,16,White: Roma,7,L13: Routine occupations,8
E05013519,Dormers Wells,16,White: Roma,8,L14.1 and L14.2: Never worked and long-term unemployed,0
E05013519,Dormers Wells,16,White: Roma,9,L15: Full-time students,3
E05013519,Dormers Wells,17,White: Other White,-8,Does not apply,125
E05013519,Dormers Wells,17,White: Other White,1,"L1, L2 and L3: Higher managerial, administrative and professional occupations",47
E05013519,Dormers Wells,17,White: Other White,2,"L4, L5 and L6: Lower managerial, administrative and professional occupations",85
E05013519,Dormers Wells,17,White: Other White,3,L7: Intermediate occupations,32
E05013519,Dormers Wells,17,White: Other White,4,L8 and L9: Small employers and own account workers,241
E05013519,Dormers Wells,17,White: Other White,5,L10 and L11: Lower supervisory and technical occupations,32
E05013519,Dormers Wells,17,White: Other White,6,L12: Semi-routine occupations,58
E05013519,Dormers Wells,17,White: Other White,7,L13: Routine occupations,121
E05013519,Dormers Wells,17,White: Other White,8,L14.1 and L14.2: Never worked and long-term unemployed,59
E05013519,Dormers Wells,17,White: Other White,9,L15: Full-time students,46
E05013519,Dormers Wells,18,Other ethnic group: Arab,-8,Does not apply,110
E05013519,Dormers Wells,18,Other ethnic group: Arab,1,"L1, L2 and L3: Higher managerial, administrative and professional occupations",15
E05013519,Dormers Wells,18,Other ethnic group: Arab,2,"L4, L5 and L6: Lower managerial, administrative and professional occupations",25
E05013519,Dormers Wells,18,Other ethnic group: Arab,3,L7: Intermediate occupations,17
E05013519,Dormers Wells,18,Other ethnic group: Arab,4,L8 and L9: Small employers and own account workers,20
E05013519,Dormers Wells,18,Other ethnic group: Arab,5,L10 and L11: Lower supervisory and technical occupations,6
E05013519,Dormers Wells,18,Other ethnic group: Arab,6,L12: Semi-routine occupations,29
E05013519,Dormers Wells,18,Other ethnic group: Arab,7,L13: Routine occupations,14
E05013519,Dormers Wells,18,Other ethnic group: Arab,8,L14.1 and L14.2: Never worked and long-term unemployed,88
E05013519,Dormers Wells,18,Other ethnic group: Arab,9,L15: Full-time students,35
E05013519,Dormers Wells,19,Other ethnic group: Any other ethnic group,-8,Does not apply,262
E05013519,Dormers Wells,19,Other ethnic group: Any other ethnic group,1,"L1, L2 and L3: Higher managerial, administrative and professional occupations",61
E05013519,Dormers Wells,19,Other ethnic group: Any other ethnic group,2,"L4, L5 and L6: Lower managerial, administrative and professional occupations",116
E05013519,Dormers Wells,19,Other ethnic group: Any other ethnic group,3,L7: Intermediate occupations,70
E05013519,Dormers Wells,19,Other ethnic group: Any other ethnic group,4,L8 and L9: Small employers and own account workers,99
E05013519,Dormers Wells,19,Other ethnic group: Any other ethnic group,5,L10 and L11: Lower supervisory and technical occupations,53
E05013519,Dormers Wells,19,Other ethnic group: Any other ethnic group,6,L12: Semi-routine occupations,144
E05013519,Dormers Wells,19,Other ethnic group: Any other ethnic group,7,L13: Routine occupations,149
E05013519,Dormers Wells,19,Other ethnic group: Any other ethnic group,8,L14.1 and L14.2: Never worked and long-term unemployed,269
E05013519,Dormers Wells,19,Other ethnic group: Any other ethnic group,9,L15: Full-time students,105
E05013520,Ealing Broadway,-8,Does not apply,-8,Does not apply,0
E05013520,Ealing Broadway,-8,Does not apply,1,"L1, L2 and L3: Higher managerial, administrative and professional occupations",0
E05013520,Ealing Broadway,-8,Does not apply,2,"L4, L5 and L6: Lower managerial, administrative and professional occupations",0
E05013520,Ealing Broadway,-8,Does not apply,3,L7: Intermediate occupations,0
E05013520,Ealing Broadway,-8,Does not apply,4,L8 and L9: Small employers and own account workers,0
E05013520,Ealing Broadway,-8,Does not apply,5,L10 and L11: Lower supervisory and technical occupations,0
E05013520,Ealing Broadway,-8,Does not apply,6,L12: Semi-routine occupations,0
E05013520,Ealing Broadway,-8,Does not apply,7,L13: Routine occupations,0
E05013520,Ealing Broadway,-8,Does not apply,8,L14.1 and L14.2: Never worked and long-term unemployed,0
E05013520,Ealing Broadway,-8,Does not apply,9,L15: Full-time students,0
E05013520,Ealing Broadway,1,"Asian, Asian British or Asian Welsh: Bangladeshi",-8,Does not apply,11
E05013520,Ealing Broadway,1,"Asian, Asian British or Asian Welsh: Bangladeshi",1,"L1, L2 and L3: Higher managerial, administrative and professional occupations",16
E05013520,Ealing Broadway,1,"Asian, Asian British or Asian Welsh: Bangladeshi",2,"L4, L5 and L6: Lower managerial, administrative and professional occupations",11
E05013520,Ealing Broadway,1,"Asian, Asian British or Asian Welsh: Bangladeshi",3,L7: Intermediate occupations,6
E05013520,Ealing Broadway,1,"Asian, Asian British or Asian Welsh: Bangladeshi",4,L8 and L9: Small employers and own account workers,0
E05013520,Ealing Broadway,1,"Asian, Asian British or Asian Welsh: Bangladeshi",5,L10 and L11: Lower supervisory and technical occupations,0
E05013520,Ealing Broadway,1,"Asian, Asian British or Asian Welsh: Bangladeshi",6,L12: Semi-routine occupations,2
E05013520,Ealing Broadway,1,"Asian, Asian British or Asian Welsh: Bangladeshi",7,L13: Routine occupations,1
E05013520,Ealing Broadway,1,"Asian, Asian British or Asian Welsh: Bangladeshi",8,L14.1 and L14.2: Never worked and long-term unemployed,3
E05013520,Ealing Broadway,1,"Asian, Asian British or Asian Welsh: Bangladeshi",9,L15: Full-time students,4
E05013520,Ealing Broadway,2,"Asian, Asian British or Asian Welsh: Chinese",-8,Does not apply,52
E05013520,Ealing Broadway,2,"Asian, Asian British or Asian Welsh: Chinese",1,"L1, L2 and L3: Higher managerial, administrative and professional occupations",119
E05013520,Ealing Broadway,2,"Asian, Asian British or Asian Welsh: Chinese",2,"L4, L5 and L6: Lower managerial, administrative and professional occupations",75
E05013520,Ealing Broadway,2,"Asian, Asian British or Asian Welsh: Chinese",3,L7: Intermediate occupations,32
E05013520,Ealing Broadway,2,"Asian, Asian British or Asian Welsh: Chinese",4,L8 and L9: Small employers and own account workers,25
E05013520,Ealing Broadway,2,"Asian, Asian British or Asian Welsh: Chinese",5,L10 and L11: Lower supervisory and technical occupations,4
E05013520,Ealing Broadway,2,"Asian, Asian British or Asian Welsh: Chinese",6,L12: Semi-routine occupations,15
E05013520,Ealing Broadway,2,"Asian, Asian British or Asian Welsh: Chinese",7,L13: Routine occupations,8
E05013520,Ealing Broadway,2,"Asian, Asian British or Asian Welsh: Chinese",8,L14.1 and L14.2: Never worked and long-term unemployed,25
E05013520,Ealing Broadway,2,"Asian, Asian British or Asian Welsh: Chinese",9,L15: Full-time students,18
E05013520,Ealing Broadway,3,"Asian, Asian British or Asian Welsh: Indian",-8,Does not apply,142
E05013520,Ealing Broadway,3,"Asian, Asian British or Asian Welsh: Indian",1,"L1, L2 and L3: Higher managerial, administrative and professional occupations",363
E05013520,Ealing Broadway,3,"Asian, Asian British or Asian Welsh: Indian",2,"L4, L5 and L6: Lower managerial, administrative and professional occupations",188
E05013520,Ealing Broadway,3,"Asian, Asian British or Asian Welsh: Indian",3,L7: Intermediate occupations,54
E05013520,Ealing Broadway,3,"Asian, Asian British or Asian Welsh: Indian",4,L8 and L9: Small employers and own account workers,71
E05013520,Ealing Broadway,3,"Asian, Asian British or Asian Welsh: Indian",5,L10 and L11: Lower supervisory and technical occupations,11
E05013520,Ealing Broadway,3,"Asian, Asian British or Asian Welsh: Indian",6,L12: Semi-routine occupations,36
E05013520,Ealing Broadway,3,"Asian, Asian British or Asian Welsh: Indian",7,L13: Routine occupations,30
E05013520,Ealing Broadway,3,"Asian, Asian British or Asian Welsh: Indian",8,L14.1 and L14.2: Never worked and long-term unemployed,46
E05013520,Ealing Broadway,3,"Asian, Asian British or Asian Welsh: Indian",9,L15: Full-time students,60
E05013520,Ealing Broadway,4,"Asian, Asian British or Asian Welsh: Pakistani",-8,Does not apply,23
E05013520,Ealing Broadway,4,"Asian, Asian British or Asian Welsh: Pakistani",1,"L1, L2 and L3: Higher managerial, administrative and professional occupations",44
E05013520,Ealing Broadway,4,"Asian, Asian British or Asian Welsh: Pakistani",2,"L4, L5 and L6: Lower managerial, administrative and professional occupations",26
E05013520,Ealing Broadway,4,"Asian, Asian British or Asian Welsh: Pakistani",3,L7: Intermediate occupations,9
E05013520,Ealing Broadway,4,"Asian, Asian British or Asian Welsh: Pakistani",4,L8 and L9: Small employers and own account workers,14
E05013520,Ealing Broadway,4,"Asian, Asian British or Asian Welsh: Pakistani",5,L10 and L11: Lower supervisory and technical occupations,3
E05013520,Ealing Broadway,4,"Asian, Asian British or Asian Welsh: Pakistani",6,L12: Semi-routine occupations,10
E05013520,Ealing Broadway,4,"Asian, Asian British or Asian Welsh: Pakistani",7,L13: Routine occupations,1
E05013520,Ealing Broadway,4,"Asian, Asian British or Asian Welsh: Pakistani",8,L14.1 and L14.2: Never worked and long-term unemployed,17
E05013520,Ealing Broadway,4,"Asian, Asian British or Asian Welsh: Pakistani",9,L15: Full-time students,13
E05013520,Ealing Broadway,5,"Asian, Asian British or Asian Welsh: Other Asian",-8,Does not apply,271
E05013520,Ealing Broadway,5,"Asian, Asian British or Asian Welsh: Other Asian",1,"L1, L2 and L3: Higher managerial, administrative and professional occupations",255
E05013520,Ealing Broadway,5,"Asian, Asian British or Asian Welsh: Other Asian",2,"L4, L5 and L6: Lower managerial, administrative and professional occupations",199
E05013520,Ealing Broadway,5,"Asian, Asian British or Asian Welsh: Other Asian",3,L7: Intermediate occupations,79
E05013520,Ealing Broadway,5,"Asian, Asian British or Asian Welsh: Other Asian",4,L8 and L9: Small employers and own account workers,73
E05013520,Ealing Broadway,5,"Asian, Asian British or Asian Welsh: Other Asian",5,L10 and L11: Lower supervisory and technical occupations,34
E05013520,Ealing Broadway,5,"Asian, Asian British or Asian Welsh: Other Asian",6,L12: Semi-routine occupations,46
E05013520,Ealing Broadway,5,"Asian, Asian British or Asian Welsh: Other Asian",7,L13: Routine occupations,48
E05013520,Ealing Broadway,5,"Asian, Asian British or Asian Welsh: Other Asian",8,L14.1 and L14.2: Never worked and long-term unemployed,120
E05013520,Ealing Broadway,5,"Asian, Asian British or Asian Welsh: Other Asian",9,L15: Full-time students,50
E05013520,Ealing Broadway,6,"Black, Black British, Black Welsh, Caribbean or African: African",-8,Does not apply,75
E05013520,Ealing Broadway,6,"Black, Black British, Black Welsh, Caribbean or African: African",1,"L1, L2 and L3: Higher managerial, administrative and professional occupations",35
E05013520,Ealing Broadway,6,"Black, Black British, Black Welsh, Caribbean or African: African",2,"L4, L5 and L6: Lower managerial, administrative and professional occupations",50
E05013520,Ealing Broadway,6,"Black, Black British, Black Welsh, Caribbean or African: African",3,L7: Intermediate occupations,28
E05013520,Ealing Broadway,6,"Black, Black British, Black Welsh, Caribbean or African: African",4,L8 and L9: Small employers and own account workers,23
E05013520,Ealing Broadway,6,"Black, Black British, Black Welsh, Caribbean or African: African",5,L10 and L11: Lower supervisory and technical occupations,4
E05013520,Ealing Broadway,6,"Black, Black British, Black Welsh, Caribbean or African: African",6,L12: Semi-routine occupations,25
E05013520,Ealing Broadway,6,"Black, Black British, Black Welsh, Caribbean or African: African",7,L13: Routine occupations,24
E05013520,Ealing Broadway,6,"Black, Black British, Black Welsh, Caribbean or African: African",8,L14.1 and L14.2: Never worked and long-term unemployed,37
E05013520,Ealing Broadway,6,"Black, Black British, Black Welsh, Caribbean or African: African",9,L15: Full-time students,30
E05013520,Ealing Broadway,7,"Black, Black British, Black Welsh, Caribbean or African: Caribbean",-8,Does not apply,24
E05013520,Ealing Broadway,7,"Black, Black British, Black Welsh, Caribbean or African: Caribbean",1,"L1, L2 and L3: Higher managerial, administrative and professional occupations",34
E05013520,Ealing Broadway,7,"Black, Black British, Black Welsh, Caribbean or African: Caribbean",2,"L4, L5 and L6: Lower managerial, administrative and professional occupations",55
E05013520,Ealing Broadway,7,"Black, Black British, Black Welsh, Caribbean or African: Caribbean",3,L7: Intermediate occupations,28
E05013520,Ealing Broadway,7,"Black, Black British, Black Welsh, Caribbean or African: Caribbean",4,L8 and L9: Small employers and own account workers,11
E05013520,Ealing Broadway,7,"Black, Black British, Black Welsh, Caribbean or African: Caribbean",5,L10 and L11: Lower supervisory and technical occupations,8
E05013520,Ealing Broadway,7,"Black, Black British, Black Welsh, Caribbean or African: Caribbean",6,L12: Semi-routine occupations,12
E05013520,Ealing Broadway,7,"Black, Black British, Black Welsh, Caribbean or African: Caribbean",7,L13: Routine occupations,45
E05013520,Ealing Broadway,7,"Black, Black British, Black Welsh, Caribbean or African: Caribbean",8,L14.1 and L14.2: Never worked and long-term unemployed,16
E05013520,Ealing Broadway,7,"Black, Black British, Black Welsh, Caribbean or African: Caribbean",9,L15: Full-time students,15
E05013520,Ealing Broadway,8,"Black, Black British, Black Welsh, Caribbean or African: Other Black",-8,Does not apply,11
E05013520,Ealing Broadway,8,"Black, Black British, Black Welsh, Caribbean or African: Other Black",1,"L1, L2 and L3: Higher managerial, administrative and professional occupations",5
E05013520,Ealing Broadway,8,"Black, Black British, Black Welsh, Caribbean or African: Other Black",2,"L4, L5 and L6: Lower managerial, administrative and professional occupations",11
E05013520,Ealing Broadway,8,"Black, Black British, Black Welsh, Caribbean or African: Other Black",3,L7: Intermediate occupations,9
E05013520,Ealing Broadway,8,"Black, Black British, Black Welsh, Caribbean or African: Other Black",4,L8 and L9: Small employers and own account workers,3
E05013520,Ealing Broadway,8,"Black, Black British, Black Welsh, Caribbean or African: Other Black",5,L10 and L11: Lower supervisory and technical occupations,3
E05013520,Ealing Broadway,8,"Black, Black British, Black Welsh, Caribbean or African: Other Black",6,L12: Semi-routine occupations,3
E05013520,Ealing Broadway,8,"Black, Black British, Black Welsh, Caribbean or African: Other Black",7,L13: Routine occupations,4
E05013520,Ealing Broadway,8,"Black, Black British, Black Welsh, Caribbean or African: Other Black",8,L14.1 and L14.2: Never worked and long-term unemployed,6
E05013520,Ealing Broadway,8,"Black, Black British, Black Welsh, Caribbean or African: Other Black",9,L15: Full-time students,6
E05013520,Ealing Broadway,9,Mixed or Multiple ethnic groups: White and Asian,-8,Does not apply,119
E05013520,Ealing Broadway,9,Mixed or Multiple ethnic groups: White and Asian,1,"L1, L2 and L3: Higher managerial, administrative and professional occupations",43
E05013520,Ealing Broadway,9,Mixed or Multiple ethnic groups: White and Asian,2,"L4, L5 and L6: Lower managerial, administrative and professional occupations",43
E05013520,Ealing Broadway,9,Mixed or Multiple ethnic groups: White and Asian,3,L7: Intermediate occupations,14
E05013520,Ealing Broadway,9,Mixed or Multiple ethnic groups: White and Asian,4,L8 and L9: Small employers and own account workers,7
E05013520,Ealing Broadway,9,Mixed or Multiple ethnic groups: White and Asian,5,L10 and L11: Lower supervisory and technical occupations,5
E05013520,Ealing Broadway,9,Mixed or Multiple ethnic groups: White and Asian,6,L12: Semi-routine occupations,6
E05013520,Ealing Broadway,9,Mixed or Multiple ethnic groups: White and Asian,7,L13: Routine occupations,1
E05013520,Ealing Broadway,9,Mixed or Multiple ethnic groups: White and Asian,8,L14.1 and L14.2: Never worked and long-term unemployed,10
E05013520,Ealing Broadway,9,Mixed or Multiple ethnic groups: White and Asian,9,L15: Full-time students,29
E05013520,Ealing Broadway,10,Mixed or Multiple ethnic groups: White and Black African,-8,Does not apply,27
E05013520,Ealing Broadway,10,Mixed or Multiple ethnic groups: White and Black African,1,"L1, L2 and L3: Higher managerial, administrative and professional occupations",16
E05013520,Ealing Broadway,10,Mixed or Multiple ethnic groups: White and Black African,2,"L4, L5 and L6: Lower managerial, administrative and professional occupations",17
E05013520,Ealing Broadway,10,Mixed or Multiple ethnic groups: White and Black African,3,L7: Intermediate occupations,6
E05013520,Ealing Broadway,10,Mixed or Multiple ethnic groups: White and Black African,4,L8 and L9: Small employers and own account workers,5
E05013520,Ealing Broadway,10,Mixed or Multiple ethnic groups: White and Black African,5,L10 and L11: Lower supervisory and technical occupations,1
E05013520,Ealing Broadway,10,Mixed or Multiple ethnic groups: White and Black African,6,L12: Semi-routine occupations,5
E05013520,Ealing Broadway,10,Mixed or Multiple ethnic groups: White and Black African,7,L13: Routine occupations,7
E05013520,Ealing Broadway,10,Mixed or Multiple ethnic groups: White and Black African,8,L14.1 and L14.2: Never worked and long-term unemployed,4
E05013520,Ealing Broadway,10,Mixed or Multiple ethnic groups: White and Black African,9,L15: Full-time students,4
E05013520,Ealing Broadway,11,Mixed or Multiple ethnic groups: White and Black Caribbean,-8,Does not apply,38
E05013520,Ealing Broadway,11,Mixed or Multiple ethnic groups: White and Black Caribbean,1,"L1, L2 and L3: Higher managerial, administrative and professional occupations",11
E05013520,Ealing Broadway,11,Mixed or Multiple ethnic groups: White and Black Caribbean,2,"L4, L5 and L6: Lower managerial, administrative and professional occupations",17
E05013520,Ealing Broadway,11,Mixed or Multiple ethnic groups: White and Black Caribbean,3,L7: Intermediate occupations,12
E05013520,Ealing Broadway,11,Mixed or Multiple ethnic groups: White and Black Caribbean,4,L8 and L9: Small employers and own account workers,8
E05013520,Ealing Broadway,11,Mixed or Multiple ethnic groups: White and Black Caribbean,5,L10 and L11: Lower supervisory and technical occupations,1
E05013520,Ealing Broadway,11,Mixed or Multiple ethnic groups: White and Black Caribbean,6,L12: Semi-routine occupations,12
E05013520,Ealing Broadway,11,Mixed or Multiple ethnic groups: White and Black Caribbean,7,L13: Routine occupations,6
E05013520,Ealing Broadway,11,Mixed or Multiple ethnic groups: White and Black Caribbean,8,L14.1 and L14.2: Never worked and long-term unemployed,9
E05013520,Ealing Broadway,11,Mixed or Multiple ethnic groups: White and Black Caribbean,9,L15: Full-time students,11
E05013520,Ealing Broadway,12,Mixed or Multiple ethnic groups: Other Mixed or Multiple ethnic groups,-8,Does not apply,104
E05013520,Ealing Broadway,12,Mixed or Multiple ethnic groups: Other Mixed or Multiple ethnic groups,1,"L1, L2 and L3: Higher managerial, administrative and professional occupations",62
E05013520,Ealing Broadway,12,Mixed or Multiple ethnic groups: Other Mixed or Multiple ethnic groups,2,"L4, L5 and L6: Lower managerial, administrative and professional occupations",43
E05013520,Ealing Broadway,12,Mixed or Multiple ethnic groups: Other Mixed or Multiple ethnic groups,3,L7: Intermediate occupations,16
E05013520,Ealing Broadway,12,Mixed or Multiple ethnic groups: Other Mixed or Multiple ethnic groups,4,L8 and L9: Small employers and own account workers,15
E05013520,Ealing Broadway,12,Mixed or Multiple ethnic groups: Other Mixed or Multiple ethnic groups,5,L10 and L11: Lower supervisory and technical occupations,15
E05013520,Ealing Broadway,12,Mixed or Multiple ethnic groups: Other Mixed or Multiple ethnic groups,6,L12: Semi-routine occupations,21
E05013520,Ealing Broadway,12,Mixed or Multiple ethnic groups: Other Mixed or Multiple ethnic groups,7,L13: Routine occupations,18
E05013520,Ealing Broadway,12,Mixed or Multiple ethnic groups: Other Mixed or Multiple ethnic groups,8,L14.1 and L14.2: Never worked and long-term unemployed,37
E05013520,Ealing Broadway,12,Mixed or Multiple ethnic groups: Other Mixed or Multiple ethnic groups,9,L15: Full-time students,34
E05013520,Ealing Broadway,13,"White: English, Welsh, Scottish, Northern Irish or British",-8,Does not apply,574
E05013520,Ealing Broadway,13,"White: English, Welsh, Scottish, Northern Irish or British",1,"L1, L2 and L3: Higher managerial, administrative and professional occupations",1218
E05013520,Ealing Broadway,13,"White: English, Welsh, Scottish, Northern Irish or British",2,"L4, L5 and L6: Lower managerial, administrative and professional occupations",1264
E05013520,Ealing Broadway,13,"White: English, Welsh, Scottish, Northern Irish or British",3,L7: Intermediate occupations,398
E05013520,Ealing Broadway,13,"White: English, Welsh, Scottish, Northern Irish or British",4,L8 and L9: Small employers and own account workers,350
E05013520,Ealing Broadway,13,"White: English, Welsh, Scottish, Northern Irish or British",5,L10 and L11: Lower supervisory and technical occupations,87
E05013520,Ealing Broadway,13,"White: English, Welsh, Scottish, Northern Irish or British",6,L12: Semi-routine occupations,169
E05013520,Ealing Broadway,13,"White: English, Welsh, Scottish, Northern Irish or British",7,L13: Routine occupations,141
E05013520,Ealing Broadway,13,"White: English, Welsh, Scottish, Northern Irish or British",8,L14.1 and L14.2: Never worked and long-term unemployed,206
E05013520,Ealing Broadway,13,"White: English, Welsh, Scottish, Northern Irish or British",9,L15: Full-time students,252
E05013520,Ealing Broadway,14,White: Irish,-8,Does not apply,16
E05013520,Ealing Broadway,14,White: Irish,1,"L1, L2 and L3: Higher managerial, administrative and professional occupations",116
E05013520,Ealing Broadway,14,White: Irish,2,"L4, L5 and L6: Lower managerial, administrative and professional occupations",132
E05013520,Ealing Broadway,14,White: Irish,3,L7: Intermediate occupations,40
E05013520,Ealing Broadway,14,White: Irish,4,L8 and L9: Small employers and own account workers,55
E05013520,Ealing Broadway,14,White: Irish,5,L10 and L11: Lower supervisory and technical occupations,8
E05013520,Ealing Broadway,14,White: Irish,6,L12: Semi-routine occupations,17
E05013520,Ealing Broadway,14,White: Irish,7,L13: Routine occupations,18
E05013520,Ealing Broadway,14,White: Irish,8,L14.1 and L14.2: Never worked and long-term unemployed,19
E05013520,Ealing Broadway,14,White: Irish,9,L15: Full-time students,14
E05013520,Ealing Broadway,15,White: Gypsy or Irish Traveller,-8,Does not apply,0
E05013520,Ealing Broadway,15,White: Gypsy or Irish Traveller,1,"L1, L2 and L3: Higher managerial, administrative and professional occupations",0
E05013520,Ealing Broadway,15,White: Gypsy or Irish Traveller,2,"L4, L5 and L6: Lower managerial, administrative and professional occupations",0
E05013520,Ealing Broadway,15,White: Gypsy or Irish Traveller,3,L7: Intermediate occupations,0
E05013520,Ealing Broadway,15,White: Gypsy or Irish Traveller,4,L8 and L9: Small employers and own account workers,0
E05013520,Ealing Broadway,15,White: Gypsy or Irish Traveller,5,L10 and L11: Lower supervisory and technical occupations,1
E05013520,Ealing Broadway,15,White: Gypsy or Irish Traveller,6,L12: Semi-routine occupations,0
E05013520,Ealing Broadway,15,White: Gypsy or Irish Traveller,7,L13: Routine occupations,0
E05013520,Ealing Broadway,15,White: Gypsy or Irish Traveller,8,L14.1 and L14.2: Never worked and long-term unemployed,2
E05013520,Ealing Broadway,15,White: Gypsy or Irish Traveller,9,L15: Full-time students,0
E05013520,Ealing Broadway,16,White: Roma,-8,Does not apply,6
E05013520,Ealing Broadway,16,White: Roma,1,"L1, L2 and L3: Higher managerial, administrative and professional occupations",7
E05013520,Ealing Broadway,16,White: Roma,2,"L4, L5 and L6: Lower managerial, administrative and professional occupations",12
E05013520,Ealing Broadway,16,White: Roma,3,L7: Intermediate occupations,4
E05013520,Ealing Broadway,16,White: Roma,4,L8 and L9: Small employers and own account workers,14
E05013520,Ealing Broadway,16,White: Roma,5,L10 and L11: Lower supervisory and technical occupations,10
E05013520,Ealing Broadway,16,White: Roma,6,L12: Semi-routine occupations,4
E05013520,Ealing Broadway,16,White: Roma,7,L13: Routine occupations,7
E05013520,Ealing Broadway,16,White: Roma,8,L14.1 and L14.2: Never worked and long-term unemployed,3
E05013520,Ealing Broadway,16,White: Roma,9,L15: Full-time students,4
E05013520,Ealing Broadway,17,White: Other White,-8,Does not apply,430
E05013520,Ealing Broadway,17,White: Other White,1,"L1, L2 and L3: Higher managerial, administrative and professional occupations",737
E05013520,Ealing Broadway,17,White: Other White,2,"L4, L5 and L6: Lower managerial, administrative and professional occupations",714
E05013520,Ealing Broadway,17,White: Other White,3,L7: Intermediate occupations,219
E05013520,Ealing Broadway,17,White: Other White,4,L8 and L9: Small employers and own account workers,436
E05013520,Ealing Broadway,17,White: Other White,5,L10 and L11: Lower supervisory and technical occupations,92
E05013520,Ealing Broadway,17,White: Other White,6,L12: Semi-routine occupations,136
E05013520,Ealing Broadway,17,White: Other White,7,L13: Routine occupations,213
E05013520,Ealing Broadway,17,White: Other White,8,L14.1 and L14.2: Never worked and long-term unemployed,111
E05013520,Ealing Broadway,17,White: Other White,9,L15: Full-time students,194
E05013520,Ealing Broadway,18,Other ethnic group: Arab,-8,Does not apply,105
E05013520,Ealing Broadway,18,Other ethnic group: Arab,1,"L1, L2 and L3: Higher managerial, administrative and professional occupations",47
E05013520,Ealing Broadway,18,Other ethnic group: Arab,2,"L4, L5 and L6: Lower managerial, administrative and professional occupations",43
E05013520,Ealing Broadway,18,Other ethnic group: Arab,3,L7: Intermediate occupations,24
E05013520,Ealing Broadway,18,Other ethnic group: Arab,4,L8 and L9: Small employers and own account workers,29
E05013520,Ealing Broadway,18,Other ethnic group: Arab,5,L10 and L11: Lower supervisory and technical occupations,10
E05013520,Ealing Broadway,18,Other ethnic group: Arab,6,L12: Semi-routine occupations,22
E05013520,Ealing Broadway,18,Other ethnic group: Arab,7,L13: Routine occupations,17
E05013520,Ealing Broadway,18,Other ethnic group: Arab,8,L14.1 and L14.2: Never worked and long-term unemployed,84
E05013520,Ealing Broadway,18,Other ethnic group: Arab,9,L15: Full-time students,42
E05013520,Ealing Broadway,19,Other ethnic group: Any other ethnic group,-8,Does not apply,129
E05013520,Ealing Broadway,19,Other ethnic group: Any other ethnic group,1,"L1, L2 and L3: Higher managerial, administrative and professional occupations",126
E05013520,Ealing Broadway,19,Other ethnic group: Any other ethnic group,2,"L4, L5 and L6: Lower managerial, administrative and professional occupations",106
E05013520,Ealing Broadway,19,Other ethnic group: Any other ethnic group,3,L7: Intermediate occupations,52
E05013520,Ealing Broadway,19,Other ethnic group: Any other ethnic group,4,L8 and L9: Small employers and own account workers,70
E05013520,Ealing Broadway,19,Other ethnic group: Any other ethnic group,5,L10 and L11: Lower supervisory and technical occupations,23
E05013520,Ealing Broadway,19,Other ethnic group: Any other ethnic group,6,L12: Semi-routine occupations,42
E05013520,Ealing Broadway,19,Other ethnic group: Any other ethnic group,7,L13: Routine occupations,30
E05013520,Ealing Broadway,19,Other ethnic group: Any other ethnic group,8,L14.1 and L14.2: Never worked and long-term unemployed,115
E05013520,Ealing Broadway,19,Other ethnic group: Any other ethnic group,9,L15: Full-time students,83
E05013521,Ealing Common,-8,Does not apply,-8,Does not apply,0
E05013521,Ealing Common,-8,Does not apply,1,"L1, L2 and L3: Higher managerial, administrative and professional occupations",0
E05013521,Ealing Common,-8,Does not apply,2,"L4, L5 and L6: Lower managerial, administrative and professional occupations",0
E05013521,Ealing Common,-8,Does not apply,3,L7: Intermediate occupations,0
E05013521,Ealing Common,-8,Does not apply,4,L8 and L9: Small employers and own account workers,0
E05013521,Ealing Common,-8,Does not apply,5,L10 and L11: Lower supervisory and technical occupations,0
E05013521,Ealing Common,-8,Does not apply,6,L12: Semi-routine occupations,0
E05013521,Ealing Common,-8,Does not apply,7,L13: Routine occupations,0
E05013521,Ealing Common,-8,Does not apply,8,L14.1 and L14.2: Never worked and long-term unemployed,0
E05013521,Ealing Common,-8,Does not apply,9,L15: Full-time students,0
E05013521,Ealing Common,1,"Asian, Asian British or Asian Welsh: Bangladeshi",-8,Does not apply,8
E05013521,Ealing Common,1,"Asian, Asian British or Asian Welsh: Bangladeshi",1,"L1, L2 and L3: Higher managerial, administrative and professional occupations",14
E05013521,Ealing Common,1,"Asian, Asian British or Asian Welsh: Bangladeshi",2,"L4, L5 and L6: Lower managerial, administrative and professional occupations",10
E05013521,Ealing Common,1,"Asian, Asian British or Asian Welsh: Bangladeshi",3,L7: Intermediate occupations,4
E05013521,Ealing Common,1,"Asian, Asian British or Asian Welsh: Bangladeshi",4,L8 and L9: Small employers and own account workers,4
E05013521,Ealing Common,1,"Asian, Asian British or Asian Welsh: Bangladeshi",5,L10 and L11: Lower supervisory and technical occupations,1
E05013521,Ealing Common,1,"Asian, Asian British or Asian Welsh: Bangladeshi",6,L12: Semi-routine occupations,8
E05013521,Ealing Common,1,"Asian, Asian British or Asian Welsh: Bangladeshi",7,L13: Routine occupations,1
E05013521,Ealing Common,1,"Asian, Asian British or Asian Welsh: Bangladeshi",8,L14.1 and L14.2: Never worked and long-term unemployed,6
E05013521,Ealing Common,1,"Asian, Asian British or Asian Welsh: Bangladeshi",9,L15: Full-time students,2
E05013521,Ealing Common,2,"Asian, Asian British or Asian Welsh: Chinese",-8,Does not apply,31
E05013521,Ealing Common,2,"Asian, Asian British or Asian Welsh: Chinese",1,"L1, L2 and L3: Higher managerial, administrative and professional occupations",101
E05013521,Ealing Common,2,"Asian, Asian British or Asian Welsh: Chinese",2,"L4, L5 and L6: Lower managerial, administrative and professional occupations",71
E05013521,Ealing Common,2,"Asian, Asian British or Asian Welsh: Chinese",3,L7: Intermediate occupations,19
E05013521,Ealing Common,2,"Asian, Asian British or Asian Welsh: Chinese",4,L8 and L9: Small employers and own account workers,33
E05013521,Ealing Common,2,"Asian, Asian British or Asian Welsh: Chinese",5,L10 and L11: Lower supervisory and technical occupations,5
E05013521,Ealing Common,2,"Asian, Asian British or Asian Welsh: Chinese",6,L12: Semi-routine occupations,8
E05013521,Ealing Common,2,"Asian, Asian British or Asian Welsh: Chinese",7,L13: Routine occupations,7
E05013521,Ealing Common,2,"Asian, Asian British or Asian Welsh: Chinese",8,L14.1 and L14.2: Never worked and long-term unemployed,21
E05013521,Ealing Common,2,"Asian, Asian British or Asian Welsh: Chinese",9,L15: Full-time students,11
E05013521,Ealing Common,3,"Asian, Asian British or Asian Welsh: Indian",-8,Does not apply,130
E05013521,Ealing Common,3,"Asian, Asian British or Asian Welsh: Indian",1,"L1, L2 and L3: Higher managerial, administrative and professional occupations",293
E05013521,Ealing Common,3,"Asian, Asian British or Asian Welsh: Indian",2,"L4, L5 and L6: Lower managerial, administrative and professional occupations",168
E05013521,Ealing Common,3,"Asian, Asian British or Asian Welsh: Indian",3,L7: Intermediate occupations,51
E05013521,Ealing Common,3,"Asian, Asian British or Asian Welsh: Indian",4,L8 and L9: Small employers and own account workers,77
E05013521,Ealing Common,3,"Asian, Asian British or Asian Welsh: Indian",5,L10 and L11: Lower supervisory and technical occupations,10
E05013521,Ealing Common,3,"Asian, Asian British or Asian Welsh: Indian",6,L12: Semi-routine occupations,47
E05013521,Ealing Common,3,"Asian, Asian British or Asian Welsh: Indian",7,L13: Routine occupations,35
E05013521,Ealing Common,3,"Asian, Asian British or Asian Welsh: Indian",8,L14.1 and L14.2: Never worked and long-term unemployed,71
E05013521,Ealing Common,3,"Asian, Asian British or Asian Welsh: Indian",9,L15: Full-time students,55
E05013521,Ealing Common,4,"Asian, Asian British or Asian Welsh: Pakistani",-8,Does not apply,59
E05013521,Ealing Common,4,"Asian, Asian British or Asian Welsh: Pakistani",1,"L1, L2 and L3: Higher managerial, administrative and professional occupations",49
E05013521,Ealing Common,4,"Asian, Asian British or Asian Welsh: Pakistani",2,"L4, L5 and L6: Lower managerial, administrative and professional occupations",44
E05013521,Ealing Common,4,"Asian, Asian British or Asian Welsh: Pakistani",3,L7: Intermediate occupations,23
E05013521,Ealing Common,4,"Asian, Asian British or Asian Welsh: Pakistani",4,L8 and L9: Small employers and own account workers,33
E05013521,Ealing Common,4,"Asian, Asian British or Asian Welsh: Pakistani",5,L10 and L11: Lower supervisory and technical occupations,5
E05013521,Ealing Common,4,"Asian, Asian British or Asian Welsh: Pakistani",6,L12: Semi-routine occupations,20
E05013521,Ealing Common,4,"Asian, Asian British or Asian Welsh: Pakistani",7,L13: Routine occupations,10
E05013521,Ealing Common,4,"Asian, Asian British or Asian Welsh: Pakistani",8,L14.1 and L14.2: Never worked and long-term unemployed,35
E05013521,Ealing Common,4,"Asian, Asian British or Asian Welsh: Pakistani",9,L15: Full-time students,63
E05013521,Ealing Common,5,"Asian, Asian British or Asian Welsh: Other Asian",-8,Does not apply,201
E05013521,Ealing Common,5,"Asian, Asian British or Asian Welsh: Other Asian",1,"L1, L2 and L3: Higher managerial, administrative and professional occupations",165
E05013521,Ealing Common,5,"Asian, Asian British or Asian Welsh: Other Asian",2,"L4, L5 and L6: Lower managerial, administrative and professional occupations",132
E05013521,Ealing Common,5,"Asian, Asian British or Asian Welsh: Other Asian",3,L7: Intermediate occupations,57
E05013521,Ealing Common,5,"Asian, Asian British or Asian Welsh: Other Asian",4,L8 and L9: Small employers and own account workers,56
E05013521,Ealing Common,5,"Asian, Asian British or Asian Welsh: Other Asian",5,L10 and L11: Lower supervisory and technical occupations,29
E05013521,Ealing Common,5,"Asian, Asian British or Asian Welsh: Other Asian",6,L12: Semi-routine occupations,47
E05013521,Ealing Common,5,"Asian, Asian British or Asian Welsh: Other Asian",7,L13: Routine occupations,33
E05013521,Ealing Common,5,"Asian, Asian British or Asian Welsh: Other Asian",8,L14.1 and L14.2: Never worked and long-term unemployed,111
E05013521,Ealing Common,5,"Asian, Asian British or Asian Welsh: Other Asian",9,L15: Full-time students,93
E05013521,Ealing Common,6,"Black, Black British, Black Welsh, Caribbean or African: African",-8,Does not apply,146
E05013521,Ealing Common,6,"Black, Black British, Black Welsh, Caribbean or African: African",1,"L1, L2 and L3: Higher managerial, administrative and professional occupations",43
E05013521,Ealing Common,6,"Black, Black British, Black Welsh, Caribbean or African: African",2,"L4, L5 and L6: Lower managerial, administrative and professional occupations",78
E05013521,Ealing Common,6,"Black, Black British, Black Welsh, Caribbean or African: African",3,L7: Intermediate occupations,45
E05013521,Ealing Common,6,"Black, Black British, Black Welsh, Caribbean or African: African",4,L8 and L9: Small employers and own account workers,34
E05013521,Ealing Common,6,"Black, Black British, Black Welsh, Caribbean or African: African",5,L10 and L11: Lower supervisory and technical occupations,12
E05013521,Ealing Common,6,"Black, Black British, Black Welsh, Caribbean or African: African",6,L12: Semi-routine occupations,54
E05013521,Ealing Common,6,"Black, Black British, Black Welsh, Caribbean or African: African",7,L13: Routine occupations,39
E05013521,Ealing Common,6,"Black, Black British, Black Welsh, Caribbean or African: African",8,L14.1 and L14.2: Never worked and long-term unemployed,82
E05013521,Ealing Common,6,"Black, Black British, Black Welsh, Caribbean or African: African",9,L15: Full-time students,124
E05013521,Ealing Common,7,"Black, Black British, Black Welsh, Caribbean or African: Caribbean",-8,Does not apply,40
E05013521,Ealing Common,7,"Black, Black British, Black Welsh, Caribbean or African: Caribbean",1,"L1, L2 and L3: Higher managerial, administrative and professional occupations",30
E05013521,Ealing Common,7,"Black, Black British, Black Welsh, Caribbean or African: Caribbean",2,"L4, L5 and L6: Lower managerial, administrative and professional occupations",68
E05013521,Ealing Common,7,"Black, Black British, Black Welsh, Caribbean or African: Caribbean",3,L7: Intermediate occupations,55
E05013521,Ealing Common,7,"Black, Black British, Black Welsh, Caribbean or African: Caribbean",4,L8 and L9: Small employers and own account workers,15
E05013521,Ealing Common,7,"Black, Black British, Black Welsh, Caribbean or African: Caribbean",5,L10 and L11: Lower supervisory and technical occupations,26
E05013521,Ealing Common,7,"Black, Black British, Black Welsh, Caribbean or African: Caribbean",6,L12: Semi-routine occupations,35
E05013521,Ealing Common,7,"Black, Black British, Black Welsh, Caribbean or African: Caribbean",7,L13: Routine occupations,27
E05013521,Ealing Common,7,"Black, Black British, Black Welsh, Caribbean or African: Caribbean",8,L14.1 and L14.2: Never worked and long-term unemployed,29
E05013521,Ealing Common,7,"Black, Black British, Black Welsh, Caribbean or African: Caribbean",9,L15: Full-time students,25
E05013521,Ealing Common,8,"Black, Black British, Black Welsh, Caribbean or African: Other Black",-8,Does not apply,10
E05013521,Ealing Common,8,"Black, Black British, Black Welsh, Caribbean or African: Other Black",1,"L1, L2 and L3: Higher managerial, administrative and professional occupations",9
E05013521,Ealing Common,8,"Black, Black British, Black Welsh, Caribbean or African: Other Black",2,"L4, L5 and L6: Lower managerial, administrative and professional occupations",22
E05013521,Ealing Common,8,"Black, Black British, Black Welsh, Caribbean or African: Other Black",3,L7: Intermediate occupations,12
E05013521,Ealing Common,8,"Black, Black British, Black Welsh, Caribbean or African: Other Black",4,L8 and L9: Small employers and own account workers,4
E05013521,Ealing Common,8,"Black, Black British, Black Welsh, Caribbean or African: Other Black",5,L10 and L11: Lower supervisory and technical occupations,6
E05013521,Ealing Common,8,"Black, Black British, Black Welsh, Caribbean or African: Other Black",6,L12: Semi-routine occupations,12
E05013521,Ealing Common,8,"Black, Black British, Black Welsh, Caribbean or African: Other Black",7,L13: Routine occupations,11
E05013521,Ealing Common,8,"Black, Black British, Black Welsh, Caribbean or African: Other Black",8,L14.1 and L14.2: Never worked and long-term unemployed,10
E05013521,Ealing Common,8,"Black, Black British, Black Welsh, Caribbean or African: Other Black",9,L15: Full-time students,14
E05013521,Ealing Common,9,Mixed or Multiple ethnic groups: White and Asian,-8,Does not apply,135
E05013521,Ealing Common,9,Mixed or Multiple ethnic groups: White and Asian,1,"L1, L2 and L3: Higher managerial, administrative and professional occupations",43
E05013521,Ealing Common,9,Mixed or Multiple ethnic groups: White and Asian,2,"L4, L5 and L6: Lower managerial, administrative and professional occupations",36
E05013521,Ealing Common,9,Mixed or Multiple ethnic groups: White and Asian,3,L7: Intermediate occupations,8
E05013521,Ealing Common,9,Mixed or Multiple ethnic groups: White and Asian,4,L8 and L9: Small employers and own account workers,10
E05013521,Ealing Common,9,Mixed or Multiple ethnic groups: White and Asian,5,L10 and L11: Lower supervisory and technical occupations,7
E05013521,Ealing Common,9,Mixed or Multiple ethnic groups: White and Asian,6,L12: Semi-routine occupations,14
E05013521,Ealing Common,9,Mixed or Multiple ethnic groups: White and Asian,7,L13: Routine occupations,7
E05013521,Ealing Common,9,Mixed or Multiple ethnic groups: White and Asian,8,L14.1 and L14.2: Never worked and long-term unemployed,21
E05013521,Ealing Common,9,Mixed or Multiple ethnic groups: White and Asian,9,L15: Full-time students,27
E05013521,Ealing Common,10,Mixed or Multiple ethnic groups: White and Black African,-8,Does not apply,41
E05013521,Ealing Common,10,Mixed or Multiple ethnic groups: White and Black African,1,"L1, L2 and L3: Higher managerial, administrative and professional occupations",11
E05013521,Ealing Common,10,Mixed or Multiple ethnic groups: White and Black African,2,"L4, L5 and L6: Lower managerial, administrative and professional occupations",17
E05013521,Ealing Common,10,Mixed or Multiple ethnic groups: White and Black African,3,L7: Intermediate occupations,6
E05013521,Ealing Common,10,Mixed or Multiple ethnic groups: White and Black African,4,L8 and L9: Small employers and own account workers,7
E05013521,Ealing Common,10,Mixed or Multiple ethnic groups: White and Black African,5,L10 and L11: Lower supervisory and technical occupations,3
E05013521,Ealing Common,10,Mixed or Multiple ethnic groups: White and Black African,6,L12: Semi-routine occupations,3
E05013521,Ealing Common,10,Mixed or Multiple ethnic groups: White and Black African,7,L13: Routine occupations,3
E05013521,Ealing Common,10,Mixed or Multiple ethnic groups: White and Black African,8,L14.1 and L14.2: Never worked and long-term unemployed,3
E05013521,Ealing Common,10,Mixed or Multiple ethnic groups: White and Black African,9,L15: Full-time students,10
E05013521,Ealing Common,11,Mixed or Multiple ethnic groups: White and Black Caribbean,-8,Does not apply,59
E05013521,Ealing Common,11,Mixed or Multiple ethnic groups: White and Black Caribbean,1,"L1, L2 and L3: Higher managerial, administrative and professional occupations",15
E05013521,Ealing Common,11,Mixed or Multiple ethnic groups: White and Black Caribbean,2,"L4, L5 and L6: Lower managerial, administrative and professional occupations",31
E05013521,Ealing Common,11,Mixed or Multiple ethnic groups: White and Black Caribbean,3,L7: Intermediate occupations,20
E05013521,Ealing Common,11,Mixed or Multiple ethnic groups: White and Black Caribbean,4,L8 and L9: Small employers and own account workers,9
E05013521,Ealing Common,11,Mixed or Multiple ethnic groups: White and Black Caribbean,5,L10 and L11: Lower supervisory and technical occupations,8
E05013521,Ealing Common,11,Mixed or Multiple ethnic groups: White and Black Caribbean,6,L12: Semi-routine occupations,8
E05013521,Ealing Common,11,Mixed or Multiple ethnic groups: White and Black Caribbean,7,L13: Routine occupations,11
E05013521,Ealing Common,11,Mixed or Multiple ethnic groups: White and Black Caribbean,8,L14.1 and L14.2: Never worked and long-term unemployed,19
E05013521,Ealing Common,11,Mixed or Multiple ethnic groups: White and Black Caribbean,9,L15: Full-time students,17
E05013521,Ealing Common,12,Mixed or Multiple ethnic groups: Other Mixed or Multiple ethnic groups,-8,Does not apply,114
E05013521,Ealing Common,12,Mixed or Multiple ethnic groups: Other Mixed or Multiple ethnic groups,1,"L1, L2 and L3: Higher managerial, administrative and professional occupations",49
E05013521,Ealing Common,12,Mixed or Multiple ethnic groups: Other Mixed or Multiple ethnic groups,2,"L4, L5 and L6: Lower managerial, administrative and professional occupations",61
E05013521,Ealing Common,12,Mixed or Multiple ethnic groups: Other Mixed or Multiple ethnic groups,3,L7: Intermediate occupations,31
E05013521,Ealing Common,12,Mixed or Multiple ethnic groups: Other Mixed or Multiple ethnic groups,4,L8 and L9: Small employers and own account workers,21
E05013521,Ealing Common,12,Mixed or Multiple ethnic groups: Other Mixed or Multiple ethnic groups,5,L10 and L11: Lower supervisory and technical occupations,7
E05013521,Ealing Common,12,Mixed or Multiple ethnic groups: Other Mixed or Multiple ethnic groups,6,L12: Semi-routine occupations,22
E05013521,Ealing Common,12,Mixed or Multiple ethnic groups: Other Mixed or Multiple ethnic groups,7,L13: Routine occupations,16
E05013521,Ealing Common,12,Mixed or Multiple ethnic groups: Other Mixed or Multiple ethnic groups,8,L14.1 and L14.2: Never worked and long-term unemployed,17
E05013521,Ealing Common,12,Mixed or Multiple ethnic groups: Other Mixed or Multiple ethnic groups,9,L15: Full-time students,37
E05013521,Ealing Common,13,"White: English, Welsh, Scottish, Northern Irish or British",-8,Does not apply,746
E05013521,Ealing Common,13,"White: English, Welsh, Scottish, Northern Irish or British",1,"L1, L2 and L3: Higher managerial, administrative and professional occupations",1447
E05013521,Ealing Common,13,"White: English, Welsh, Scottish, Northern Irish or British",2,"L4, L5 and L6: Lower managerial, administrative and professional occupations",1467
E05013521,Ealing Common,13,"White: English, Welsh, Scottish, Northern Irish or British",3,L7: Intermediate occupations,481
E05013521,Ealing Common,13,"White: English, Welsh, Scottish, Northern Irish or British",4,L8 and L9: Small employers and own account workers,544
E05013521,Ealing Common,13,"White: English, Welsh, Scottish, Northern Irish or British",5,L10 and L11: Lower supervisory and technical occupations,135
E05013521,Ealing Common,13,"White: English, Welsh, Scottish, Northern Irish or British",6,L12: Semi-routine occupations,282
E05013521,Ealing Common,13,"White: English, Welsh, Scottish, Northern Irish or British",7,L13: Routine occupations,250
E05013521,Ealing Common,13,"White: English, Welsh, Scottish, Northern Irish or British",8,L14.1 and L14.2: Never worked and long-term unemployed,338
E05013521,Ealing Common,13,"White: English, Welsh, Scottish, Northern Irish or British",9,L15: Full-time students,349
E05013521,Ealing Common,14,White: Irish,-8,Does not apply,24
E05013521,Ealing Common,14,White: Irish,1,"L1, L2 and L3: Higher managerial, administrative and professional occupations",113
E05013521,Ealing Common,14,White: Irish,2,"L4, L5 and L6: Lower managerial, administrative and professional occupations",142
E05013521,Ealing Common,14,White: Irish,3,L7: Intermediate occupations,41
E05013521,Ealing Common,14,White: Irish,4,L8 and L9: Small employers and own account workers,55
E05013521,Ealing Common,14,White: Irish,5,L10 and L11: Lower supervisory and technical occupations,9
E05013521,Ealing Common,14,White: Irish,6,L12: Semi-routine occupations,21
E05013521,Ealing Common,14,White: Irish,7,L13: Routine occupations,34
E05013521,Ealing Common,14,White: Irish,8,L14.1 and L14.2: Never worked and long-term unemployed,25
E05013521,Ealing Common,14,White: Irish,9,L15: Full-time students,6
E05013521,Ealing Common,15,White: Gypsy or Irish Traveller,-8,Does not apply,0
E05013521,Ealing Common,15,White: Gypsy or Irish Traveller,1,"L1, L2 and L3: Higher managerial, administrative and professional occupations",0
E05013521,Ealing Common,15,White: Gypsy or Irish Traveller,2,"L4, L5 and L6: Lower managerial, administrative and professional occupations",0
E05013521,Ealing Common,15,White: Gypsy or Irish Traveller,3,L7: Intermediate occupations,1
E05013521,Ealing Common,15,White: Gypsy or Irish Traveller,4,L8 and L9: Small employers and own account workers,0
E05013521,Ealing Common,15,White: Gypsy or Irish Traveller,5,L10 and L11: Lower supervisory and technical occupations,0
E05013521,Ealing Common,15,White: Gypsy or Irish Traveller,6,L12: Semi-routine occupations,1
E05013521,Ealing Common,15,White: Gypsy or Irish Traveller,7,L13: Routine occupations,0
E05013521,Ealing Common,15,White: Gypsy or Irish Traveller,8,L14.1 and L14.2: Never worked and long-term unemployed,2
E05013521,Ealing Common,15,White: Gypsy or Irish Traveller,9,L15: Full-time students,0
E05013521,Ealing Common,16,White: Roma,-8,Does not apply,6
E05013521,Ealing Common,16,White: Roma,1,"L1, L2 and L3: Higher managerial, administrative and professional occupations",11
E05013521,Ealing Common,16,White: Roma,2,"L4, L5 and L6: Lower managerial, administrative and professional occupations",26
E05013521,Ealing Common,16,White: Roma,3,L7: Intermediate occupations,3
E05013521,Ealing Common,16,White: Roma,4,L8 and L9: Small employers and own account workers,10
E05013521,Ealing Common,16,White: Roma,5,L10 and L11: Lower supervisory and technical occupations,13
E05013521,Ealing Common,16,White: Roma,6,L12: Semi-routine occupations,8
E05013521,Ealing Common,16,White: Roma,7,L13: Routine occupations,11
E05013521,Ealing Common,16,White: Roma,8,L14.1 and L14.2: Never worked and long-term unemployed,2
E05013521,Ealing Common,16,White: Roma,9,L15: Full-time students,7
E05013521,Ealing Common,17,White: Other White,-8,Does not apply,345
E05013521,Ealing Common,17,White: Other White,1,"L1, L2 and L3: Higher managerial, administrative and professional occupations",701
E05013521,Ealing Common,17,White: Other White,2,"L4, L5 and L6: Lower managerial, administrative and professional occupations",683
E05013521,Ealing Common,17,White: Other White,3,L7: Intermediate occupations,278
E05013521,Ealing Common,17,White: Other White,4,L8 and L9: Small employers and own account workers,513
E05013521,Ealing Common,17,White: Other White,5,L10 and L11: Lower supervisory and technical occupations,115
E05013521,Ealing Common,17,White: Other White,6,L12: Semi-routine occupations,171
E05013521,Ealing Common,17,White: Other White,7,L13: Routine occupations,201
E05013521,Ealing Common,17,White: Other White,8,L14.1 and L14.2: Never worked and long-term unemployed,126
E05013521,Ealing Common,17,White: Other White,9,L15: Full-time students,217
E05013521,Ealing Common,18,Other ethnic group: Arab,-8,Does not apply,147
E05013521,Ealing Common,18,Other ethnic group: Arab,1,"L1, L2 and L3: Higher managerial, administrative and professional occupations",74
E05013521,Ealing Common,18,Other ethnic group: Arab,2,"L4, L5 and L6: Lower managerial, administrative and professional occupations",72
E05013521,Ealing Common,18,Other ethnic group: Arab,3,L7: Intermediate occupations,20
E05013521,Ealing Common,18,Other ethnic group: Arab,4,L8 and L9: Small employers and own account workers,37
E05013521,Ealing Common,18,Other ethnic group: Arab,5,L10 and L11: Lower supervisory and technical occupations,20
E05013521,Ealing Common,18,Other ethnic group: Arab,6,L12: Semi-routine occupations,26
E05013521,Ealing Common,18,Other ethnic group: Arab,7,L13: Routine occupations,24
E05013521,Ealing Common,18,Other ethnic group: Arab,8,L14.1 and L14.2: Never worked and long-term unemployed,100
E05013521,Ealing Common,18,Other ethnic group: Arab,9,L15: Full-time students,67
E05013521,Ealing Common,19,Other ethnic group: Any other ethnic group,-8,Does not apply,102
E05013521,Ealing Common,19,Other ethnic group: Any other ethnic group,1,"L1, L2 and L3: Higher managerial, administrative and professional occupations",101
E05013521,Ealing Common,19,Other ethnic group: Any other ethnic group,2,"L4, L5 and L6: Lower managerial, administrative and professional occupations",119
E05013521,Ealing Common,19,Other ethnic group: Any other ethnic group,3,L7: Intermediate occupations,58
E05013521,Ealing Common,19,Other ethnic group: Any other ethnic group,4,L8 and L9: Small employers and own account workers,75
E05013521,Ealing Common,19,Other ethnic group: Any other ethnic group,5,L10 and L11: Lower supervisory and technical occupations,19
E05013521,Ealing Common,19,Other ethnic group: Any other ethnic group,6,L12: Semi-routine occupations,43
E05013521,Ealing Common,19,Other ethnic group: Any other ethnic group,7,L13: Routine occupations,38
E05013521,Ealing Common,19,Other ethnic group: Any other ethnic group,8,L14.1 and L14.2: Never worked and long-term unemployed,110
E05013521,Ealing Common,19,Other ethnic group: Any other ethnic group,9,L15: Full-time students,65
E05013522,East Acton,-8,Does not apply,-8,Does not apply,0
E05013522,East Acton,-8,Does not apply,1,"L1, L2 and L3: Higher managerial, administrative and professional occupations",0
E05013522,East Acton,-8,Does not apply,2,"L4, L5 and L6: Lower managerial, administrative and professional occupations",0
E05013522,East Acton,-8,Does not apply,3,L7: Intermediate occupations,0
E05013522,East Acton,-8,Does not apply,4,L8 and L9: Small employers and own account workers,0
E05013522,East Acton,-8,Does not apply,5,L10 and L11: Lower supervisory and technical occupations,0
E05013522,East Acton,-8,Does not apply,6,L12: Semi-routine occupations,0
E05013522,East Acton,-8,Does not apply,7,L13: Routine occupations,0
E05013522,East Acton,-8,Does not apply,8,L14.1 and L14.2: Never worked and long-term unemployed,0
E05013522,East Acton,-8,Does not apply,9,L15: Full-time students,0
E05013522,East Acton,1,"Asian, Asian British or Asian Welsh: Bangladeshi",-8,Does not apply,15
E05013522,East Acton,1,"Asian, Asian British or Asian Welsh: Bangladeshi",1,"L1, L2 and L3: Higher managerial, administrative and professional occupations",7
E05013522,East Acton,1,"Asian, Asian British or Asian Welsh: Bangladeshi",2,"L4, L5 and L6: Lower managerial, administrative and professional occupations",20
E05013522,East Acton,1,"Asian, Asian British or Asian Welsh: Bangladeshi",3,L7: Intermediate occupations,8
E05013522,East Acton,1,"Asian, Asian British or Asian Welsh: Bangladeshi",4,L8 and L9: Small employers and own account workers,9
E05013522,East Acton,1,"Asian, Asian British or Asian Welsh: Bangladeshi",5,L10 and L11: Lower supervisory and technical occupations,0
E05013522,East Acton,1,"Asian, Asian British or Asian Welsh: Bangladeshi",6,L12: Semi-routine occupations,3
E05013522,East Acton,1,"Asian, Asian British or Asian Welsh: Bangladeshi",7,L13: Routine occupations,3
E05013522,East Acton,1,"Asian, Asian British or Asian Welsh: Bangladeshi",8,L14.1 and L14.2: Never worked and long-term unemployed,9
E05013522,East Acton,1,"Asian, Asian British or Asian Welsh: Bangladeshi",9,L15: Full-time students,9
E05013522,East Acton,2,"Asian, Asian British or Asian Welsh: Chinese",-8,Does not apply,18
E05013522,East Acton,2,"Asian, Asian British or Asian Welsh: Chinese",1,"L1, L2 and L3: Higher managerial, administrative and professional occupations",50
E05013522,East Acton,2,"Asian, Asian British or Asian Welsh: Chinese",2,"L4, L5 and L6: Lower managerial, administrative and professional occupations",36
E05013522,East Acton,2,"Asian, Asian British or Asian Welsh: Chinese",3,L7: Intermediate occupations,15
E05013522,East Acton,2,"Asian, Asian British or Asian Welsh: Chinese",4,L8 and L9: Small employers and own account workers,15
E05013522,East Acton,2,"Asian, Asian British or Asian Welsh: Chinese",5,L10 and L11: Lower supervisory and technical occupations,8
E05013522,East Acton,2,"Asian, Asian British or Asian Welsh: Chinese",6,L12: Semi-routine occupations,6
E05013522,East Acton,2,"Asian, Asian British or Asian Welsh: Chinese",7,L13: Routine occupations,12
E05013522,East Acton,2,"Asian, Asian British or Asian Welsh: Chinese",8,L14.1 and L14.2: Never worked and long-term unemployed,6
E05013522,East Acton,2,"Asian, Asian British or Asian Welsh: Chinese",9,L15: Full-time students,21
E05013522,East Acton,3,"Asian, Asian British or Asian Welsh: Indian",-8,Does not apply,43
E05013522,East Acton,3,"Asian, Asian British or Asian Welsh: Indian",1,"L1, L2 and L3: Higher managerial, administrative and professional occupations",126
E05013522,East Acton,3,"Asian, Asian British or Asian Welsh: Indian",2,"L4, L5 and L6: Lower managerial, administrative and professional occupations",106
E05013522,East Acton,3,"Asian, Asian British or Asian Welsh: Indian",3,L7: Intermediate occupations,40
E05013522,East Acton,3,"Asian, Asian British or Asian Welsh: Indian",4,L8 and L9: Small employers and own account workers,51
E05013522,East Acton,3,"Asian, Asian British or Asian Welsh: Indian",5,L10 and L11: Lower supervisory and technical occupations,8
E05013522,East Acton,3,"Asian, Asian British or Asian Welsh: Indian",6,L12: Semi-routine occupations,36
E05013522,East Acton,3,"Asian, Asian British or Asian Welsh: Indian",7,L13: Routine occupations,24
E05013522,East Acton,3,"Asian, Asian British or Asian Welsh: Indian",8,L14.1 and L14.2: Never worked and long-term unemployed,45
E05013522,East Acton,3,"Asian, Asian British or Asian Welsh: Indian",9,L15: Full-time students,29
E05013522,East Acton,4,"Asian, Asian British or Asian Welsh: Pakistani",-8,Does not apply,87
E05013522,East Acton,4,"Asian, Asian British or Asian Welsh: Pakistani",1,"L1, L2 and L3: Higher managerial, administrative and professional occupations",52
E05013522,East Acton,4,"Asian, Asian British or Asian Welsh: Pakistani",2,"L4, L5 and L6: Lower managerial, administrative and professional occupations",51
E05013522,East Acton,4,"Asian, Asian British or Asian Welsh: Pakistani",3,L7: Intermediate occupations,43
E05013522,East Acton,4,"Asian, Asian British or Asian Welsh: Pakistani",4,L8 and L9: Small employers and own account workers,34
E05013522,East Acton,4,"Asian, Asian British or Asian Welsh: Pakistani",5,L10 and L11: Lower supervisory and technical occupations,7
E05013522,East Acton,4,"Asian, Asian British or Asian Welsh: Pakistani",6,L12: Semi-routine occupations,33
E05013522,East Acton,4,"Asian, Asian British or Asian Welsh: Pakistani",7,L13: Routine occupations,28
E05013522,East Acton,4,"Asian, Asian British or Asian Welsh: Pakistani",8,L14.1 and L14.2: Never worked and long-term unemployed,58
E05013522,East Acton,4,"Asian, Asian British or Asian Welsh: Pakistani",9,L15: Full-time students,44
E05013522,East Acton,5,"Asian, Asian British or Asian Welsh: Other Asian",-8,Does not apply,161
E05013522,East Acton,5,"Asian, Asian British or Asian Welsh: Other Asian",1,"L1, L2 and L3: Higher managerial, administrative and professional occupations",47
E05013522,East Acton,5,"Asian, Asian British or Asian Welsh: Other Asian",2,"L4, L5 and L6: Lower managerial, administrative and professional occupations",131
E05013522,East Acton,5,"Asian, Asian British or Asian Welsh: Other Asian",3,L7: Intermediate occupations,48
E05013522,East Acton,5,"Asian, Asian British or Asian Welsh: Other Asian",4,L8 and L9: Small employers and own account workers,76
E05013522,East Acton,5,"Asian, Asian British or Asian Welsh: Other Asian",5,L10 and L11: Lower supervisory and technical occupations,31
E05013522,East Acton,5,"Asian, Asian British or Asian Welsh: Other Asian",6,L12: Semi-routine occupations,79
E05013522,East Acton,5,"Asian, Asian British or Asian Welsh: Other Asian",7,L13: Routine occupations,69
E05013522,East Acton,5,"Asian, Asian British or Asian Welsh: Other Asian",8,L14.1 and L14.2: Never worked and long-term unemployed,112
E05013522,East Acton,5,"Asian, Asian British or Asian Welsh: Other Asian",9,L15: Full-time students,90
E05013522,East Acton,6,"Black, Black British, Black Welsh, Caribbean or African: African",-8,Does not apply,320
E05013522,East Acton,6,"Black, Black British, Black Welsh, Caribbean or African: African",1,"L1, L2 and L3: Higher managerial, administrative and professional occupations",90
E05013522,East Acton,6,"Black, Black British, Black Welsh, Caribbean or African: African",2,"L4, L5 and L6: Lower managerial, administrative and professional occupations",152
E05013522,East Acton,6,"Black, Black British, Black Welsh, Caribbean or African: African",3,L7: Intermediate occupations,85
E05013522,East Acton,6,"Black, Black British, Black Welsh, Caribbean or African: African",4,L8 and L9: Small employers and own account workers,90
E05013522,East Acton,6,"Black, Black British, Black Welsh, Caribbean or African: African",5,L10 and L11: Lower supervisory and technical occupations,19
E05013522,East Acton,6,"Black, Black British, Black Welsh, Caribbean or African: African",6,L12: Semi-routine occupations,125
E05013522,East Acton,6,"Black, Black British, Black Welsh, Caribbean or African: African",7,L13: Routine occupations,98
E05013522,East Acton,6,"Black, Black British, Black Welsh, Caribbean or African: African",8,L14.1 and L14.2: Never worked and long-term unemployed,165
E05013522,East Acton,6,"Black, Black British, Black Welsh, Caribbean or African: African",9,L15: Full-time students,177
E05013522,East Acton,7,"Black, Black British, Black Welsh, Caribbean or African: Caribbean",-8,Does not apply,100
E05013522,East Acton,7,"Black, Black British, Black Welsh, Caribbean or African: Caribbean",1,"L1, L2 and L3: Higher managerial, administrative and professional occupations",42
E05013522,East Acton,7,"Black, Black British, Black Welsh, Caribbean or African: Caribbean",2,"L4, L5 and L6: Lower managerial, administrative and professional occupations",108
E05013522,East Acton,7,"Black, Black British, Black Welsh, Caribbean or African: Caribbean",3,L7: Intermediate occupations,78
E05013522,East Acton,7,"Black, Black British, Black Welsh, Caribbean or African: Caribbean",4,L8 and L9: Small employers and own account workers,34
E05013522,East Acton,7,"Black, Black British, Black Welsh, Caribbean or African: Caribbean",5,L10 and L11: Lower supervisory and technical occupations,34
E05013522,East Acton,7,"Black, Black British, Black Welsh, Caribbean or African: Caribbean",6,L12: Semi-routine occupations,78
E05013522,East Acton,7,"Black, Black British, Black Welsh, Caribbean or African: Caribbean",7,L13: Routine occupations,52
E05013522,East Acton,7,"Black, Black British, Black Welsh, Caribbean or African: Caribbean",8,L14.1 and L14.2: Never worked and long-term unemployed,69
E05013522,East Acton,7,"Black, Black British, Black Welsh, Caribbean or African: Caribbean",9,L15: Full-time students,40
E05013522,East Acton,8,"Black, Black British, Black Welsh, Caribbean or African: Other Black",-8,Does not apply,72
E05013522,East Acton,8,"Black, Black British, Black Welsh, Caribbean or African: Other Black",1,"L1, L2 and L3: Higher managerial, administrative and professional occupations",4
E05013522,East Acton,8,"Black, Black British, Black Welsh, Caribbean or African: Other Black",2,"L4, L5 and L6: Lower managerial, administrative and professional occupations",24
E05013522,East Acton,8,"Black, Black British, Black Welsh, Caribbean or African: Other Black",3,L7: Intermediate occupations,20
E05013522,East Acton,8,"Black, Black British, Black Welsh, Caribbean or African: Other Black",4,L8 and L9: Small employers and own account workers,8
E05013522,East Acton,8,"Black, Black British, Black Welsh, Caribbean or African: Other Black",5,L10 and L11: Lower supervisory and technical occupations,5
E05013522,East Acton,8,"Black, Black British, Black Welsh, Caribbean or African: Other Black",6,L12: Semi-routine occupations,17
E05013522,East Acton,8,"Black, Black British, Black Welsh, Caribbean or African: Other Black",7,L13: Routine occupations,21
E05013522,East Acton,8,"Black, Black British, Black Welsh, Caribbean or African: Other Black",8,L14.1 and L14.2: Never worked and long-term unemployed,17
E05013522,East Acton,8,"Black, Black British, Black Welsh, Caribbean or African: Other Black",9,L15: Full-time students,45
E05013522,East Acton,9,Mixed or Multiple ethnic groups: White and Asian,-8,Does not apply,100
E05013522,East Acton,9,Mixed or Multiple ethnic groups: White and Asian,1,"L1, L2 and L3: Higher managerial, administrative and professional occupations",21
E05013522,East Acton,9,Mixed or Multiple ethnic groups: White and Asian,2,"L4, L5 and L6: Lower managerial, administrative and professional occupations",23
E05013522,East Acton,9,Mixed or Multiple ethnic groups: White and Asian,3,L7: Intermediate occupations,7
E05013522,East Acton,9,Mixed or Multiple ethnic groups: White and Asian,4,L8 and L9: Small employers and own account workers,10
E05013522,East Acton,9,Mixed or Multiple ethnic groups: White and Asian,5,L10 and L11: Lower supervisory and technical occupations,2
E05013522,East Acton,9,Mixed or Multiple ethnic groups: White and Asian,6,L12: Semi-routine occupations,18
E05013522,East Acton,9,Mixed or Multiple ethnic groups: White and Asian,7,L13: Routine occupations,10
E05013522,East Acton,9,Mixed or Multiple ethnic groups: White and Asian,8,L14.1 and L14.2: Never worked and long-term unemployed,12
E05013522,East Acton,9,Mixed or Multiple ethnic groups: White and Asian,9,L15: Full-time students,33
E05013522,East Acton,10,Mixed or Multiple ethnic groups: White and Black African,-8,Does not apply,58
E05013522,East Acton,10,Mixed or Multiple ethnic groups: White and Black African,1,"L1, L2 and L3: Higher managerial, administrative and professional occupations",13
E05013522,East Acton,10,Mixed or Multiple ethnic groups: White and Black African,2,"L4, L5 and L6: Lower managerial, administrative and professional occupations",28
E05013522,East Acton,10,Mixed or Multiple ethnic groups: White and Black African,3,L7: Intermediate occupations,10
E05013522,East Acton,10,Mixed or Multiple ethnic groups: White and Black African,4,L8 and L9: Small employers and own account workers,12
E05013522,East Acton,10,Mixed or Multiple ethnic groups: White and Black African,5,L10 and L11: Lower supervisory and technical occupations,3
E05013522,East Acton,10,Mixed or Multiple ethnic groups: White and Black African,6,L12: Semi-routine occupations,8
E05013522,East Acton,10,Mixed or Multiple ethnic groups: White and Black African,7,L13: Routine occupations,10
E05013522,East Acton,10,Mixed or Multiple ethnic groups: White and Black African,8,L14.1 and L14.2: Never worked and long-term unemployed,11
E05013522,East Acton,10,Mixed or Multiple ethnic groups: White and Black African,9,L15: Full-time students,19
E05013522,East Acton,11,Mixed or Multiple ethnic groups: White and Black Caribbean,-8,Does not apply,71
E05013522,East Acton,11,Mixed or Multiple ethnic groups: White and Black Caribbean,1,"L1, L2 and L3: Higher managerial, administrative and professional occupations",15
E05013522,East Acton,11,Mixed or Multiple ethnic groups: White and Black Caribbean,2,"L4, L5 and L6: Lower managerial, administrative and professional occupations",24
E05013522,East Acton,11,Mixed or Multiple ethnic groups: White and Black Caribbean,3,L7: Intermediate occupations,13
E05013522,East Acton,11,Mixed or Multiple ethnic groups: White and Black Caribbean,4,L8 and L9: Small employers and own account workers,14
E05013522,East Acton,11,Mixed or Multiple ethnic groups: White and Black Caribbean,5,L10 and L11: Lower supervisory and technical occupations,11
E05013522,East Acton,11,Mixed or Multiple ethnic groups: White and Black Caribbean,6,L12: Semi-routine occupations,15
E05013522,East Acton,11,Mixed or Multiple ethnic groups: White and Black Caribbean,7,L13: Routine occupations,20
E05013522,East Acton,11,Mixed or Multiple ethnic groups: White and Black Caribbean,8,L14.1 and L14.2: Never worked and long-term unemployed,22
E05013522,East Acton,11,Mixed or Multiple ethnic groups: White and Black Caribbean,9,L15: Full-time students,24
E05013522,East Acton,12,Mixed or Multiple ethnic groups: Other Mixed or Multiple ethnic groups,-8,Does not apply,147
E05013522,East Acton,12,Mixed or Multiple ethnic groups: Other Mixed or Multiple ethnic groups,1,"L1, L2 and L3: Higher managerial, administrative and professional occupations",30
E05013522,East Acton,12,Mixed or Multiple ethnic groups: Other Mixed or Multiple ethnic groups,2,"L4, L5 and L6: Lower managerial, administrative and professional occupations",56
E05013522,East Acton,12,Mixed or Multiple ethnic groups: Other Mixed or Multiple ethnic groups,3,L7: Intermediate occupations,42
E05013522,East Acton,12,Mixed or Multiple ethnic groups: Other Mixed or Multiple ethnic groups,4,L8 and L9: Small employers and own account workers,28
E05013522,East Acton,12,Mixed or Multiple ethnic groups: Other Mixed or Multiple ethnic groups,5,L10 and L11: Lower supervisory and technical occupations,15
E05013522,East Acton,12,Mixed or Multiple ethnic groups: Other Mixed or Multiple ethnic groups,6,L12: Semi-routine occupations,22
E05013522,East Acton,12,Mixed or Multiple ethnic groups: Other Mixed or Multiple ethnic groups,7,L13: Routine occupations,19
E05013522,East Acton,12,Mixed or Multiple ethnic groups: Other Mixed or Multiple ethnic groups,8,L14.1 and L14.2: Never worked and long-term unemployed,35
E05013522,East Acton,12,Mixed or Multiple ethnic groups: Other Mixed or Multiple ethnic groups,9,L15: Full-time students,32
E05013522,East Acton,13,"White: English, Welsh, Scottish, Northern Irish or British",-8,Does not apply,639
E05013522,East Acton,13,"White: English, Welsh, Scottish, Northern Irish or British",1,"L1, L2 and L3: Higher managerial, administrative and professional occupations",590
E05013522,East Acton,13,"White: English, Welsh, Scottish, Northern Irish or British",2,"L4, L5 and L6: Lower managerial, administrative and professional occupations",759
E05013522,East Acton,13,"White: English, Welsh, Scottish, Northern Irish or British",3,L7: Intermediate occupations,312
E05013522,East Acton,13,"White: English, Welsh, Scottish, Northern Irish or British",4,L8 and L9: Small employers and own account workers,374
E05013522,East Acton,13,"White: English, Welsh, Scottish, Northern Irish or British",5,L10 and L11: Lower supervisory and technical occupations,126
E05013522,East Acton,13,"White: English, Welsh, Scottish, Northern Irish or British",6,L12: Semi-routine occupations,208
E05013522,East Acton,13,"White: English, Welsh, Scottish, Northern Irish or British",7,L13: Routine occupations,224
E05013522,East Acton,13,"White: English, Welsh, Scottish, Northern Irish or British",8,L14.1 and L14.2: Never worked and long-term unemployed,216
E05013522,East Acton,13,"White: English, Welsh, Scottish, Northern Irish or British",9,L15: Full-time students,211
E05013522,East Acton,14,White: Irish,-8,Does not apply,22
E05013522,East Acton,14,White: Irish,1,"L1, L2 and L3: Higher managerial, administrative and professional occupations",53
E05013522,East Acton,14,White: Irish,2,"L4, L5 and L6: Lower managerial, administrative and professional occupations",61
E05013522,East Acton,14,White: Irish,3,L7: Intermediate occupations,17
E05013522,East Acton,14,White: Irish,4,L8 and L9: Small employers and own account workers,33
E05013522,East Acton,14,White: Irish,5,L10 and L11: Lower supervisory and technical occupations,18
E05013522,East Acton,14,White: Irish,6,L12: Semi-routine occupations,20
E05013522,East Acton,14,White: Irish,7,L13: Routine occupations,41
E05013522,East Acton,14,White: Irish,8,L14.1 and L14.2: Never worked and long-term unemployed,23
E05013522,East Acton,14,White: Irish,9,L15: Full-time students,6
E05013522,East Acton,15,White: Gypsy or Irish Traveller,-8,Does not apply,5
E05013522,East Acton,15,White: Gypsy or Irish Traveller,1,"L1, L2 and L3: Higher managerial, administrative and professional occupations",0
E05013522,East Acton,15,White: Gypsy or Irish Traveller,2,"L4, L5 and L6: Lower managerial, administrative and professional occupations",0
E05013522,East Acton,15,White: Gypsy or Irish Traveller,3,L7: Intermediate occupations,0
E05013522,East Acton,15,White: Gypsy or Irish Traveller,4,L8 and L9: Small employers and own account workers,1
E05013522,East Acton,15,White: Gypsy or Irish Traveller,5,L10 and L11: Lower supervisory and technical occupations,1
E05013522,East Acton,15,White: Gypsy or Irish Traveller,6,L12: Semi-routine occupations,0
E05013522,East Acton,15,White: Gypsy or Irish Traveller,7,L13: Routine occupations,0
E05013522,East Acton,15,White: Gypsy or Irish Traveller,8,L14.1 and L14.2: Never worked and long-term unemployed,5
E05013522,East Acton,15,White: Gypsy or Irish Traveller,9,L15: Full-time students,0
E05013522,East Acton,16,White: Roma,-8,Does not apply,1
E05013522,East Acton,16,White: Roma,1,"L1, L2 and L3: Higher managerial, administrative and professional occupations",31
E05013522,East Acton,16,White: Roma,2,"L4, L5 and L6: Lower managerial, administrative and professional occupations",35
E05013522,East Acton,16,White: Roma,3,L7: Intermediate occupations,8
E05013522,East Acton,16,White: Roma,4,L8 and L9: Small employers and own account workers,16
E05013522,East Acton,16,White: Roma,5,L10 and L11: Lower supervisory and technical occupations,29
E05013522,East Acton,16,White: Roma,6,L12: Semi-routine occupations,30
E05013522,East Acton,16,White: Roma,7,L13: Routine occupations,29
E05013522,East Acton,16,White: Roma,8,L14.1 and L14.2: Never worked and long-term unemployed,4
E05013522,East Acton,16,White: Roma,9,L15: Full-time students,11
E05013522,East Acton,17,White: Other White,-8,Does not apply,318
E05013522,East Acton,17,White: Other White,1,"L1, L2 and L3: Higher managerial, administrative and professional occupations",447
E05013522,East Acton,17,White: Other White,2,"L4, L5 and L6: Lower managerial, administrative and professional occupations",549
E05013522,East Acton,17,White: Other White,3,L7: Intermediate occupations,262
E05013522,East Acton,17,White: Other White,4,L8 and L9: Small employers and own account workers,487
E05013522,East Acton,17,White: Other White,5,L10 and L11: Lower supervisory and technical occupations,220
E05013522,East Acton,17,White: Other White,6,L12: Semi-routine occupations,261
E05013522,East Acton,17,White: Other White,7,L13: Routine occupations,358
E05013522,East Acton,17,White: Other White,8,L14.1 and L14.2: Never worked and long-term unemployed,156
E05013522,East Acton,17,White: Other White,9,L15: Full-time students,182
E05013522,East Acton,18,Other ethnic group: Arab,-8,Does not apply,498
E05013522,East Acton,18,Other ethnic group: Arab,1,"L1, L2 and L3: Higher managerial, administrative and professional occupations",134
E05013522,East Acton,18,Other ethnic group: Arab,2,"L4, L5 and L6: Lower managerial, administrative and professional occupations",172
E05013522,East Acton,18,Other ethnic group: Arab,3,L7: Intermediate occupations,79
E05013522,East Acton,18,Other ethnic group: Arab,4,L8 and L9: Small employers and own account workers,113
E05013522,East Acton,18,Other ethnic group: Arab,5,L10 and L11: Lower supervisory and technical occupations,47
E05013522,East Acton,18,Other ethnic group: Arab,6,L12: Semi-routine occupations,62
E05013522,East Acton,18,Other ethnic group: Arab,7,L13: Routine occupations,67
E05013522,East Acton,18,Other ethnic group: Arab,8,L14.1 and L14.2: Never worked and long-term unemployed,327
E05013522,East Acton,18,Other ethnic group: Arab,9,L15: Full-time students,272
E05013522,East Acton,19,Other ethnic group: Any other ethnic group,-8,Does not apply,112
E05013522,East Acton,19,Other ethnic group: Any other ethnic group,1,"L1, L2 and L3: Higher managerial, administrative and professional occupations",66
E05013522,East Acton,19,Other ethnic group: Any other ethnic group,2,"L4, L5 and L6: Lower managerial, administrative and professional occupations",104
E05013522,East Acton,19,Other ethnic group: Any other ethnic group,3,L7: Intermediate occupations,52
E05013522,East Acton,19,Other ethnic group: Any other ethnic group,4,L8 and L9: Small employers and own account workers,80
E05013522,East Acton,19,Other ethnic group: Any other ethnic group,5,L10 and L11: Lower supervisory and technical occupations,22
E05013522,East Acton,19,Other ethnic group: Any other ethnic group,6,L12: Semi-routine occupations,60
E05013522,East Acton,19,Other ethnic group: Any other ethnic group,7,L13: Routine occupations,74
E05013522,East Acton,19,Other ethnic group: Any other ethnic group,8,L14.1 and L14.2: Never worked and long-term unemployed,101
E05013522,East Acton,19,Other ethnic group: Any other ethnic group,9,L15: Full-time students,53
E05013523,Greenford Broadway,-8,Does not apply,-8,Does not apply,0
E05013523,Greenford Broadway,-8,Does not apply,1,"L1, L2 and L3: Higher managerial, administrative and professional occupations",0
E05013523,Greenford Broadway,-8,Does not apply,2,"L4, L5 and L6: Lower managerial, administrative and professional occupations",0
E05013523,Greenford Broadway,-8,Does not apply,3,L7: Intermediate occupations,0
E05013523,Greenford Broadway,-8,Does not apply,4,L8 and L9: Small employers and own account workers,0
E05013523,Greenford Broadway,-8,Does not apply,5,L10 and L11: Lower supervisory and technical occupations,0
E05013523,Greenford Broadway,-8,Does not apply,6,L12: Semi-routine occupations,0
E05013523,Greenford Broadway,-8,Does not apply,7,L13: Routine occupations,0
E05013523,Greenford Broadway,-8,Does not apply,8,L14.1 and L14.2: Never worked and long-term unemployed,0
E05013523,Greenford Broadway,-8,Does not apply,9,L15: Full-time students,0
E05013523,Greenford Broadway,1,"Asian, Asian British or Asian Welsh: Bangladeshi",-8,Does not apply,32
E05013523,Greenford Broadway,1,"Asian, Asian British or Asian Welsh: Bangladeshi",1,"L1, L2 and L3: Higher managerial, administrative and professional occupations",6
E05013523,Greenford Broadway,1,"Asian, Asian British or Asian Welsh: Bangladeshi",2,"L4, L5 and L6: Lower managerial, administrative and professional occupations",8
E05013523,Greenford Broadway,1,"Asian, Asian British or Asian Welsh: Bangladeshi",3,L7: Intermediate occupations,6
E05013523,Greenford Broadway,1,"Asian, Asian British or Asian Welsh: Bangladeshi",4,L8 and L9: Small employers and own account workers,12
E05013523,Greenford Broadway,1,"Asian, Asian British or Asian Welsh: Bangladeshi",5,L10 and L11: Lower supervisory and technical occupations,9
E05013523,Greenford Broadway,1,"Asian, Asian British or Asian Welsh: Bangladeshi",6,L12: Semi-routine occupations,13
E05013523,Greenford Broadway,1,"Asian, Asian British or Asian Welsh: Bangladeshi",7,L13: Routine occupations,7
E05013523,Greenford Broadway,1,"Asian, Asian British or Asian Welsh: Bangladeshi",8,L14.1 and L14.2: Never worked and long-term unemployed,13
E05013523,Greenford Broadway,1,"Asian, Asian British or Asian Welsh: Bangladeshi",9,L15: Full-time students,14
E05013523,Greenford Broadway,2,"Asian, Asian British or Asian Welsh: Chinese",-8,Does not apply,8
E05013523,Greenford Broadway,2,"Asian, Asian British or Asian Welsh: Chinese",1,"L1, L2 and L3: Higher managerial, administrative and professional occupations",14
E05013523,Greenford Broadway,2,"Asian, Asian British or Asian Welsh: Chinese",2,"L4, L5 and L6: Lower managerial, administrative and professional occupations",18
E05013523,Greenford Broadway,2,"Asian, Asian British or Asian Welsh: Chinese",3,L7: Intermediate occupations,13
E05013523,Greenford Broadway,2,"Asian, Asian British or Asian Welsh: Chinese",4,L8 and L9: Small employers and own account workers,9
E05013523,Greenford Broadway,2,"Asian, Asian British or Asian Welsh: Chinese",5,L10 and L11: Lower supervisory and technical occupations,3
E05013523,Greenford Broadway,2,"Asian, Asian British or Asian Welsh: Chinese",6,L12: Semi-routine occupations,6
E05013523,Greenford Broadway,2,"Asian, Asian British or Asian Welsh: Chinese",7,L13: Routine occupations,7
E05013523,Greenford Broadway,2,"Asian, Asian British or Asian Welsh: Chinese",8,L14.1 and L14.2: Never worked and long-term unemployed,14
E05013523,Greenford Broadway,2,"Asian, Asian British or Asian Welsh: Chinese",9,L15: Full-time students,3
E05013523,Greenford Broadway,3,"Asian, Asian British or Asian Welsh: Indian",-8,Does not apply,331
E05013523,Greenford Broadway,3,"Asian, Asian British or Asian Welsh: Indian",1,"L1, L2 and L3: Higher managerial, administrative and professional occupations",193
E05013523,Greenford Broadway,3,"Asian, Asian British or Asian Welsh: Indian",2,"L4, L5 and L6: Lower managerial, administrative and professional occupations",273
E05013523,Greenford Broadway,3,"Asian, Asian British or Asian Welsh: Indian",3,L7: Intermediate occupations,186
E05013523,Greenford Broadway,3,"Asian, Asian British or Asian Welsh: Indian",4,L8 and L9: Small employers and own account workers,127
E05013523,Greenford Broadway,3,"Asian, Asian British or Asian Welsh: Indian",5,L10 and L11: Lower supervisory and technical occupations,63
E05013523,Greenford Broadway,3,"Asian, Asian British or Asian Welsh: Indian",6,L12: Semi-routine occupations,162
E05013523,Greenford Broadway,3,"Asian, Asian British or Asian Welsh: Indian",7,L13: Routine occupations,164
E05013523,Greenford Broadway,3,"Asian, Asian British or Asian Welsh: Indian",8,L14.1 and L14.2: Never worked and long-term unemployed,187
E05013523,Greenford Broadway,3,"Asian, Asian British or Asian Welsh: Indian",9,L15: Full-time students,105
E05013523,Greenford Broadway,4,"Asian, Asian British or Asian Welsh: Pakistani",-8,Does not apply,249
E05013523,Greenford Broadway,4,"Asian, Asian British or Asian Welsh: Pakistani",1,"L1, L2 and L3: Higher managerial, administrative and professional occupations",63
E05013523,Greenford Broadway,4,"Asian, Asian British or Asian Welsh: Pakistani",2,"L4, L5 and L6: Lower managerial, administrative and professional occupations",97
E05013523,Greenford Broadway,4,"Asian, Asian British or Asian Welsh: Pakistani",3,L7: Intermediate occupations,63
E05013523,Greenford Broadway,4,"Asian, Asian British or Asian Welsh: Pakistani",4,L8 and L9: Small employers and own account workers,65
E05013523,Greenford Broadway,4,"Asian, Asian British or Asian Welsh: Pakistani",5,L10 and L11: Lower supervisory and technical occupations,23
E05013523,Greenford Broadway,4,"Asian, Asian British or Asian Welsh: Pakistani",6,L12: Semi-routine occupations,60
E05013523,Greenford Broadway,4,"Asian, Asian British or Asian Welsh: Pakistani",7,L13: Routine occupations,63
E05013523,Greenford Broadway,4,"Asian, Asian British or Asian Welsh: Pakistani",8,L14.1 and L14.2: Never worked and long-term unemployed,133
E05013523,Greenford Broadway,4,"Asian, Asian British or Asian Welsh: Pakistani",9,L15: Full-time students,97
E05013523,Greenford Broadway,5,"Asian, Asian British or Asian Welsh: Other Asian",-8,Does not apply,467
E05013523,Greenford Broadway,5,"Asian, Asian British or Asian Welsh: Other Asian",1,"L1, L2 and L3: Higher managerial, administrative and professional occupations",87
E05013523,Greenford Broadway,5,"Asian, Asian British or Asian Welsh: Other Asian",2,"L4, L5 and L6: Lower managerial, administrative and professional occupations",227
E05013523,Greenford Broadway,5,"Asian, Asian British or Asian Welsh: Other Asian",3,L7: Intermediate occupations,96
E05013523,Greenford Broadway,5,"Asian, Asian British or Asian Welsh: Other Asian",4,L8 and L9: Small employers and own account workers,148
E05013523,Greenford Broadway,5,"Asian, Asian British or Asian Welsh: Other Asian",5,L10 and L11: Lower supervisory and technical occupations,74
E05013523,Greenford Broadway,5,"Asian, Asian British or Asian Welsh: Other Asian",6,L12: Semi-routine occupations,208
E05013523,Greenford Broadway,5,"Asian, Asian British or Asian Welsh: Other Asian",7,L13: Routine occupations,156
E05013523,Greenford Broadway,5,"Asian, Asian British or Asian Welsh: Other Asian",8,L14.1 and L14.2: Never worked and long-term unemployed,293
E05013523,Greenford Broadway,5,"Asian, Asian British or Asian Welsh: Other Asian",9,L15: Full-time students,184
E05013523,Greenford Broadway,6,"Black, Black British, Black Welsh, Caribbean or African: African",-8,Does not apply,326
E05013523,Greenford Broadway,6,"Black, Black British, Black Welsh, Caribbean or African: African",1,"L1, L2 and L3: Higher managerial, administrative and professional occupations",83
E05013523,Greenford Broadway,6,"Black, Black British, Black Welsh, Caribbean or African: African",2,"L4, L5 and L6: Lower managerial, administrative and professional occupations",162
E05013523,Greenford Broadway,6,"Black, Black British, Black Welsh, Caribbean or African: African",3,L7: Intermediate occupations,88
E05013523,Greenford Broadway,6,"Black, Black British, Black Welsh, Caribbean or African: African",4,L8 and L9: Small employers and own account workers,80
E05013523,Greenford Broadway,6,"Black, Black British, Black Welsh, Caribbean or African: African",5,L10 and L11: Lower supervisory and technical occupations,28
E05013523,Greenford Broadway,6,"Black, Black British, Black Welsh, Caribbean or African: African",6,L12: Semi-routine occupations,133
E05013523,Greenford Broadway,6,"Black, Black British, Black Welsh, Caribbean or African: African",7,L13: Routine occupations,72
E05013523,Greenford Broadway,6,"Black, Black British, Black Welsh, Caribbean or African: African",8,L14.1 and L14.2: Never worked and long-term unemployed,151
E05013523,Greenford Broadway,6,"Black, Black British, Black Welsh, Caribbean or African: African",9,L15: Full-time students,185
E05013523,Greenford Broadway,7,"Black, Black British, Black Welsh, Caribbean or African: Caribbean",-8,Does not apply,178
E05013523,Greenford Broadway,7,"Black, Black British, Black Welsh, Caribbean or African: Caribbean",1,"L1, L2 and L3: Higher managerial, administrative and professional occupations",64
E05013523,Greenford Broadway,7,"Black, Black British, Black Welsh, Caribbean or African: Caribbean",2,"L4, L5 and L6: Lower managerial, administrative and professional occupations",182
E05013523,Greenford Broadway,7,"Black, Black British, Black Welsh, Caribbean or African: Caribbean",3,L7: Intermediate occupations,130
E05013523,Greenford Broadway,7,"Black, Black British, Black Welsh, Caribbean or African: Caribbean",4,L8 and L9: Small employers and own account workers,51
E05013523,Greenford Broadway,7,"Black, Black British, Black Welsh, Caribbean or African: Caribbean",5,L10 and L11: Lower supervisory and technical occupations,56
E05013523,Greenford Broadway,7,"Black, Black British, Black Welsh, Caribbean or African: Caribbean",6,L12: Semi-routine occupations,109
E05013523,Greenford Broadway,7,"Black, Black British, Black Welsh, Caribbean or African: Caribbean",7,L13: Routine occupations,98
E05013523,Greenford Broadway,7,"Black, Black British, Black Welsh, Caribbean or African: Caribbean",8,L14.1 and L14.2: Never worked and long-term unemployed,73
E05013523,Greenford Broadway,7,"Black, Black British, Black Welsh, Caribbean or African: Caribbean",9,L15: Full-time students,60
E05013523,Greenford Broadway,8,"Black, Black British, Black Welsh, Caribbean or African: Other Black",-8,Does not apply,117
E05013523,Greenford Broadway,8,"Black, Black British, Black Welsh, Caribbean or African: Other Black",1,"L1, L2 and L3: Higher managerial, administrative and professional occupations",12
E05013523,Greenford Broadway,8,"Black, Black British, Black Welsh, Caribbean or African: Other Black",2,"L4, L5 and L6: Lower managerial, administrative and professional occupations",38
E05013523,Greenford Broadway,8,"Black, Black British, Black Welsh, Caribbean or African: Other Black",3,L7: Intermediate occupations,19
E05013523,Greenford Broadway,8,"Black, Black British, Black Welsh, Caribbean or African: Other Black",4,L8 and L9: Small employers and own account workers,11
E05013523,Greenford Broadway,8,"Black, Black British, Black Welsh, Caribbean or African: Other Black",5,L10 and L11: Lower supervisory and technical occupations,17
E05013523,Greenford Broadway,8,"Black, Black British, Black Welsh, Caribbean or African: Other Black",6,L12: Semi-routine occupations,20
E05013523,Greenford Broadway,8,"Black, Black British, Black Welsh, Caribbean or African: Other Black",7,L13: Routine occupations,27
E05013523,Greenford Broadway,8,"Black, Black British, Black Welsh, Caribbean or African: Other Black",8,L14.1 and L14.2: Never worked and long-term unemployed,27
E05013523,Greenford Broadway,8,"Black, Black British, Black Welsh, Caribbean or African: Other Black",9,L15: Full-time students,20
E05013523,Greenford Broadway,9,Mixed or Multiple ethnic groups: White and Asian,-8,Does not apply,117
E05013523,Greenford Broadway,9,Mixed or Multiple ethnic groups: White and Asian,1,"L1, L2 and L3: Higher managerial, administrative and professional occupations",13
E05013523,Greenford Broadway,9,Mixed or Multiple ethnic groups: White and Asian,2,"L4, L5 and L6: Lower managerial, administrative and professional occupations",17
E05013523,Greenford Broadway,9,Mixed or Multiple ethnic groups: White and Asian,3,L7: Intermediate occupations,17
E05013523,Greenford Broadway,9,Mixed or Multiple ethnic groups: White and Asian,4,L8 and L9: Small employers and own account workers,9
E05013523,Greenford Broadway,9,Mixed or Multiple ethnic groups: White and Asian,5,L10 and L11: Lower supervisory and technical occupations,4
E05013523,Greenford Broadway,9,Mixed or Multiple ethnic groups: White and Asian,6,L12: Semi-routine occupations,9
E05013523,Greenford Broadway,9,Mixed or Multiple ethnic groups: White and Asian,7,L13: Routine occupations,9
E05013523,Greenford Broadway,9,Mixed or Multiple ethnic groups: White and Asian,8,L14.1 and L14.2: Never worked and long-term unemployed,13
E05013523,Greenford Broadway,9,Mixed or Multiple ethnic groups: White and Asian,9,L15: Full-time students,26
E05013523,Greenford Broadway,10,Mixed or Multiple ethnic groups: White and Black African,-8,Does not apply,60
E05013523,Greenford Broadway,10,Mixed or Multiple ethnic groups: White and Black African,1,"L1, L2 and L3: Higher managerial, administrative and professional occupations",9
E05013523,Greenford Broadway,10,Mixed or Multiple ethnic groups: White and Black African,2,"L4, L5 and L6: Lower managerial, administrative and professional occupations",9
E05013523,Greenford Broadway,10,Mixed or Multiple ethnic groups: White and Black African,3,L7: Intermediate occupations,8
E05013523,Greenford Broadway,10,Mixed or Multiple ethnic groups: White and Black African,4,L8 and L9: Small employers and own account workers,6
E05013523,Greenford Broadway,10,Mixed or Multiple ethnic groups: White and Black African,5,L10 and L11: Lower supervisory and technical occupations,2
E05013523,Greenford Broadway,10,Mixed or Multiple ethnic groups: White and Black African,6,L12: Semi-routine occupations,7
E05013523,Greenford Broadway,10,Mixed or Multiple ethnic groups: White and Black African,7,L13: Routine occupations,15
E05013523,Greenford Broadway,10,Mixed or Multiple ethnic groups: White and Black African,8,L14.1 and L14.2: Never worked and long-term unemployed,10
E05013523,Greenford Broadway,10,Mixed or Multiple ethnic groups: White and Black African,9,L15: Full-time students,18
E05013523,Greenford Broadway,11,Mixed or Multiple ethnic groups: White and Black Caribbean,-8,Does not apply,128
E05013523,Greenford Broadway,11,Mixed or Multiple ethnic groups: White and Black Caribbean,1,"L1, L2 and L3: Higher managerial, administrative and professional occupations",15
E05013523,Greenford Broadway,11,Mixed or Multiple ethnic groups: White and Black Caribbean,2,"L4, L5 and L6: Lower managerial, administrative and professional occupations",36
E05013523,Greenford Broadway,11,Mixed or Multiple ethnic groups: White and Black Caribbean,3,L7: Intermediate occupations,20
E05013523,Greenford Broadway,11,Mixed or Multiple ethnic groups: White and Black Caribbean,4,L8 and L9: Small employers and own account workers,15
E05013523,Greenford Broadway,11,Mixed or Multiple ethnic groups: White and Black Caribbean,5,L10 and L11: Lower supervisory and technical occupations,9
E05013523,Greenford Broadway,11,Mixed or Multiple ethnic groups: White and Black Caribbean,6,L12: Semi-routine occupations,29
E05013523,Greenford Broadway,11,Mixed or Multiple ethnic groups: White and Black Caribbean,7,L13: Routine occupations,21
E05013523,Greenford Broadway,11,Mixed or Multiple ethnic groups: White and Black Caribbean,8,L14.1 and L14.2: Never worked and long-term unemployed,25
E05013523,Greenford Broadway,11,Mixed or Multiple ethnic groups: White and Black Caribbean,9,L15: Full-time students,32
E05013523,Greenford Broadway,12,Mixed or Multiple ethnic groups: Other Mixed or Multiple ethnic groups,-8,Does not apply,163
E05013523,Greenford Broadway,12,Mixed or Multiple ethnic groups: Other Mixed or Multiple ethnic groups,1,"L1, L2 and L3: Higher managerial, administrative and professional occupations",14
E05013523,Greenford Broadway,12,Mixed or Multiple ethnic groups: Other Mixed or Multiple ethnic groups,2,"L4, L5 and L6: Lower managerial, administrative and professional occupations",25
E05013523,Greenford Broadway,12,Mixed or Multiple ethnic groups: Other Mixed or Multiple ethnic groups,3,L7: Intermediate occupations,14
E05013523,Greenford Broadway,12,Mixed or Multiple ethnic groups: Other Mixed or Multiple ethnic groups,4,L8 and L9: Small employers and own account workers,10
E05013523,Greenford Broadway,12,Mixed or Multiple ethnic groups: Other Mixed or Multiple ethnic groups,5,L10 and L11: Lower supervisory and technical occupations,3
E05013523,Greenford Broadway,12,Mixed or Multiple ethnic groups: Other Mixed or Multiple ethnic groups,6,L12: Semi-routine occupations,12
E05013523,Greenford Broadway,12,Mixed or Multiple ethnic groups: Other Mixed or Multiple ethnic groups,7,L13: Routine occupations,16
E05013523,Greenford Broadway,12,Mixed or Multiple ethnic groups: Other Mixed or Multiple ethnic groups,8,L14.1 and L14.2: Never worked and long-term unemployed,27
E05013523,Greenford Broadway,12,Mixed or Multiple ethnic groups: Other Mixed or Multiple ethnic groups,9,L15: Full-time students,35
E05013523,Greenford Broadway,13,"White: English, Welsh, Scottish, Northern Irish or British",-8,Does not apply,687
E05013523,Greenford Broadway,13,"White: English, Welsh, Scottish, Northern Irish or British",1,"L1, L2 and L3: Higher managerial, administrative and professional occupations",268
E05013523,Greenford Broadway,13,"White: English, Welsh, Scottish, Northern Irish or British",2,"L4, L5 and L6: Lower managerial, administrative and professional occupations",538
E05013523,Greenford Broadway,13,"White: English, Welsh, Scottish, Northern Irish or British",3,L7: Intermediate occupations,399
E05013523,Greenford Broadway,13,"White: English, Welsh, Scottish, Northern Irish or British",4,L8 and L9: Small employers and own account workers,355
E05013523,Greenford Broadway,13,"White: English, Welsh, Scottish, Northern Irish or British",5,L10 and L11: Lower supervisory and technical occupations,173
E05013523,Greenford Broadway,13,"White: English, Welsh, Scottish, Northern Irish or British",6,L12: Semi-routine occupations,313
E05013523,Greenford Broadway,13,"White: English, Welsh, Scottish, Northern Irish or British",7,L13: Routine occupations,451
E05013523,Greenford Broadway,13,"White: English, Welsh, Scottish, Northern Irish or British",8,L14.1 and L14.2: Never worked and long-term unemployed,379
E05013523,Greenford Broadway,13,"White: English, Welsh, Scottish, Northern Irish or British",9,L15: Full-time students,137
E05013523,Greenford Broadway,14,White: Irish,-8,Does not apply,24
E05013523,Greenford Broadway,14,White: Irish,1,"L1, L2 and L3: Higher managerial, administrative and professional occupations",36
E05013523,Greenford Broadway,14,White: Irish,2,"L4, L5 and L6: Lower managerial, administrative and professional occupations",97
E05013523,Greenford Broadway,14,White: Irish,3,L7: Intermediate occupations,54
E05013523,Greenford Broadway,14,White: Irish,4,L8 and L9: Small employers and own account workers,59
E05013523,Greenford Broadway,14,White: Irish,5,L10 and L11: Lower supervisory and technical occupations,25
E05013523,Greenford Broadway,14,White: Irish,6,L12: Semi-routine occupations,36
E05013523,Greenford Broadway,14,White: Irish,7,L13: Routine occupations,45
E05013523,Greenford Broadway,14,White: Irish,8,L14.1 and L14.2: Never worked and long-term unemployed,40
E05013523,Greenford Broadway,14,White: Irish,9,L15: Full-time students,7
E05013523,Greenford Broadway,15,White: Gypsy or Irish Traveller,-8,Does not apply,7
E05013523,Greenford Broadway,15,White: Gypsy or Irish Traveller,1,"L1, L2 and L3: Higher managerial, administrative and professional occupations",0
E05013523,Greenford Broadway,15,White: Gypsy or Irish Traveller,2,"L4, L5 and L6: Lower managerial, administrative and professional occupations",1
E05013523,Greenford Broadway,15,White: Gypsy or Irish Traveller,3,L7: Intermediate occupations,2
E05013523,Greenford Broadway,15,White: Gypsy or Irish Traveller,4,L8 and L9: Small employers and own account workers,1
E05013523,Greenford Broadway,15,White: Gypsy or Irish Traveller,5,L10 and L11: Lower supervisory and technical occupations,0
E05013523,Greenford Broadway,15,White: Gypsy or Irish Traveller,6,L12: Semi-routine occupations,0
E05013523,Greenford Broadway,15,White: Gypsy or Irish Traveller,7,L13: Routine occupations,0
E05013523,Greenford Broadway,15,White: Gypsy or Irish Traveller,8,L14.1 and L14.2: Never worked and long-term unemployed,7
E05013523,Greenford Broadway,15,White: Gypsy or Irish Traveller,9,L15: Full-time students,0
E05013523,Greenford Broadway,16,White: Roma,-8,Does not apply,3
E05013523,Greenford Broadway,16,White: Roma,1,"L1, L2 and L3: Higher managerial, administrative and professional occupations",0
E05013523,Greenford Broadway,16,White: Roma,2,"L4, L5 and L6: Lower managerial, administrative and professional occupations",0
E05013523,Greenford Broadway,16,White: Roma,3,L7: Intermediate occupations,2
E05013523,Greenford Broadway,16,White: Roma,4,L8 and L9: Small employers and own account workers,12
E05013523,Greenford Broadway,16,White: Roma,5,L10 and L11: Lower supervisory and technical occupations,4
E05013523,Greenford Broadway,16,White: Roma,6,L12: Semi-routine occupations,3
E05013523,Greenford Broadway,16,White: Roma,7,L13: Routine occupations,6
E05013523,Greenford Broadway,16,White: Roma,8,L14.1 and L14.2: Never worked and long-term unemployed,2
E05013523,Greenford Broadway,16,White: Roma,9,L15: Full-time students,2
E05013523,Greenford Broadway,17,White: Other White,-8,Does not apply,494
E05013523,Greenford Broadway,17,White: Other White,1,"L1, L2 and L3: Higher managerial, administrative and professional occupations",133
E05013523,Greenford Broadway,17,White: Other White,2,"L4, L5 and L6: Lower managerial, administrative and professional occupations",295
E05013523,Greenford Broadway,17,White: Other White,3,L7: Intermediate occupations,188
E05013523,Greenford Broadway,17,White: Other White,4,L8 and L9: Small employers and own account workers,688
E05013523,Greenford Broadway,17,White: Other White,5,L10 and L11: Lower supervisory and technical occupations,121
E05013523,Greenford Broadway,17,White: Other White,6,L12: Semi-routine occupations,213
E05013523,Greenford Broadway,17,White: Other White,7,L13: Routine occupations,338
E05013523,Greenford Broadway,17,White: Other White,8,L14.1 and L14.2: Never worked and long-term unemployed,107
E05013523,Greenford Broadway,17,White: Other White,9,L15: Full-time students,165
E05013523,Greenford Broadway,18,Other ethnic group: Arab,-8,Does not apply,257
E05013523,Greenford Broadway,18,Other ethnic group: Arab,1,"L1, L2 and L3: Higher managerial, administrative and professional occupations",46
E05013523,Greenford Broadway,18,Other ethnic group: Arab,2,"L4, L5 and L6: Lower managerial, administrative and professional occupations",79
E05013523,Greenford Broadway,18,Other ethnic group: Arab,3,L7: Intermediate occupations,42
E05013523,Greenford Broadway,18,Other ethnic group: Arab,4,L8 and L9: Small employers and own account workers,58
E05013523,Greenford Broadway,18,Other ethnic group: Arab,5,L10 and L11: Lower supervisory and technical occupations,23
E05013523,Greenford Broadway,18,Other ethnic group: Arab,6,L12: Semi-routine occupations,56
E05013523,Greenford Broadway,18,Other ethnic group: Arab,7,L13: Routine occupations,50
E05013523,Greenford Broadway,18,Other ethnic group: Arab,8,L14.1 and L14.2: Never worked and long-term unemployed,138
E05013523,Greenford Broadway,18,Other ethnic group: Arab,9,L15: Full-time students,108
E05013523,Greenford Broadway,19,Other ethnic group: Any other ethnic group,-8,Does not apply,229
E05013523,Greenford Broadway,19,Other ethnic group: Any other ethnic group,1,"L1, L2 and L3: Higher managerial, administrative and professional occupations",72
E05013523,Greenford Broadway,19,Other ethnic group: Any other ethnic group,2,"L4, L5 and L6: Lower managerial, administrative and professional occupations",137
E05013523,Greenford Broadway,19,Other ethnic group: Any other ethnic group,3,L7: Intermediate occupations,89
E05013523,Greenford Broadway,19,Other ethnic group: Any other ethnic group,4,L8 and L9: Small employers and own account workers,109
E05013523,Greenford Broadway,19,Other ethnic group: Any other ethnic group,5,L10 and L11: Lower supervisory and technical occupations,39
E05013523,Greenford Broadway,19,Other ethnic group: Any other ethnic group,6,L12: Semi-routine occupations,88
E05013523,Greenford Broadway,19,Other ethnic group: Any other ethnic group,7,L13: Routine occupations,87
E05013523,Greenford Broadway,19,Other ethnic group: Any other ethnic group,8,L14.1 and L14.2: Never worked and long-term unemployed,176
E05013523,Greenford Broadway,19,Other ethnic group: Any other ethnic group,9,L15: Full-time students,84
E05013524,Hanger Hill,-8,Does not apply,-8,Does not apply,0
E05013524,Hanger Hill,-8,Does not apply,1,"L1, L2 and L3: Higher managerial, administrative and professional occupations",0
E05013524,Hanger Hill,-8,Does not apply,2,"L4, L5 and L6: Lower managerial, administrative and professional occupations",0
E05013524,Hanger Hill,-8,Does not apply,3,L7: Intermediate occupations,0
E05013524,Hanger Hill,-8,Does not apply,4,L8 and L9: Small employers and own account workers,0
E05013524,Hanger Hill,-8,Does not apply,5,L10 and L11: Lower supervisory and technical occupations,0
E05013524,Hanger Hill,-8,Does not apply,6,L12: Semi-routine occupations,0
E05013524,Hanger Hill,-8,Does not apply,7,L13: Routine occupations,0
E05013524,Hanger Hill,-8,Does not apply,8,L14.1 and L14.2: Never worked and long-term unemployed,0
E05013524,Hanger Hill,-8,Does not apply,9,L15: Full-time students,0
E05013524,Hanger Hill,1,"Asian, Asian British or Asian Welsh: Bangladeshi",-8,Does not apply,26
E05013524,Hanger Hill,1,"Asian, Asian British or Asian Welsh: Bangladeshi",1,"L1, L2 and L3: Higher managerial, administrative and professional occupations",24
E05013524,Hanger Hill,1,"Asian, Asian British or Asian Welsh: Bangladeshi",2,"L4, L5 and L6: Lower managerial, administrative and professional occupations",14
E05013524,Hanger Hill,1,"Asian, Asian British or Asian Welsh: Bangladeshi",3,L7: Intermediate occupations,10
E05013524,Hanger Hill,1,"Asian, Asian British or Asian Welsh: Bangladeshi",4,L8 and L9: Small employers and own account workers,2
E05013524,Hanger Hill,1,"Asian, Asian British or Asian Welsh: Bangladeshi",5,L10 and L11: Lower supervisory and technical occupations,3
E05013524,Hanger Hill,1,"Asian, Asian British or Asian Welsh: Bangladeshi",6,L12: Semi-routine occupations,16
E05013524,Hanger Hill,1,"Asian, Asian British or Asian Welsh: Bangladeshi",7,L13: Routine occupations,9
E05013524,Hanger Hill,1,"Asian, Asian British or Asian Welsh: Bangladeshi",8,L14.1 and L14.2: Never worked and long-term unemployed,11
E05013524,Hanger Hill,1,"Asian, Asian British or Asian Welsh: Bangladeshi",9,L15: Full-time students,6
E05013524,Hanger Hill,2,"Asian, Asian British or Asian Welsh: Chinese",-8,Does not apply,48
E05013524,Hanger Hill,2,"Asian, Asian British or Asian Welsh: Chinese",1,"L1, L2 and L3: Higher managerial, administrative and professional occupations",98
E05013524,Hanger Hill,2,"Asian, Asian British or Asian Welsh: Chinese",2,"L4, L5 and L6: Lower managerial, administrative and professional occupations",85
E05013524,Hanger Hill,2,"Asian, Asian British or Asian Welsh: Chinese",3,L7: Intermediate occupations,29
E05013524,Hanger Hill,2,"Asian, Asian British or Asian Welsh: Chinese",4,L8 and L9: Small employers and own account workers,37
E05013524,Hanger Hill,2,"Asian, Asian British or Asian Welsh: Chinese",5,L10 and L11: Lower supervisory and technical occupations,3
E05013524,Hanger Hill,2,"Asian, Asian British or Asian Welsh: Chinese",6,L12: Semi-routine occupations,12
E05013524,Hanger Hill,2,"Asian, Asian British or Asian Welsh: Chinese",7,L13: Routine occupations,15
E05013524,Hanger Hill,2,"Asian, Asian British or Asian Welsh: Chinese",8,L14.1 and L14.2: Never worked and long-term unemployed,32
E05013524,Hanger Hill,2,"Asian, Asian British or Asian Welsh: Chinese",9,L15: Full-time students,12
E05013524,Hanger Hill,3,"Asian, Asian British or Asian Welsh: Indian",-8,Does not apply,201
E05013524,Hanger Hill,3,"Asian, Asian British or Asian Welsh: Indian",1,"L1, L2 and L3: Higher managerial, administrative and professional occupations",363
E05013524,Hanger Hill,3,"Asian, Asian British or Asian Welsh: Indian",2,"L4, L5 and L6: Lower managerial, administrative and professional occupations",247
E05013524,Hanger Hill,3,"Asian, Asian British or Asian Welsh: Indian",3,L7: Intermediate occupations,84
E05013524,Hanger Hill,3,"Asian, Asian British or Asian Welsh: Indian",4,L8 and L9: Small employers and own account workers,111
E05013524,Hanger Hill,3,"Asian, Asian British or Asian Welsh: Indian",5,L10 and L11: Lower supervisory and technical occupations,16
E05013524,Hanger Hill,3,"Asian, Asian British or Asian Welsh: Indian",6,L12: Semi-routine occupations,61
E05013524,Hanger Hill,3,"Asian, Asian British or Asian Welsh: Indian",7,L13: Routine occupations,61
E05013524,Hanger Hill,3,"Asian, Asian British or Asian Welsh: Indian",8,L14.1 and L14.2: Never worked and long-term unemployed,101
E05013524,Hanger Hill,3,"Asian, Asian British or Asian Welsh: Indian",9,L15: Full-time students,79
E05013524,Hanger Hill,4,"Asian, Asian British or Asian Welsh: Pakistani",-8,Does not apply,104
E05013524,Hanger Hill,4,"Asian, Asian British or Asian Welsh: Pakistani",1,"L1, L2 and L3: Higher managerial, administrative and professional occupations",84
E05013524,Hanger Hill,4,"Asian, Asian British or Asian Welsh: Pakistani",2,"L4, L5 and L6: Lower managerial, administrative and professional occupations",69
E05013524,Hanger Hill,4,"Asian, Asian British or Asian Welsh: Pakistani",3,L7: Intermediate occupations,32
E05013524,Hanger Hill,4,"Asian, Asian British or Asian Welsh: Pakistani",4,L8 and L9: Small employers and own account workers,39
E05013524,Hanger Hill,4,"Asian, Asian British or Asian Welsh: Pakistani",5,L10 and L11: Lower supervisory and technical occupations,11
E05013524,Hanger Hill,4,"Asian, Asian British or Asian Welsh: Pakistani",6,L12: Semi-routine occupations,29
E05013524,Hanger Hill,4,"Asian, Asian British or Asian Welsh: Pakistani",7,L13: Routine occupations,20
E05013524,Hanger Hill,4,"Asian, Asian British or Asian Welsh: Pakistani",8,L14.1 and L14.2: Never worked and long-term unemployed,73
E05013524,Hanger Hill,4,"Asian, Asian British or Asian Welsh: Pakistani",9,L15: Full-time students,27
E05013524,Hanger Hill,5,"Asian, Asian British or Asian Welsh: Other Asian",-8,Does not apply,411
E05013524,Hanger Hill,5,"Asian, Asian British or Asian Welsh: Other Asian",1,"L1, L2 and L3: Higher managerial, administrative and professional occupations",229
E05013524,Hanger Hill,5,"Asian, Asian British or Asian Welsh: Other Asian",2,"L4, L5 and L6: Lower managerial, administrative and professional occupations",203
E05013524,Hanger Hill,5,"Asian, Asian British or Asian Welsh: Other Asian",3,L7: Intermediate occupations,91
E05013524,Hanger Hill,5,"Asian, Asian British or Asian Welsh: Other Asian",4,L8 and L9: Small employers and own account workers,89
E05013524,Hanger Hill,5,"Asian, Asian British or Asian Welsh: Other Asian",5,L10 and L11: Lower supervisory and technical occupations,30
E05013524,Hanger Hill,5,"Asian, Asian British or Asian Welsh: Other Asian",6,L12: Semi-routine occupations,60
E05013524,Hanger Hill,5,"Asian, Asian British or Asian Welsh: Other Asian",7,L13: Routine occupations,41
E05013524,Hanger Hill,5,"Asian, Asian British or Asian Welsh: Other Asian",8,L14.1 and L14.2: Never worked and long-term unemployed,160
E05013524,Hanger Hill,5,"Asian, Asian British or Asian Welsh: Other Asian",9,L15: Full-time students,75
E05013524,Hanger Hill,6,"Black, Black British, Black Welsh, Caribbean or African: African",-8,Does not apply,141
E05013524,Hanger Hill,6,"Black, Black British, Black Welsh, Caribbean or African: African",1,"L1, L2 and L3: Higher managerial, administrative and professional occupations",51
E05013524,Hanger Hill,6,"Black, Black British, Black Welsh, Caribbean or African: African",2,"L4, L5 and L6: Lower managerial, administrative and professional occupations",56
E05013524,Hanger Hill,6,"Black, Black British, Black Welsh, Caribbean or African: African",3,L7: Intermediate occupations,27
E05013524,Hanger Hill,6,"Black, Black British, Black Welsh, Caribbean or African: African",4,L8 and L9: Small employers and own account workers,44
E05013524,Hanger Hill,6,"Black, Black British, Black Welsh, Caribbean or African: African",5,L10 and L11: Lower supervisory and technical occupations,7
E05013524,Hanger Hill,6,"Black, Black British, Black Welsh, Caribbean or African: African",6,L12: Semi-routine occupations,53
E05013524,Hanger Hill,6,"Black, Black British, Black Welsh, Caribbean or African: African",7,L13: Routine occupations,28
E05013524,Hanger Hill,6,"Black, Black British, Black Welsh, Caribbean or African: African",8,L14.1 and L14.2: Never worked and long-term unemployed,70
E05013524,Hanger Hill,6,"Black, Black British, Black Welsh, Caribbean or African: African",9,L15: Full-time students,73
E05013524,Hanger Hill,7,"Black, Black British, Black Welsh, Caribbean or African: Caribbean",-8,Does not apply,52
E05013524,Hanger Hill,7,"Black, Black British, Black Welsh, Caribbean or African: Caribbean",1,"L1, L2 and L3: Higher managerial, administrative and professional occupations",23
E05013524,Hanger Hill,7,"Black, Black British, Black Welsh, Caribbean or African: Caribbean",2,"L4, L5 and L6: Lower managerial, administrative and professional occupations",43
E05013524,Hanger Hill,7,"Black, Black British, Black Welsh, Caribbean or African: Caribbean",3,L7: Intermediate occupations,30
E05013524,Hanger Hill,7,"Black, Black British, Black Welsh, Caribbean or African: Caribbean",4,L8 and L9: Small employers and own account workers,11
E05013524,Hanger Hill,7,"Black, Black British, Black Welsh, Caribbean or African: Caribbean",5,L10 and L11: Lower supervisory and technical occupations,10
E05013524,Hanger Hill,7,"Black, Black British, Black Welsh, Caribbean or African: Caribbean",6,L12: Semi-routine occupations,12
E05013524,Hanger Hill,7,"Black, Black British, Black Welsh, Caribbean or African: Caribbean",7,L13: Routine occupations,28
E05013524,Hanger Hill,7,"Black, Black British, Black Welsh, Caribbean or African: Caribbean",8,L14.1 and L14.2: Never worked and long-term unemployed,24
E05013524,Hanger Hill,7,"Black, Black British, Black Welsh, Caribbean or African: Caribbean",9,L15: Full-time students,7
E05013524,Hanger Hill,8,"Black, Black British, Black Welsh, Caribbean or African: Other Black",-8,Does not apply,25
E05013524,Hanger Hill,8,"Black, Black British, Black Welsh, Caribbean or African: Other Black",1,"L1, L2 and L3: Higher managerial, administrative and professional occupations",4
E05013524,Hanger Hill,8,"Black, Black British, Black Welsh, Caribbean or African: Other Black",2,"L4, L5 and L6: Lower managerial, administrative and professional occupations",5
E05013524,Hanger Hill,8,"Black, Black British, Black Welsh, Caribbean or African: Other Black",3,L7: Intermediate occupations,4
E05013524,Hanger Hill,8,"Black, Black British, Black Welsh, Caribbean or African: Other Black",4,L8 and L9: Small employers and own account workers,10
E05013524,Hanger Hill,8,"Black, Black British, Black Welsh, Caribbean or African: Other Black",5,L10 and L11: Lower supervisory and technical occupations,2
E05013524,Hanger Hill,8,"Black, Black British, Black Welsh, Caribbean or African: Other Black",6,L12: Semi-routine occupations,3
E05013524,Hanger Hill,8,"Black, Black British, Black Welsh, Caribbean or African: Other Black",7,L13: Routine occupations,3
E05013524,Hanger Hill,8,"Black, Black British, Black Welsh, Caribbean or African: Other Black",8,L14.1 and L14.2: Never worked and long-term unemployed,9
E05013524,Hanger Hill,8,"Black, Black British, Black Welsh, Caribbean or African: Other Black",9,L15: Full-time students,6
E05013524,Hanger Hill,9,Mixed or Multiple ethnic groups: White and Asian,-8,Does not apply,172
E05013524,Hanger Hill,9,Mixed or Multiple ethnic groups: White and Asian,1,"L1, L2 and L3: Higher managerial, administrative and professional occupations",26
E05013524,Hanger Hill,9,Mixed or Multiple ethnic groups: White and Asian,2,"L4, L5 and L6: Lower managerial, administrative and professional occupations",40
E05013524,Hanger Hill,9,Mixed or Multiple ethnic groups: White and Asian,3,L7: Intermediate occupations,7
E05013524,Hanger Hill,9,Mixed or Multiple ethnic groups: White and Asian,4,L8 and L9: Small employers and own account workers,20
E05013524,Hanger Hill,9,Mixed or Multiple ethnic groups: White and Asian,5,L10 and L11: Lower supervisory and technical occupations,5
E05013524,Hanger Hill,9,Mixed or Multiple ethnic groups: White and Asian,6,L12: Semi-routine occupations,9
E05013524,Hanger Hill,9,Mixed or Multiple ethnic groups: White and Asian,7,L13: Routine occupations,5
E05013524,Hanger Hill,9,Mixed or Multiple ethnic groups: White and Asian,8,L14.1 and L14.2: Never worked and long-term unemployed,19
E05013524,Hanger Hill,9,Mixed or Multiple ethnic groups: White and Asian,9,L15: Full-time students,58
E05013524,Hanger Hill,10,Mixed or Multiple ethnic groups: White and Black African,-8,Does not apply,37
E05013524,Hanger Hill,10,Mixed or Multiple ethnic groups: White and Black African,1,"L1, L2 and L3: Higher managerial, administrative and professional occupations",16
E05013524,Hanger Hill,10,Mixed or Multiple ethnic groups: White and Black African,2,"L4, L5 and L6: Lower managerial, administrative and professional occupations",19
E05013524,Hanger Hill,10,Mixed or Multiple ethnic groups: White and Black African,3,L7: Intermediate occupations,8
E05013524,Hanger Hill,10,Mixed or Multiple ethnic groups: White and Black African,4,L8 and L9: Small employers and own account workers,11
E05013524,Hanger Hill,10,Mixed or Multiple ethnic groups: White and Black African,5,L10 and L11: Lower supervisory and technical occupations,2
E05013524,Hanger Hill,10,Mixed or Multiple ethnic groups: White and Black African,6,L12: Semi-routine occupations,10
E05013524,Hanger Hill,10,Mixed or Multiple ethnic groups: White and Black African,7,L13: Routine occupations,6
E05013524,Hanger Hill,10,Mixed or Multiple ethnic groups: White and Black African,8,L14.1 and L14.2: Never worked and long-term unemployed,13
E05013524,Hanger Hill,10,Mixed or Multiple ethnic groups: White and Black African,9,L15: Full-time students,14
E05013524,Hanger Hill,11,Mixed or Multiple ethnic groups: White and Black Caribbean,-8,Does not apply,57
E05013524,Hanger Hill,11,Mixed or Multiple ethnic groups: White and Black Caribbean,1,"L1, L2 and L3: Higher managerial, administrative and professional occupations",15
E05013524,Hanger Hill,11,Mixed or Multiple ethnic groups: White and Black Caribbean,2,"L4, L5 and L6: Lower managerial, administrative and professional occupations",23
E05013524,Hanger Hill,11,Mixed or Multiple ethnic groups: White and Black Caribbean,3,L7: Intermediate occupations,7
E05013524,Hanger Hill,11,Mixed or Multiple ethnic groups: White and Black Caribbean,4,L8 and L9: Small employers and own account workers,4
E05013524,Hanger Hill,11,Mixed or Multiple ethnic groups: White and Black Caribbean,5,L10 and L11: Lower supervisory and technical occupations,3
E05013524,Hanger Hill,11,Mixed or Multiple ethnic groups: White and Black Caribbean,6,L12: Semi-routine occupations,10
E05013524,Hanger Hill,11,Mixed or Multiple ethnic groups: White and Black Caribbean,7,L13: Routine occupations,11
E05013524,Hanger Hill,11,Mixed or Multiple ethnic groups: White and Black Caribbean,8,L14.1 and L14.2: Never worked and long-term unemployed,9
E05013524,Hanger Hill,11,Mixed or Multiple ethnic groups: White and Black Caribbean,9,L15: Full-time students,14
E05013524,Hanger Hill,12,Mixed or Multiple ethnic groups: Other Mixed or Multiple ethnic groups,-8,Does not apply,132
E05013524,Hanger Hill,12,Mixed or Multiple ethnic groups: Other Mixed or Multiple ethnic groups,1,"L1, L2 and L3: Higher managerial, administrative and professional occupations",49
E05013524,Hanger Hill,12,Mixed or Multiple ethnic groups: Other Mixed or Multiple ethnic groups,2,"L4, L5 and L6: Lower managerial, administrative and professional occupations",39
E05013524,Hanger Hill,12,Mixed or Multiple ethnic groups: Other Mixed or Multiple ethnic groups,3,L7: Intermediate occupations,18
E05013524,Hanger Hill,12,Mixed or Multiple ethnic groups: Other Mixed or Multiple ethnic groups,4,L8 and L9: Small employers and own account workers,22
E05013524,Hanger Hill,12,Mixed or Multiple ethnic groups: Other Mixed or Multiple ethnic groups,5,L10 and L11: Lower supervisory and technical occupations,4
E05013524,Hanger Hill,12,Mixed or Multiple ethnic groups: Other Mixed or Multiple ethnic groups,6,L12: Semi-routine occupations,7
E05013524,Hanger Hill,12,Mixed or Multiple ethnic groups: Other Mixed or Multiple ethnic groups,7,L13: Routine occupations,11
E05013524,Hanger Hill,12,Mixed or Multiple ethnic groups: Other Mixed or Multiple ethnic groups,8,L14.1 and L14.2: Never worked and long-term unemployed,15
E05013524,Hanger Hill,12,Mixed or Multiple ethnic groups: Other Mixed or Multiple ethnic groups,9,L15: Full-time students,26
E05013524,Hanger Hill,13,"White: English, Welsh, Scottish, Northern Irish or British",-8,Does not apply,667
E05013524,Hanger Hill,13,"White: English, Welsh, Scottish, Northern Irish or British",1,"L1, L2 and L3: Higher managerial, administrative and professional occupations",1097
E05013524,Hanger Hill,13,"White: English, Welsh, Scottish, Northern Irish or British",2,"L4, L5 and L6: Lower managerial, administrative and professional occupations",1091
E05013524,Hanger Hill,13,"White: English, Welsh, Scottish, Northern Irish or British",3,L7: Intermediate occupations,397
E05013524,Hanger Hill,13,"White: English, Welsh, Scottish, Northern Irish or British",4,L8 and L9: Small employers and own account workers,416
E05013524,Hanger Hill,13,"White: English, Welsh, Scottish, Northern Irish or British",5,L10 and L11: Lower supervisory and technical occupations,80
E05013524,Hanger Hill,13,"White: English, Welsh, Scottish, Northern Irish or British",6,L12: Semi-routine occupations,216
E05013524,Hanger Hill,13,"White: English, Welsh, Scottish, Northern Irish or British",7,L13: Routine occupations,164
E05013524,Hanger Hill,13,"White: English, Welsh, Scottish, Northern Irish or British",8,L14.1 and L14.2: Never worked and long-term unemployed,210
E05013524,Hanger Hill,13,"White: English, Welsh, Scottish, Northern Irish or British",9,L15: Full-time students,192
E05013524,Hanger Hill,14,White: Irish,-8,Does not apply,26
E05013524,Hanger Hill,14,White: Irish,1,"L1, L2 and L3: Higher managerial, administrative and professional occupations",117
E05013524,Hanger Hill,14,White: Irish,2,"L4, L5 and L6: Lower managerial, administrative and professional occupations",94
E05013524,Hanger Hill,14,White: Irish,3,L7: Intermediate occupations,29
E05013524,Hanger Hill,14,White: Irish,4,L8 and L9: Small employers and own account workers,54
E05013524,Hanger Hill,14,White: Irish,5,L10 and L11: Lower supervisory and technical occupations,5
E05013524,Hanger Hill,14,White: Irish,6,L12: Semi-routine occupations,18
E05013524,Hanger Hill,14,White: Irish,7,L13: Routine occupations,18
E05013524,Hanger Hill,14,White: Irish,8,L14.1 and L14.2: Never worked and long-term unemployed,18
E05013524,Hanger Hill,14,White: Irish,9,L15: Full-time students,11
E05013524,Hanger Hill,15,White: Gypsy or Irish Traveller,-8,Does not apply,2
E05013524,Hanger Hill,15,White: Gypsy or Irish Traveller,1,"L1, L2 and L3: Higher managerial, administrative and professional occupations",0
E05013524,Hanger Hill,15,White: Gypsy or Irish Traveller,2,"L4, L5 and L6: Lower managerial, administrative and professional occupations",0
E05013524,Hanger Hill,15,White: Gypsy or Irish Traveller,3,L7: Intermediate occupations,0
E05013524,Hanger Hill,15,White: Gypsy or Irish Traveller,4,L8 and L9: Small employers and own account workers,0
E05013524,Hanger Hill,15,White: Gypsy or Irish Traveller,5,L10 and L11: Lower supervisory and technical occupations,0
E05013524,Hanger Hill,15,White: Gypsy or Irish Traveller,6,L12: Semi-routine occupations,0
E05013524,Hanger Hill,15,White: Gypsy or Irish Traveller,7,L13: Routine occupations,1
E05013524,Hanger Hill,15,White: Gypsy or Irish Traveller,8,L14.1 and L14.2: Never worked and long-term unemployed,1
E05013524,Hanger Hill,15,White: Gypsy or Irish Traveller,9,L15: Full-time students,0
E05013524,Hanger Hill,16,White: Roma,-8,Does not apply,10
E05013524,Hanger Hill,16,White: Roma,1,"L1, L2 and L3: Higher managerial, administrative and professional occupations",6
E05013524,Hanger Hill,16,White: Roma,2,"L4, L5 and L6: Lower managerial, administrative and professional occupations",14
E05013524,Hanger Hill,16,White: Roma,3,L7: Intermediate occupations,4
E05013524,Hanger Hill,16,White: Roma,4,L8 and L9: Small employers and own account workers,25
E05013524,Hanger Hill,16,White: Roma,5,L10 and L11: Lower supervisory and technical occupations,10
E05013524,Hanger Hill,16,White: Roma,6,L12: Semi-routine occupations,5
E05013524,Hanger Hill,16,White: Roma,7,L13: Routine occupations,21
E05013524,Hanger Hill,16,White: Roma,8,L14.1 and L14.2: Never worked and long-term unemployed,8
E05013524,Hanger Hill,16,White: Roma,9,L15: Full-time students,5
E05013524,Hanger Hill,17,White: Other White,-8,Does not apply,525
E05013524,Hanger Hill,17,White: Other White,1,"L1, L2 and L3: Higher managerial, administrative and professional occupations",660
E05013524,Hanger Hill,17,White: Other White,2,"L4, L5 and L6: Lower managerial, administrative and professional occupations",631
E05013524,Hanger Hill,17,White: Other White,3,L7: Intermediate occupations,265
E05013524,Hanger Hill,17,White: Other White,4,L8 and L9: Small employers and own account workers,610
E05013524,Hanger Hill,17,White: Other White,5,L10 and L11: Lower supervisory and technical occupations,137
E05013524,Hanger Hill,17,White: Other White,6,L12: Semi-routine occupations,182
E05013524,Hanger Hill,17,White: Other White,7,L13: Routine occupations,302
E05013524,Hanger Hill,17,White: Other White,8,L14.1 and L14.2: Never worked and long-term unemployed,147
E05013524,Hanger Hill,17,White: Other White,9,L15: Full-time students,216
E05013524,Hanger Hill,18,Other ethnic group: Arab,-8,Does not apply,475
E05013524,Hanger Hill,18,Other ethnic group: Arab,1,"L1, L2 and L3: Higher managerial, administrative and professional occupations",230
E05013524,Hanger Hill,18,Other ethnic group: Arab,2,"L4, L5 and L6: Lower managerial, administrative and professional occupations",174
E05013524,Hanger Hill,18,Other ethnic group: Arab,3,L7: Intermediate occupations,73
E05013524,Hanger Hill,18,Other ethnic group: Arab,4,L8 and L9: Small employers and own account workers,115
E05013524,Hanger Hill,18,Other ethnic group: Arab,5,L10 and L11: Lower supervisory and technical occupations,31
E05013524,Hanger Hill,18,Other ethnic group: Arab,6,L12: Semi-routine occupations,71
E05013524,Hanger Hill,18,Other ethnic group: Arab,7,L13: Routine occupations,69
E05013524,Hanger Hill,18,Other ethnic group: Arab,8,L14.1 and L14.2: Never worked and long-term unemployed,245
E05013524,Hanger Hill,18,Other ethnic group: Arab,9,L15: Full-time students,182
E05013524,Hanger Hill,19,Other ethnic group: Any other ethnic group,-8,Does not apply,213
E05013524,Hanger Hill,19,Other ethnic group: Any other ethnic group,1,"L1, L2 and L3: Higher managerial, administrative and professional occupations",189
E05013524,Hanger Hill,19,Other ethnic group: Any other ethnic group,2,"L4, L5 and L6: Lower managerial, administrative and professional occupations",159
E05013524,Hanger Hill,19,Other ethnic group: Any other ethnic group,3,L7: Intermediate occupations,82
E05013524,Hanger Hill,19,Other ethnic group: Any other ethnic group,4,L8 and L9: Small employers and own account workers,136
E05013524,Hanger Hill,19,Other ethnic group: Any other ethnic group,5,L10 and L11: Lower supervisory and technical occupations,21
E05013524,Hanger Hill,19,Other ethnic group: Any other ethnic group,6,L12: Semi-routine occupations,58
E05013524,Hanger Hill,19,Other ethnic group: Any other ethnic group,7,L13: Routine occupations,52
E05013524,Hanger Hill,19,Other ethnic group: Any other ethnic group,8,L14.1 and L14.2: Never worked and long-term unemployed,167
E05013524,Hanger Hill,19,Other ethnic group: Any other ethnic group,9,L15: Full-time students,73
E05013525,Hanwell Broadway,-8,Does not apply,-8,Does not apply,0
E05013525,Hanwell Broadway,-8,Does not apply,1,"L1, L2 and L3: Higher managerial, administrative and professional occupations",0
E05013525,Hanwell Broadway,-8,Does not apply,2,"L4, L5 and L6: Lower managerial, administrative and professional occupations",0
E05013525,Hanwell Broadway,-8,Does not apply,3,L7: Intermediate occupations,0
E05013525,Hanwell Broadway,-8,Does not apply,4,L8 and L9: Small employers and own account workers,0
E05013525,Hanwell Broadway,-8,Does not apply,5,L10 and L11: Lower supervisory and technical occupations,0
E05013525,Hanwell Broadway,-8,Does not apply,6,L12: Semi-routine occupations,0
E05013525,Hanwell Broadway,-8,Does not apply,7,L13: Routine occupations,0
E05013525,Hanwell Broadway,-8,Does not apply,8,L14.1 and L14.2: Never worked and long-term unemployed,0
E05013525,Hanwell Broadway,-8,Does not apply,9,L15: Full-time students,0
E05013525,Hanwell Broadway,1,"Asian, Asian British or Asian Welsh: Bangladeshi",-8,Does not apply,18
E05013525,Hanwell Broadway,1,"Asian, Asian British or Asian Welsh: Bangladeshi",1,"L1, L2 and L3: Higher managerial, administrative and professional occupations",10
E05013525,Hanwell Broadway,1,"Asian, Asian British or Asian Welsh: Bangladeshi",2,"L4, L5 and L6: Lower managerial, administrative and professional occupations",4
E05013525,Hanwell Broadway,1,"Asian, Asian British or Asian Welsh: Bangladeshi",3,L7: Intermediate occupations,4
E05013525,Hanwell Broadway,1,"Asian, Asian British or Asian Welsh: Bangladeshi",4,L8 and L9: Small employers and own account workers,2
E05013525,Hanwell Broadway,1,"Asian, Asian British or Asian Welsh: Bangladeshi",5,L10 and L11: Lower supervisory and technical occupations,1
E05013525,Hanwell Broadway,1,"Asian, Asian British or Asian Welsh: Bangladeshi",6,L12: Semi-routine occupations,4
E05013525,Hanwell Broadway,1,"Asian, Asian British or Asian Welsh: Bangladeshi",7,L13: Routine occupations,4
E05013525,Hanwell Broadway,1,"Asian, Asian British or Asian Welsh: Bangladeshi",8,L14.1 and L14.2: Never worked and long-term unemployed,8
E05013525,Hanwell Broadway,1,"Asian, Asian British or Asian Welsh: Bangladeshi",9,L15: Full-time students,5
E05013525,Hanwell Broadway,2,"Asian, Asian British or Asian Welsh: Chinese",-8,Does not apply,31
E05013525,Hanwell Broadway,2,"Asian, Asian British or Asian Welsh: Chinese",1,"L1, L2 and L3: Higher managerial, administrative and professional occupations",46
E05013525,Hanwell Broadway,2,"Asian, Asian British or Asian Welsh: Chinese",2,"L4, L5 and L6: Lower managerial, administrative and professional occupations",23
E05013525,Hanwell Broadway,2,"Asian, Asian British or Asian Welsh: Chinese",3,L7: Intermediate occupations,14
E05013525,Hanwell Broadway,2,"Asian, Asian British or Asian Welsh: Chinese",4,L8 and L9: Small employers and own account workers,7
E05013525,Hanwell Broadway,2,"Asian, Asian British or Asian Welsh: Chinese",5,L10 and L11: Lower supervisory and technical occupations,4
E05013525,Hanwell Broadway,2,"Asian, Asian British or Asian Welsh: Chinese",6,L12: Semi-routine occupations,9
E05013525,Hanwell Broadway,2,"Asian, Asian British or Asian Welsh: Chinese",7,L13: Routine occupations,6
E05013525,Hanwell Broadway,2,"Asian, Asian British or Asian Welsh: Chinese",8,L14.1 and L14.2: Never worked and long-term unemployed,9
E05013525,Hanwell Broadway,2,"Asian, Asian British or Asian Welsh: Chinese",9,L15: Full-time students,12
E05013525,Hanwell Broadway,3,"Asian, Asian British or Asian Welsh: Indian",-8,Does not apply,93
E05013525,Hanwell Broadway,3,"Asian, Asian British or Asian Welsh: Indian",1,"L1, L2 and L3: Higher managerial, administrative and professional occupations",123
E05013525,Hanwell Broadway,3,"Asian, Asian British or Asian Welsh: Indian",2,"L4, L5 and L6: Lower managerial, administrative and professional occupations",120
E05013525,Hanwell Broadway,3,"Asian, Asian British or Asian Welsh: Indian",3,L7: Intermediate occupations,73
E05013525,Hanwell Broadway,3,"Asian, Asian British or Asian Welsh: Indian",4,L8 and L9: Small employers and own account workers,45
E05013525,Hanwell Broadway,3,"Asian, Asian British or Asian Welsh: Indian",5,L10 and L11: Lower supervisory and technical occupations,18
E05013525,Hanwell Broadway,3,"Asian, Asian British or Asian Welsh: Indian",6,L12: Semi-routine occupations,63
E05013525,Hanwell Broadway,3,"Asian, Asian British or Asian Welsh: Indian",7,L13: Routine occupations,61
E05013525,Hanwell Broadway,3,"Asian, Asian British or Asian Welsh: Indian",8,L14.1 and L14.2: Never worked and long-term unemployed,120
E05013525,Hanwell Broadway,3,"Asian, Asian British or Asian Welsh: Indian",9,L15: Full-time students,36
E05013525,Hanwell Broadway,4,"Asian, Asian British or Asian Welsh: Pakistani",-8,Does not apply,102
E05013525,Hanwell Broadway,4,"Asian, Asian British or Asian Welsh: Pakistani",1,"L1, L2 and L3: Higher managerial, administrative and professional occupations",31
E05013525,Hanwell Broadway,4,"Asian, Asian British or Asian Welsh: Pakistani",2,"L4, L5 and L6: Lower managerial, administrative and professional occupations",45
E05013525,Hanwell Broadway,4,"Asian, Asian British or Asian Welsh: Pakistani",3,L7: Intermediate occupations,26
E05013525,Hanwell Broadway,4,"Asian, Asian British or Asian Welsh: Pakistani",4,L8 and L9: Small employers and own account workers,20
E05013525,Hanwell Broadway,4,"Asian, Asian British or Asian Welsh: Pakistani",5,L10 and L11: Lower supervisory and technical occupations,9
E05013525,Hanwell Broadway,4,"Asian, Asian British or Asian Welsh: Pakistani",6,L12: Semi-routine occupations,29
E05013525,Hanwell Broadway,4,"Asian, Asian British or Asian Welsh: Pakistani",7,L13: Routine occupations,32
E05013525,Hanwell Broadway,4,"Asian, Asian British or Asian Welsh: Pakistani",8,L14.1 and L14.2: Never worked and long-term unemployed,72
E05013525,Hanwell Broadway,4,"Asian, Asian British or Asian Welsh: Pakistani",9,L15: Full-time students,34
E05013525,Hanwell Broadway,5,"Asian, Asian British or Asian Welsh: Other Asian",-8,Does not apply,140
E05013525,Hanwell Broadway,5,"Asian, Asian British or Asian Welsh: Other Asian",1,"L1, L2 and L3: Higher managerial, administrative and professional occupations",60
E05013525,Hanwell Broadway,5,"Asian, Asian British or Asian Welsh: Other Asian",2,"L4, L5 and L6: Lower managerial, administrative and professional occupations",124
E05013525,Hanwell Broadway,5,"Asian, Asian British or Asian Welsh: Other Asian",3,L7: Intermediate occupations,51
E05013525,Hanwell Broadway,5,"Asian, Asian British or Asian Welsh: Other Asian",4,L8 and L9: Small employers and own account workers,58
E05013525,Hanwell Broadway,5,"Asian, Asian British or Asian Welsh: Other Asian",5,L10 and L11: Lower supervisory and technical occupations,39
E05013525,Hanwell Broadway,5,"Asian, Asian British or Asian Welsh: Other Asian",6,L12: Semi-routine occupations,59
E05013525,Hanwell Broadway,5,"Asian, Asian British or Asian Welsh: Other Asian",7,L13: Routine occupations,60
E05013525,Hanwell Broadway,5,"Asian, Asian British or Asian Welsh: Other Asian",8,L14.1 and L14.2: Never worked and long-term unemployed,100
E05013525,Hanwell Broadway,5,"Asian, Asian British or Asian Welsh: Other Asian",9,L15: Full-time students,62
E05013525,Hanwell Broadway,6,"Black, Black British, Black Welsh, Caribbean or African: African",-8,Does not apply,306
E05013525,Hanwell Broadway,6,"Black, Black British, Black Welsh, Caribbean or African: African",1,"L1, L2 and L3: Higher managerial, administrative and professional occupations",54
E05013525,Hanwell Broadway,6,"Black, Black British, Black Welsh, Caribbean or African: African",2,"L4, L5 and L6: Lower managerial, administrative and professional occupations",84
E05013525,Hanwell Broadway,6,"Black, Black British, Black Welsh, Caribbean or African: African",3,L7: Intermediate occupations,46
E05013525,Hanwell Broadway,6,"Black, Black British, Black Welsh, Caribbean or African: African",4,L8 and L9: Small employers and own account workers,51
E05013525,Hanwell Broadway,6,"Black, Black British, Black Welsh, Caribbean or African: African",5,L10 and L11: Lower supervisory and technical occupations,27
E05013525,Hanwell Broadway,6,"Black, Black British, Black Welsh, Caribbean or African: African",6,L12: Semi-routine occupations,86
E05013525,Hanwell Broadway,6,"Black, Black British, Black Welsh, Caribbean or African: African",7,L13: Routine occupations,76
E05013525,Hanwell Broadway,6,"Black, Black British, Black Welsh, Caribbean or African: African",8,L14.1 and L14.2: Never worked and long-term unemployed,127
E05013525,Hanwell Broadway,6,"Black, Black British, Black Welsh, Caribbean or African: African",9,L15: Full-time students,130
E05013525,Hanwell Broadway,7,"Black, Black British, Black Welsh, Caribbean or African: Caribbean",-8,Does not apply,68
E05013525,Hanwell Broadway,7,"Black, Black British, Black Welsh, Caribbean or African: Caribbean",1,"L1, L2 and L3: Higher managerial, administrative and professional occupations",33
E05013525,Hanwell Broadway,7,"Black, Black British, Black Welsh, Caribbean or African: Caribbean",2,"L4, L5 and L6: Lower managerial, administrative and professional occupations",112
E05013525,Hanwell Broadway,7,"Black, Black British, Black Welsh, Caribbean or African: Caribbean",3,L7: Intermediate occupations,66
E05013525,Hanwell Broadway,7,"Black, Black British, Black Welsh, Caribbean or African: Caribbean",4,L8 and L9: Small employers and own account workers,46
E05013525,Hanwell Broadway,7,"Black, Black British, Black Welsh, Caribbean or African: Caribbean",5,L10 and L11: Lower supervisory and technical occupations,13
E05013525,Hanwell Broadway,7,"Black, Black British, Black Welsh, Caribbean or African: Caribbean",6,L12: Semi-routine occupations,72
E05013525,Hanwell Broadway,7,"Black, Black British, Black Welsh, Caribbean or African: Caribbean",7,L13: Routine occupations,60
E05013525,Hanwell Broadway,7,"Black, Black British, Black Welsh, Caribbean or African: Caribbean",8,L14.1 and L14.2: Never worked and long-term unemployed,78
E05013525,Hanwell Broadway,7,"Black, Black British, Black Welsh, Caribbean or African: Caribbean",9,L15: Full-time students,25
E05013525,Hanwell Broadway,8,"Black, Black British, Black Welsh, Caribbean or African: Other Black",-8,Does not apply,59
E05013525,Hanwell Broadway,8,"Black, Black British, Black Welsh, Caribbean or African: Other Black",1,"L1, L2 and L3: Higher managerial, administrative and professional occupations",10
E05013525,Hanwell Broadway,8,"Black, Black British, Black Welsh, Caribbean or African: Other Black",2,"L4, L5 and L6: Lower managerial, administrative and professional occupations",19
E05013525,Hanwell Broadway,8,"Black, Black British, Black Welsh, Caribbean or African: Other Black",3,L7: Intermediate occupations,8
E05013525,Hanwell Broadway,8,"Black, Black British, Black Welsh, Caribbean or African: Other Black",4,L8 and L9: Small employers and own account workers,6
E05013525,Hanwell Broadway,8,"Black, Black British, Black Welsh, Caribbean or African: Other Black",5,L10 and L11: Lower supervisory and technical occupations,3
E05013525,Hanwell Broadway,8,"Black, Black British, Black Welsh, Caribbean or African: Other Black",6,L12: Semi-routine occupations,14
E05013525,Hanwell Broadway,8,"Black, Black British, Black Welsh, Caribbean or African: Other Black",7,L13: Routine occupations,14
E05013525,Hanwell Broadway,8,"Black, Black British, Black Welsh, Caribbean or African: Other Black",8,L14.1 and L14.2: Never worked and long-term unemployed,19
E05013525,Hanwell Broadway,8,"Black, Black British, Black Welsh, Caribbean or African: Other Black",9,L15: Full-time students,13
E05013525,Hanwell Broadway,9,Mixed or Multiple ethnic groups: White and Asian,-8,Does not apply,137
E05013525,Hanwell Broadway,9,Mixed or Multiple ethnic groups: White and Asian,1,"L1, L2 and L3: Higher managerial, administrative and professional occupations",16
E05013525,Hanwell Broadway,9,Mixed or Multiple ethnic groups: White and Asian,2,"L4, L5 and L6: Lower managerial, administrative and professional occupations",41
E05013525,Hanwell Broadway,9,Mixed or Multiple ethnic groups: White and Asian,3,L7: Intermediate occupations,13
E05013525,Hanwell Broadway,9,Mixed or Multiple ethnic groups: White and Asian,4,L8 and L9: Small employers and own account workers,12
E05013525,Hanwell Broadway,9,Mixed or Multiple ethnic groups: White and Asian,5,L10 and L11: Lower supervisory and technical occupations,3
E05013525,Hanwell Broadway,9,Mixed or Multiple ethnic groups: White and Asian,6,L12: Semi-routine occupations,17
E05013525,Hanwell Broadway,9,Mixed or Multiple ethnic groups: White and Asian,7,L13: Routine occupations,11
E05013525,Hanwell Broadway,9,Mixed or Multiple ethnic groups: White and Asian,8,L14.1 and L14.2: Never worked and long-term unemployed,7
E05013525,Hanwell Broadway,9,Mixed or Multiple ethnic groups: White and Asian,9,L15: Full-time students,28
E05013525,Hanwell Broadway,10,Mixed or Multiple ethnic groups: White and Black African,-8,Does not apply,66
E05013525,Hanwell Broadway,10,Mixed or Multiple ethnic groups: White and Black African,1,"L1, L2 and L3: Higher managerial, administrative and professional occupations",5
E05013525,Hanwell Broadway,10,Mixed or Multiple ethnic groups: White and Black African,2,"L4, L5 and L6: Lower managerial, administrative and professional occupations",27
E05013525,Hanwell Broadway,10,Mixed or Multiple ethnic groups: White and Black African,3,L7: Intermediate occupations,13
E05013525,Hanwell Broadway,10,Mixed or Multiple ethnic groups: White and Black African,4,L8 and L9: Small employers and own account workers,6
E05013525,Hanwell Broadway,10,Mixed or Multiple ethnic groups: White and Black African,5,L10 and L11: Lower supervisory and technical occupations,3
E05013525,Hanwell Broadway,10,Mixed or Multiple ethnic groups: White and Black African,6,L12: Semi-routine occupations,6
E05013525,Hanwell Broadway,10,Mixed or Multiple ethnic groups: White and Black African,7,L13: Routine occupations,5
E05013525,Hanwell Broadway,10,Mixed or Multiple ethnic groups: White and Black African,8,L14.1 and L14.2: Never worked and long-term unemployed,9
E05013525,Hanwell Broadway,10,Mixed or Multiple ethnic groups: White and Black African,9,L15: Full-time students,8
E05013525,Hanwell Broadway,11,Mixed or Multiple ethnic groups: White and Black Caribbean,-8,Does not apply,118
E05013525,Hanwell Broadway,11,Mixed or Multiple ethnic groups: White and Black Caribbean,1,"L1, L2 and L3: Higher managerial, administrative and professional occupations",19
E05013525,Hanwell Broadway,11,Mixed or Multiple ethnic groups: White and Black Caribbean,2,"L4, L5 and L6: Lower managerial, administrative and professional occupations",35
E05013525,Hanwell Broadway,11,Mixed or Multiple ethnic groups: White and Black Caribbean,3,L7: Intermediate occupations,20
E05013525,Hanwell Broadway,11,Mixed or Multiple ethnic groups: White and Black Caribbean,4,L8 and L9: Small employers and own account workers,20
E05013525,Hanwell Broadway,11,Mixed or Multiple ethnic groups: White and Black Caribbean,5,L10 and L11: Lower supervisory and technical occupations,10
E05013525,Hanwell Broadway,11,Mixed or Multiple ethnic groups: White and Black Caribbean,6,L12: Semi-routine occupations,23
E05013525,Hanwell Broadway,11,Mixed or Multiple ethnic groups: White and Black Caribbean,7,L13: Routine occupations,19
E05013525,Hanwell Broadway,11,Mixed or Multiple ethnic groups: White and Black Caribbean,8,L14.1 and L14.2: Never worked and long-term unemployed,20
E05013525,Hanwell Broadway,11,Mixed or Multiple ethnic groups: White and Black Caribbean,9,L15: Full-time students,27
E05013525,Hanwell Broadway,12,Mixed or Multiple ethnic groups: Other Mixed or Multiple ethnic groups,-8,Does not apply,127
E05013525,Hanwell Broadway,12,Mixed or Multiple ethnic groups: Other Mixed or Multiple ethnic groups,1,"L1, L2 and L3: Higher managerial, administrative and professional occupations",19
E05013525,Hanwell Broadway,12,Mixed or Multiple ethnic groups: Other Mixed or Multiple ethnic groups,2,"L4, L5 and L6: Lower managerial, administrative and professional occupations",41
E05013525,Hanwell Broadway,12,Mixed or Multiple ethnic groups: Other Mixed or Multiple ethnic groups,3,L7: Intermediate occupations,15
E05013525,Hanwell Broadway,12,Mixed or Multiple ethnic groups: Other Mixed or Multiple ethnic groups,4,L8 and L9: Small employers and own account workers,12
E05013525,Hanwell Broadway,12,Mixed or Multiple ethnic groups: Other Mixed or Multiple ethnic groups,5,L10 and L11: Lower supervisory and technical occupations,9
E05013525,Hanwell Broadway,12,Mixed or Multiple ethnic groups: Other Mixed or Multiple ethnic groups,6,L12: Semi-routine occupations,13
E05013525,Hanwell Broadway,12,Mixed or Multiple ethnic groups: Other Mixed or Multiple ethnic groups,7,L13: Routine occupations,14
E05013525,Hanwell Broadway,12,Mixed or Multiple ethnic groups: Other Mixed or Multiple ethnic groups,8,L14.1 and L14.2: Never worked and long-term unemployed,18
E05013525,Hanwell Broadway,12,Mixed or Multiple ethnic groups: Other Mixed or Multiple ethnic groups,9,L15: Full-time students,42
E05013525,Hanwell Broadway,13,"White: English, Welsh, Scottish, Northern Irish or British",-8,Does not apply,1135
E05013525,Hanwell Broadway,13,"White: English, Welsh, Scottish, Northern Irish or British",1,"L1, L2 and L3: Higher managerial, administrative and professional occupations",898
E05013525,Hanwell Broadway,13,"White: English, Welsh, Scottish, Northern Irish or British",2,"L4, L5 and L6: Lower managerial, administrative and professional occupations",1345
E05013525,Hanwell Broadway,13,"White: English, Welsh, Scottish, Northern Irish or British",3,L7: Intermediate occupations,439
E05013525,Hanwell Broadway,13,"White: English, Welsh, Scottish, Northern Irish or British",4,L8 and L9: Small employers and own account workers,463
E05013525,Hanwell Broadway,13,"White: English, Welsh, Scottish, Northern Irish or British",5,L10 and L11: Lower supervisory and technical occupations,180
E05013525,Hanwell Broadway,13,"White: English, Welsh, Scottish, Northern Irish or British",6,L12: Semi-routine occupations,285
E05013525,Hanwell Broadway,13,"White: English, Welsh, Scottish, Northern Irish or British",7,L13: Routine occupations,252
E05013525,Hanwell Broadway,13,"White: English, Welsh, Scottish, Northern Irish or British",8,L14.1 and L14.2: Never worked and long-term unemployed,326
E05013525,Hanwell Broadway,13,"White: English, Welsh, Scottish, Northern Irish or British",9,L15: Full-time students,270
E05013525,Hanwell Broadway,14,White: Irish,-8,Does not apply,38
E05013525,Hanwell Broadway,14,White: Irish,1,"L1, L2 and L3: Higher managerial, administrative and professional occupations",119
E05013525,Hanwell Broadway,14,White: Irish,2,"L4, L5 and L6: Lower managerial, administrative and professional occupations",188
E05013525,Hanwell Broadway,14,White: Irish,3,L7: Intermediate occupations,67
E05013525,Hanwell Broadway,14,White: Irish,4,L8 and L9: Small employers and own account workers,83
E05013525,Hanwell Broadway,14,White: Irish,5,L10 and L11: Lower supervisory and technical occupations,18
E05013525,Hanwell Broadway,14,White: Irish,6,L12: Semi-routine occupations,49
E05013525,Hanwell Broadway,14,White: Irish,7,L13: Routine occupations,73
E05013525,Hanwell Broadway,14,White: Irish,8,L14.1 and L14.2: Never worked and long-term unemployed,46
E05013525,Hanwell Broadway,14,White: Irish,9,L15: Full-time students,7
E05013525,Hanwell Broadway,15,White: Gypsy or Irish Traveller,-8,Does not apply,0
E05013525,Hanwell Broadway,15,White: Gypsy or Irish Traveller,1,"L1, L2 and L3: Higher managerial, administrative and professional occupations",0
E05013525,Hanwell Broadway,15,White: Gypsy or Irish Traveller,2,"L4, L5 and L6: Lower managerial, administrative and professional occupations",0
E05013525,Hanwell Broadway,15,White: Gypsy or Irish Traveller,3,L7: Intermediate occupations,0
E05013525,Hanwell Broadway,15,White: Gypsy or Irish Traveller,4,L8 and L9: Small employers and own account workers,1
E05013525,Hanwell Broadway,15,White: Gypsy or Irish Traveller,5,L10 and L11: Lower supervisory and technical occupations,0
E05013525,Hanwell Broadway,15,White: Gypsy or Irish Traveller,6,L12: Semi-routine occupations,0
E05013525,Hanwell Broadway,15,White: Gypsy or Irish Traveller,7,L13: Routine occupations,0
E05013525,Hanwell Broadway,15,White: Gypsy or Irish Traveller,8,L14.1 and L14.2: Never worked and long-term unemployed,1
E05013525,Hanwell Broadway,15,White: Gypsy or Irish Traveller,9,L15: Full-time students,0
E05013525,Hanwell Broadway,16,White: Roma,-8,Does not apply,10
E05013525,Hanwell Broadway,16,White: Roma,1,"L1, L2 and L3: Higher managerial, administrative and professional occupations",1
E05013525,Hanwell Broadway,16,White: Roma,2,"L4, L5 and L6: Lower managerial, administrative and professional occupations",14
E05013525,Hanwell Broadway,16,White: Roma,3,L7: Intermediate occupations,1
E05013525,Hanwell Broadway,16,White: Roma,4,L8 and L9: Small employers and own account workers,13
E05013525,Hanwell Broadway,16,White: Roma,5,L10 and L11: Lower supervisory and technical occupations,7
E05013525,Hanwell Broadway,16,White: Roma,6,L12: Semi-routine occupations,4
E05013525,Hanwell Broadway,16,White: Roma,7,L13: Routine occupations,20
E05013525,Hanwell Broadway,16,White: Roma,8,L14.1 and L14.2: Never worked and long-term unemployed,4
E05013525,Hanwell Broadway,16,White: Roma,9,L15: Full-time students,4
E05013525,Hanwell Broadway,17,White: Other White,-8,Does not apply,416
E05013525,Hanwell Broadway,17,White: Other White,1,"L1, L2 and L3: Higher managerial, administrative and professional occupations",377
E05013525,Hanwell Broadway,17,White: Other White,2,"L4, L5 and L6: Lower managerial, administrative and professional occupations",537
E05013525,Hanwell Broadway,17,White: Other White,3,L7: Intermediate occupations,218
E05013525,Hanwell Broadway,17,White: Other White,4,L8 and L9: Small employers and own account workers,574
E05013525,Hanwell Broadway,17,White: Other White,5,L10 and L11: Lower supervisory and technical occupations,121
E05013525,Hanwell Broadway,17,White: Other White,6,L12: Semi-routine occupations,159
E05013525,Hanwell Broadway,17,White: Other White,7,L13: Routine occupations,225
E05013525,Hanwell Broadway,17,White: Other White,8,L14.1 and L14.2: Never worked and long-term unemployed,98
E05013525,Hanwell Broadway,17,White: Other White,9,L15: Full-time students,159
E05013525,Hanwell Broadway,18,Other ethnic group: Arab,-8,Does not apply,117
E05013525,Hanwell Broadway,18,Other ethnic group: Arab,1,"L1, L2 and L3: Higher managerial, administrative and professional occupations",36
E05013525,Hanwell Broadway,18,Other ethnic group: Arab,2,"L4, L5 and L6: Lower managerial, administrative and professional occupations",43
E05013525,Hanwell Broadway,18,Other ethnic group: Arab,3,L7: Intermediate occupations,24
E05013525,Hanwell Broadway,18,Other ethnic group: Arab,4,L8 and L9: Small employers and own account workers,28
E05013525,Hanwell Broadway,18,Other ethnic group: Arab,5,L10 and L11: Lower supervisory and technical occupations,19
E05013525,Hanwell Broadway,18,Other ethnic group: Arab,6,L12: Semi-routine occupations,19
E05013525,Hanwell Broadway,18,Other ethnic group: Arab,7,L13: Routine occupations,19
E05013525,Hanwell Broadway,18,Other ethnic group: Arab,8,L14.1 and L14.2: Never worked and long-term unemployed,97
E05013525,Hanwell Broadway,18,Other ethnic group: Arab,9,L15: Full-time students,46
E05013525,Hanwell Broadway,19,Other ethnic group: Any other ethnic group,-8,Does not apply,170
E05013525,Hanwell Broadway,19,Other ethnic group: Any other ethnic group,1,"L1, L2 and L3: Higher managerial, administrative and professional occupations",43
E05013525,Hanwell Broadway,19,Other ethnic group: Any other ethnic group,2,"L4, L5 and L6: Lower managerial, administrative and professional occupations",76
E05013525,Hanwell Broadway,19,Other ethnic group: Any other ethnic group,3,L7: Intermediate occupations,56
E05013525,Hanwell Broadway,19,Other ethnic group: Any other ethnic group,4,L8 and L9: Small employers and own account workers,53
E05013525,Hanwell Broadway,19,Other ethnic group: Any other ethnic group,5,L10 and L11: Lower supervisory and technical occupations,16
E05013525,Hanwell Broadway,19,Other ethnic group: Any other ethnic group,6,L12: Semi-routine occupations,52
E05013525,Hanwell Broadway,19,Other ethnic group: Any other ethnic group,7,L13: Routine occupations,52
E05013525,Hanwell Broadway,19,Other ethnic group: Any other ethnic group,8,L14.1 and L14.2: Never worked and long-term unemployed,128
E05013525,Hanwell Broadway,19,Other ethnic group: Any other ethnic group,9,L15: Full-time students,46
E05013526,Lady Margaret,-8,Does not apply,-8,Does not apply,0
E05013526,Lady Margaret,-8,Does not apply,1,"L1, L2 and L3: Higher managerial, administrative and professional occupations",0
E05013526,Lady Margaret,-8,Does not apply,2,"L4, L5 and L6: Lower managerial, administrative and professional occupations",0
E05013526,Lady Margaret,-8,Does not apply,3,L7: Intermediate occupations,0
E05013526,Lady Margaret,-8,Does not apply,4,L8 and L9: Small employers and own account workers,0
E05013526,Lady Margaret,-8,Does not apply,5,L10 and L11: Lower supervisory and technical occupations,0
E05013526,Lady Margaret,-8,Does not apply,6,L12: Semi-routine occupations,0
E05013526,Lady Margaret,-8,Does not apply,7,L13: Routine occupations,0
E05013526,Lady Margaret,-8,Does not apply,8,L14.1 and L14.2: Never worked and long-term unemployed,0
E05013526,Lady Margaret,-8,Does not apply,9,L15: Full-time students,0
E05013526,Lady Margaret,1,"Asian, Asian British or Asian Welsh: Bangladeshi",-8,Does not apply,80
E05013526,Lady Margaret,1,"Asian, Asian British or Asian Welsh: Bangladeshi",1,"L1, L2 and L3: Higher managerial, administrative and professional occupations",7
E05013526,Lady Margaret,1,"Asian, Asian British or Asian Welsh: Bangladeshi",2,"L4, L5 and L6: Lower managerial, administrative and professional occupations",10
E05013526,Lady Margaret,1,"Asian, Asian British or Asian Welsh: Bangladeshi",3,L7: Intermediate occupations,7
E05013526,Lady Margaret,1,"Asian, Asian British or Asian Welsh: Bangladeshi",4,L8 and L9: Small employers and own account workers,11
E05013526,Lady Margaret,1,"Asian, Asian British or Asian Welsh: Bangladeshi",5,L10 and L11: Lower supervisory and technical occupations,7
E05013526,Lady Margaret,1,"Asian, Asian British or Asian Welsh: Bangladeshi",6,L12: Semi-routine occupations,23
E05013526,Lady Margaret,1,"Asian, Asian British or Asian Welsh: Bangladeshi",7,L13: Routine occupations,14
E05013526,Lady Margaret,1,"Asian, Asian British or Asian Welsh: Bangladeshi",8,L14.1 and L14.2: Never worked and long-term unemployed,38
E05013526,Lady Margaret,1,"Asian, Asian British or Asian Welsh: Bangladeshi",9,L15: Full-time students,21
E05013526,Lady Margaret,2,"Asian, Asian British or Asian Welsh: Chinese",-8,Does not apply,1
E05013526,Lady Margaret,2,"Asian, Asian British or Asian Welsh: Chinese",1,"L1, L2 and L3: Higher managerial, administrative and professional occupations",7
E05013526,Lady Margaret,2,"Asian, Asian British or Asian Welsh: Chinese",2,"L4, L5 and L6: Lower managerial, administrative and professional occupations",10
E05013526,Lady Margaret,2,"Asian, Asian British or Asian Welsh: Chinese",3,L7: Intermediate occupations,3
E05013526,Lady Margaret,2,"Asian, Asian British or Asian Welsh: Chinese",4,L8 and L9: Small employers and own account workers,4
E05013526,Lady Margaret,2,"Asian, Asian British or Asian Welsh: Chinese",5,L10 and L11: Lower supervisory and technical occupations,6
E05013526,Lady Margaret,2,"Asian, Asian British or Asian Welsh: Chinese",6,L12: Semi-routine occupations,1
E05013526,Lady Margaret,2,"Asian, Asian British or Asian Welsh: Chinese",7,L13: Routine occupations,4
E05013526,Lady Margaret,2,"Asian, Asian British or Asian Welsh: Chinese",8,L14.1 and L14.2: Never worked and long-term unemployed,0
E05013526,Lady Margaret,2,"Asian, Asian British or Asian Welsh: Chinese",9,L15: Full-time students,1
E05013526,Lady Margaret,3,"Asian, Asian British or Asian Welsh: Indian",-8,Does not apply,845
E05013526,Lady Margaret,3,"Asian, Asian British or Asian Welsh: Indian",1,"L1, L2 and L3: Higher managerial, administrative and professional occupations",438
E05013526,Lady Margaret,3,"Asian, Asian British or Asian Welsh: Indian",2,"L4, L5 and L6: Lower managerial, administrative and professional occupations",659
E05013526,Lady Margaret,3,"Asian, Asian British or Asian Welsh: Indian",3,L7: Intermediate occupations,493
E05013526,Lady Margaret,3,"Asian, Asian British or Asian Welsh: Indian",4,L8 and L9: Small employers and own account workers,466
E05013526,Lady Margaret,3,"Asian, Asian British or Asian Welsh: Indian",5,L10 and L11: Lower supervisory and technical occupations,276
E05013526,Lady Margaret,3,"Asian, Asian British or Asian Welsh: Indian",6,L12: Semi-routine occupations,584
E05013526,Lady Margaret,3,"Asian, Asian British or Asian Welsh: Indian",7,L13: Routine occupations,894
E05013526,Lady Margaret,3,"Asian, Asian British or Asian Welsh: Indian",8,L14.1 and L14.2: Never worked and long-term unemployed,709
E05013526,Lady Margaret,3,"Asian, Asian British or Asian Welsh: Indian",9,L15: Full-time students,361
E05013526,Lady Margaret,4,"Asian, Asian British or Asian Welsh: Pakistani",-8,Does not apply,465
E05013526,Lady Margaret,4,"Asian, Asian British or Asian Welsh: Pakistani",1,"L1, L2 and L3: Higher managerial, administrative and professional occupations",84
E05013526,Lady Margaret,4,"Asian, Asian British or Asian Welsh: Pakistani",2,"L4, L5 and L6: Lower managerial, administrative and professional occupations",163
E05013526,Lady Margaret,4,"Asian, Asian British or Asian Welsh: Pakistani",3,L7: Intermediate occupations,123
E05013526,Lady Margaret,4,"Asian, Asian British or Asian Welsh: Pakistani",4,L8 and L9: Small employers and own account workers,143
E05013526,Lady Margaret,4,"Asian, Asian British or Asian Welsh: Pakistani",5,L10 and L11: Lower supervisory and technical occupations,39
E05013526,Lady Margaret,4,"Asian, Asian British or Asian Welsh: Pakistani",6,L12: Semi-routine occupations,149
E05013526,Lady Margaret,4,"Asian, Asian British or Asian Welsh: Pakistani",7,L13: Routine occupations,107
E05013526,Lady Margaret,4,"Asian, Asian British or Asian Welsh: Pakistani",8,L14.1 and L14.2: Never worked and long-term unemployed,268
E05013526,Lady Margaret,4,"Asian, Asian British or Asian Welsh: Pakistani",9,L15: Full-time students,161
E05013526,Lady Margaret,5,"Asian, Asian British or Asian Welsh: Other Asian",-8,Does not apply,560
E05013526,Lady Margaret,5,"Asian, Asian British or Asian Welsh: Other Asian",1,"L1, L2 and L3: Higher managerial, administrative and professional occupations",94
E05013526,Lady Margaret,5,"Asian, Asian British or Asian Welsh: Other Asian",2,"L4, L5 and L6: Lower managerial, administrative and professional occupations",194
E05013526,Lady Margaret,5,"Asian, Asian British or Asian Welsh: Other Asian",3,L7: Intermediate occupations,117
E05013526,Lady Margaret,5,"Asian, Asian British or Asian Welsh: Other Asian",4,L8 and L9: Small employers and own account workers,159
E05013526,Lady Margaret,5,"Asian, Asian British or Asian Welsh: Other Asian",5,L10 and L11: Lower supervisory and technical occupations,86
E05013526,Lady Margaret,5,"Asian, Asian British or Asian Welsh: Other Asian",6,L12: Semi-routine occupations,220
E05013526,Lady Margaret,5,"Asian, Asian British or Asian Welsh: Other Asian",7,L13: Routine occupations,217
E05013526,Lady Margaret,5,"Asian, Asian British or Asian Welsh: Other Asian",8,L14.1 and L14.2: Never worked and long-term unemployed,339
E05013526,Lady Margaret,5,"Asian, Asian British or Asian Welsh: Other Asian",9,L15: Full-time students,217
E05013526,Lady Margaret,6,"Black, Black British, Black Welsh, Caribbean or African: African",-8,Does not apply,105
E05013526,Lady Margaret,6,"Black, Black British, Black Welsh, Caribbean or African: African",1,"L1, L2 and L3: Higher managerial, administrative and professional occupations",27
E05013526,Lady Margaret,6,"Black, Black British, Black Welsh, Caribbean or African: African",2,"L4, L5 and L6: Lower managerial, administrative and professional occupations",44
E05013526,Lady Margaret,6,"Black, Black British, Black Welsh, Caribbean or African: African",3,L7: Intermediate occupations,35
E05013526,Lady Margaret,6,"Black, Black British, Black Welsh, Caribbean or African: African",4,L8 and L9: Small employers and own account workers,23
E05013526,Lady Margaret,6,"Black, Black British, Black Welsh, Caribbean or African: African",5,L10 and L11: Lower supervisory and technical occupations,8
E05013526,Lady Margaret,6,"Black, Black British, Black Welsh, Caribbean or African: African",6,L12: Semi-routine occupations,42
E05013526,Lady Margaret,6,"Black, Black British, Black Welsh, Caribbean or African: African",7,L13: Routine occupations,31
E05013526,Lady Margaret,6,"Black, Black British, Black Welsh, Caribbean or African: African",8,L14.1 and L14.2: Never worked and long-term unemployed,62
E05013526,Lady Margaret,6,"Black, Black British, Black Welsh, Caribbean or African: African",9,L15: Full-time students,67
E05013526,Lady Margaret,7,"Black, Black British, Black Welsh, Caribbean or African: Caribbean",-8,Does not apply,38
E05013526,Lady Margaret,7,"Black, Black British, Black Welsh, Caribbean or African: Caribbean",1,"L1, L2 and L3: Higher managerial, administrative and professional occupations",29
E05013526,Lady Margaret,7,"Black, Black British, Black Welsh, Caribbean or African: Caribbean",2,"L4, L5 and L6: Lower managerial, administrative and professional occupations",85
E05013526,Lady Margaret,7,"Black, Black British, Black Welsh, Caribbean or African: Caribbean",3,L7: Intermediate occupations,83
E05013526,Lady Margaret,7,"Black, Black British, Black Welsh, Caribbean or African: Caribbean",4,L8 and L9: Small employers and own account workers,47
E05013526,Lady Margaret,7,"Black, Black British, Black Welsh, Caribbean or African: Caribbean",5,L10 and L11: Lower supervisory and technical occupations,37
E05013526,Lady Margaret,7,"Black, Black British, Black Welsh, Caribbean or African: Caribbean",6,L12: Semi-routine occupations,77
E05013526,Lady Margaret,7,"Black, Black British, Black Welsh, Caribbean or African: Caribbean",7,L13: Routine occupations,94
E05013526,Lady Margaret,7,"Black, Black British, Black Welsh, Caribbean or African: Caribbean",8,L14.1 and L14.2: Never worked and long-term unemployed,45
E05013526,Lady Margaret,7,"Black, Black British, Black Welsh, Caribbean or African: Caribbean",9,L15: Full-time students,18
E05013526,Lady Margaret,8,"Black, Black British, Black Welsh, Caribbean or African: Other Black",-8,Does not apply,32
E05013526,Lady Margaret,8,"Black, Black British, Black Welsh, Caribbean or African: Other Black",1,"L1, L2 and L3: Higher managerial, administrative and professional occupations",5
E05013526,Lady Margaret,8,"Black, Black British, Black Welsh, Caribbean or African: Other Black",2,"L4, L5 and L6: Lower managerial, administrative and professional occupations",14
E05013526,Lady Margaret,8,"Black, Black British, Black Welsh, Caribbean or African: Other Black",3,L7: Intermediate occupations,14
E05013526,Lady Margaret,8,"Black, Black British, Black Welsh, Caribbean or African: Other Black",4,L8 and L9: Small employers and own account workers,3
E05013526,Lady Margaret,8,"Black, Black British, Black Welsh, Caribbean or African: Other Black",5,L10 and L11: Lower supervisory and technical occupations,1
E05013526,Lady Margaret,8,"Black, Black British, Black Welsh, Caribbean or African: Other Black",6,L12: Semi-routine occupations,22
E05013526,Lady Margaret,8,"Black, Black British, Black Welsh, Caribbean or African: Other Black",7,L13: Routine occupations,18
E05013526,Lady Margaret,8,"Black, Black British, Black Welsh, Caribbean or African: Other Black",8,L14.1 and L14.2: Never worked and long-term unemployed,8
E05013526,Lady Margaret,8,"Black, Black British, Black Welsh, Caribbean or African: Other Black",9,L15: Full-time students,13
E05013526,Lady Margaret,9,Mixed or Multiple ethnic groups: White and Asian,-8,Does not apply,52
E05013526,Lady Margaret,9,Mixed or Multiple ethnic groups: White and Asian,1,"L1, L2 and L3: Higher managerial, administrative and professional occupations",7
E05013526,Lady Margaret,9,Mixed or Multiple ethnic groups: White and Asian,2,"L4, L5 and L6: Lower managerial, administrative and professional occupations",11
E05013526,Lady Margaret,9,Mixed or Multiple ethnic groups: White and Asian,3,L7: Intermediate occupations,8
E05013526,Lady Margaret,9,Mixed or Multiple ethnic groups: White and Asian,4,L8 and L9: Small employers and own account workers,13
E05013526,Lady Margaret,9,Mixed or Multiple ethnic groups: White and Asian,5,L10 and L11: Lower supervisory and technical occupations,3
E05013526,Lady Margaret,9,Mixed or Multiple ethnic groups: White and Asian,6,L12: Semi-routine occupations,4
E05013526,Lady Margaret,9,Mixed or Multiple ethnic groups: White and Asian,7,L13: Routine occupations,9
E05013526,Lady Margaret,9,Mixed or Multiple ethnic groups: White and Asian,8,L14.1 and L14.2: Never worked and long-term unemployed,5
E05013526,Lady Margaret,9,Mixed or Multiple ethnic groups: White and Asian,9,L15: Full-time students,12
E05013526,Lady Margaret,10,Mixed or Multiple ethnic groups: White and Black African,-8,Does not apply,20
E05013526,Lady Margaret,10,Mixed or Multiple ethnic groups: White and Black African,1,"L1, L2 and L3: Higher managerial, administrative and professional occupations",3
E05013526,Lady Margaret,10,Mixed or Multiple ethnic groups: White and Black African,2,"L4, L5 and L6: Lower managerial, administrative and professional occupations",7
E05013526,Lady Margaret,10,Mixed or Multiple ethnic groups: White and Black African,3,L7: Intermediate occupations,2
E05013526,Lady Margaret,10,Mixed or Multiple ethnic groups: White and Black African,4,L8 and L9: Small employers and own account workers,2
E05013526,Lady Margaret,10,Mixed or Multiple ethnic groups: White and Black African,5,L10 and L11: Lower supervisory and technical occupations,0
E05013526,Lady Margaret,10,Mixed or Multiple ethnic groups: White and Black African,6,L12: Semi-routine occupations,0
E05013526,Lady Margaret,10,Mixed or Multiple ethnic groups: White and Black African,7,L13: Routine occupations,3
E05013526,Lady Margaret,10,Mixed or Multiple ethnic groups: White and Black African,8,L14.1 and L14.2: Never worked and long-term unemployed,2
E05013526,Lady Margaret,10,Mixed or Multiple ethnic groups: White and Black African,9,L15: Full-time students,8
E05013526,Lady Margaret,11,Mixed or Multiple ethnic groups: White and Black Caribbean,-8,Does not apply,36
E05013526,Lady Margaret,11,Mixed or Multiple ethnic groups: White and Black Caribbean,1,"L1, L2 and L3: Higher managerial, administrative and professional occupations",7
E05013526,Lady Margaret,11,Mixed or Multiple ethnic groups: White and Black Caribbean,2,"L4, L5 and L6: Lower managerial, administrative and professional occupations",11
E05013526,Lady Margaret,11,Mixed or Multiple ethnic groups: White and Black Caribbean,3,L7: Intermediate occupations,7
E05013526,Lady Margaret,11,Mixed or Multiple ethnic groups: White and Black Caribbean,4,L8 and L9: Small employers and own account workers,2
E05013526,Lady Margaret,11,Mixed or Multiple ethnic groups: White and Black Caribbean,5,L10 and L11: Lower supervisory and technical occupations,4
E05013526,Lady Margaret,11,Mixed or Multiple ethnic groups: White and Black Caribbean,6,L12: Semi-routine occupations,6
E05013526,Lady Margaret,11,Mixed or Multiple ethnic groups: White and Black Caribbean,7,L13: Routine occupations,8
E05013526,Lady Margaret,11,Mixed or Multiple ethnic groups: White and Black Caribbean,8,L14.1 and L14.2: Never worked and long-term unemployed,6
E05013526,Lady Margaret,11,Mixed or Multiple ethnic groups: White and Black Caribbean,9,L15: Full-time students,9
E05013526,Lady Margaret,12,Mixed or Multiple ethnic groups: Other Mixed or Multiple ethnic groups,-8,Does not apply,59
E05013526,Lady Margaret,12,Mixed or Multiple ethnic groups: Other Mixed or Multiple ethnic groups,1,"L1, L2 and L3: Higher managerial, administrative and professional occupations",9
E05013526,Lady Margaret,12,Mixed or Multiple ethnic groups: Other Mixed or Multiple ethnic groups,2,"L4, L5 and L6: Lower managerial, administrative and professional occupations",14
E05013526,Lady Margaret,12,Mixed or Multiple ethnic groups: Other Mixed or Multiple ethnic groups,3,L7: Intermediate occupations,4
E05013526,Lady Margaret,12,Mixed or Multiple ethnic groups: Other Mixed or Multiple ethnic groups,4,L8 and L9: Small employers and own account workers,4
E05013526,Lady Margaret,12,Mixed or Multiple ethnic groups: Other Mixed or Multiple ethnic groups,5,L10 and L11: Lower supervisory and technical occupations,3
E05013526,Lady Margaret,12,Mixed or Multiple ethnic groups: Other Mixed or Multiple ethnic groups,6,L12: Semi-routine occupations,15
E05013526,Lady Margaret,12,Mixed or Multiple ethnic groups: Other Mixed or Multiple ethnic groups,7,L13: Routine occupations,6
E05013526,Lady Margaret,12,Mixed or Multiple ethnic groups: Other Mixed or Multiple ethnic groups,8,L14.1 and L14.2: Never worked and long-term unemployed,12
E05013526,Lady Margaret,12,Mixed or Multiple ethnic groups: Other Mixed or Multiple ethnic groups,9,L15: Full-time students,15
E05013526,Lady Margaret,13,"White: English, Welsh, Scottish, Northern Irish or British",-8,Does not apply,161
E05013526,Lady Margaret,13,"White: English, Welsh, Scottish, Northern Irish or British",1,"L1, L2 and L3: Higher managerial, administrative and professional occupations",74
E05013526,Lady Margaret,13,"White: English, Welsh, Scottish, Northern Irish or British",2,"L4, L5 and L6: Lower managerial, administrative and professional occupations",179
E05013526,Lady Margaret,13,"White: English, Welsh, Scottish, Northern Irish or British",3,L7: Intermediate occupations,115
E05013526,Lady Margaret,13,"White: English, Welsh, Scottish, Northern Irish or British",4,L8 and L9: Small employers and own account workers,118
E05013526,Lady Margaret,13,"White: English, Welsh, Scottish, Northern Irish or British",5,L10 and L11: Lower supervisory and technical occupations,66
E05013526,Lady Margaret,13,"White: English, Welsh, Scottish, Northern Irish or British",6,L12: Semi-routine occupations,87
E05013526,Lady Margaret,13,"White: English, Welsh, Scottish, Northern Irish or British",7,L13: Routine occupations,162
E05013526,Lady Margaret,13,"White: English, Welsh, Scottish, Northern Irish or British",8,L14.1 and L14.2: Never worked and long-term unemployed,142
E05013526,Lady Margaret,13,"White: English, Welsh, Scottish, Northern Irish or British",9,L15: Full-time students,35
E05013526,Lady Margaret,14,White: Irish,-8,Does not apply,11
E05013526,Lady Margaret,14,White: Irish,1,"L1, L2 and L3: Higher managerial, administrative and professional occupations",9
E05013526,Lady Margaret,14,White: Irish,2,"L4, L5 and L6: Lower managerial, administrative and professional occupations",38
E05013526,Lady Margaret,14,White: Irish,3,L7: Intermediate occupations,20
E05013526,Lady Margaret,14,White: Irish,4,L8 and L9: Small employers and own account workers,18
E05013526,Lady Margaret,14,White: Irish,5,L10 and L11: Lower supervisory and technical occupations,12
E05013526,Lady Margaret,14,White: Irish,6,L12: Semi-routine occupations,13
E05013526,Lady Margaret,14,White: Irish,7,L13: Routine occupations,22
E05013526,Lady Margaret,14,White: Irish,8,L14.1 and L14.2: Never worked and long-term unemployed,21
E05013526,Lady Margaret,14,White: Irish,9,L15: Full-time students,1
E05013526,Lady Margaret,15,White: Gypsy or Irish Traveller,-8,Does not apply,1
E05013526,Lady Margaret,15,White: Gypsy or Irish Traveller,1,"L1, L2 and L3: Higher managerial, administrative and professional occupations",0
E05013526,Lady Margaret,15,White: Gypsy or Irish Traveller,2,"L4, L5 and L6: Lower managerial, administrative and professional occupations",0
E05013526,Lady Margaret,15,White: Gypsy or Irish Traveller,3,L7: Intermediate occupations,0
E05013526,Lady Margaret,15,White: Gypsy or Irish Traveller,4,L8 and L9: Small employers and own account workers,0
E05013526,Lady Margaret,15,White: Gypsy or Irish Traveller,5,L10 and L11: Lower supervisory and technical occupations,0
E05013526,Lady Margaret,15,White: Gypsy or Irish Traveller,6,L12: Semi-routine occupations,0
E05013526,Lady Margaret,15,White: Gypsy or Irish Traveller,7,L13: Routine occupations,1
E05013526,Lady Margaret,15,White: Gypsy or Irish Traveller,8,L14.1 and L14.2: Never worked and long-term unemployed,0
E05013526,Lady Margaret,15,White: Gypsy or Irish Traveller,9,L15: Full-time students,0
E05013526,Lady Margaret,16,White: Roma,-8,Does not apply,1
E05013526,Lady Margaret,16,White: Roma,1,"L1, L2 and L3: Higher managerial, administrative and professional occupations",0
E05013526,Lady Margaret,16,White: Roma,2,"L4, L5 and L6: Lower managerial, administrative and professional occupations",0
E05013526,Lady Margaret,16,White: Roma,3,L7: Intermediate occupations,1
E05013526,Lady Margaret,16,White: Roma,4,L8 and L9: Small employers and own account workers,1
E05013526,Lady Margaret,16,White: Roma,5,L10 and L11: Lower supervisory and technical occupations,1
E05013526,Lady Margaret,16,White: Roma,6,L12: Semi-routine occupations,1
E05013526,Lady Margaret,16,White: Roma,7,L13: Routine occupations,1
E05013526,Lady Margaret,16,White: Roma,8,L14.1 and L14.2: Never worked and long-term unemployed,1
E05013526,Lady Margaret,16,White: Roma,9,L15: Full-time students,1
E05013526,Lady Margaret,17,White: Other White,-8,Does not apply,195
E05013526,Lady Margaret,17,White: Other White,1,"L1, L2 and L3: Higher managerial, administrative and professional occupations",42
E05013526,Lady Margaret,17,White: Other White,2,"L4, L5 and L6: Lower managerial, administrative and professional occupations",105
E05013526,Lady Margaret,17,White: Other White,3,L7: Intermediate occupations,65
E05013526,Lady Margaret,17,White: Other White,4,L8 and L9: Small employers and own account workers,275
E05013526,Lady Margaret,17,White: Other White,5,L10 and L11: Lower supervisory and technical occupations,52
E05013526,Lady Margaret,17,White: Other White,6,L12: Semi-routine occupations,64
E05013526,Lady Margaret,17,White: Other White,7,L13: Routine occupations,187
E05013526,Lady Margaret,17,White: Other White,8,L14.1 and L14.2: Never worked and long-term unemployed,73
E05013526,Lady Margaret,17,White: Other White,9,L15: Full-time students,67
E05013526,Lady Margaret,18,Other ethnic group: Arab,-8,Does not apply,84
E05013526,Lady Margaret,18,Other ethnic group: Arab,1,"L1, L2 and L3: Higher managerial, administrative and professional occupations",21
E05013526,Lady Margaret,18,Other ethnic group: Arab,2,"L4, L5 and L6: Lower managerial, administrative and professional occupations",20
E05013526,Lady Margaret,18,Other ethnic group: Arab,3,L7: Intermediate occupations,11
E05013526,Lady Margaret,18,Other ethnic group: Arab,4,L8 and L9: Small employers and own account workers,17
E05013526,Lady Margaret,18,Other ethnic group: Arab,5,L10 and L11: Lower supervisory and technical occupations,9
E05013526,Lady Margaret,18,Other ethnic group: Arab,6,L12: Semi-routine occupations,23
E05013526,Lady Margaret,18,Other ethnic group: Arab,7,L13: Routine occupations,12
E05013526,Lady Margaret,18,Other ethnic group: Arab,8,L14.1 and L14.2: Never worked and long-term unemployed,54
E05013526,Lady Margaret,18,Other ethnic group: Arab,9,L15: Full-time students,36
E05013526,Lady Margaret,19,Other ethnic group: Any other ethnic group,-8,Does not apply,328
E05013526,Lady Margaret,19,Other ethnic group: Any other ethnic group,1,"L1, L2 and L3: Higher managerial, administrative and professional occupations",81
E05013526,Lady Margaret,19,Other ethnic group: Any other ethnic group,2,"L4, L5 and L6: Lower managerial, administrative and professional occupations",135
E05013526,Lady Margaret,19,Other ethnic group: Any other ethnic group,3,L7: Intermediate occupations,88
E05013526,Lady Margaret,19,Other ethnic group: Any other ethnic group,4,L8 and L9: Small employers and own account workers,136
E05013526,Lady Margaret,19,Other ethnic group: Any other ethnic group,5,L10 and L11: Lower supervisory and technical occupations,94
E05013526,Lady Margaret,19,Other ethnic group: Any other ethnic group,6,L12: Semi-routine occupations,149
E05013526,Lady Margaret,19,Other ethnic group: Any other ethnic group,7,L13: Routine occupations,183
E05013526,Lady Margaret,19,Other ethnic group: Any other ethnic group,8,L14.1 and L14.2: Never worked and long-term unemployed,307
E05013526,Lady Margaret,19,Other ethnic group: Any other ethnic group,9,L15: Full-time students,130
E05013527,North Acton,-8,Does not apply,-8,Does not apply,0
E05013527,North Acton,-8,Does not apply,1,"L1, L2 and L3: Higher managerial, administrative and professional occupations",0
E05013527,North Acton,-8,Does not apply,2,"L4, L5 and L6: Lower managerial, administrative and professional occupations",0
E05013527,North Acton,-8,Does not apply,3,L7: Intermediate occupations,0
E05013527,North Acton,-8,Does not apply,4,L8 and L9: Small employers and own account workers,0
E05013527,North Acton,-8,Does not apply,5,L10 and L11: Lower supervisory and technical occupations,0
E05013527,North Acton,-8,Does not apply,6,L12: Semi-routine occupations,0
E05013527,North Acton,-8,Does not apply,7,L13: Routine occupations,0
E05013527,North Acton,-8,Does not apply,8,L14.1 and L14.2: Never worked and long-term unemployed,0
E05013527,North Acton,-8,Does not apply,9,L15: Full-time students,0
E05013527,North Acton,1,"Asian, Asian British or Asian Welsh: Bangladeshi",-8,Does not apply,8
E05013527,North Acton,1,"Asian, Asian British or Asian Welsh: Bangladeshi",1,"L1, L2 and L3: Higher managerial, administrative and professional occupations",12
E05013527,North Acton,1,"Asian, Asian British or Asian Welsh: Bangladeshi",2,"L4, L5 and L6: Lower managerial, administrative and professional occupations",10
E05013527,North Acton,1,"Asian, Asian British or Asian Welsh: Bangladeshi",3,L7: Intermediate occupations,7
E05013527,North Acton,1,"Asian, Asian British or Asian Welsh: Bangladeshi",4,L8 and L9: Small employers and own account workers,5
E05013527,North Acton,1,"Asian, Asian British or Asian Welsh: Bangladeshi",5,L10 and L11: Lower supervisory and technical occupations,2
E05013527,North Acton,1,"Asian, Asian British or Asian Welsh: Bangladeshi",6,L12: Semi-routine occupations,9
E05013527,North Acton,1,"Asian, Asian British or Asian Welsh: Bangladeshi",7,L13: Routine occupations,3
E05013527,North Acton,1,"Asian, Asian British or Asian Welsh: Bangladeshi",8,L14.1 and L14.2: Never worked and long-term unemployed,9
E05013527,North Acton,1,"Asian, Asian British or Asian Welsh: Bangladeshi",9,L15: Full-time students,30
E05013527,North Acton,2,"Asian, Asian British or Asian Welsh: Chinese",-8,Does not apply,21
E05013527,North Acton,2,"Asian, Asian British or Asian Welsh: Chinese",1,"L1, L2 and L3: Higher managerial, administrative and professional occupations",81
E05013527,North Acton,2,"Asian, Asian British or Asian Welsh: Chinese",2,"L4, L5 and L6: Lower managerial, administrative and professional occupations",69
E05013527,North Acton,2,"Asian, Asian British or Asian Welsh: Chinese",3,L7: Intermediate occupations,29
E05013527,North Acton,2,"Asian, Asian British or Asian Welsh: Chinese",4,L8 and L9: Small employers and own account workers,19
E05013527,North Acton,2,"Asian, Asian British or Asian Welsh: Chinese",5,L10 and L11: Lower supervisory and technical occupations,3
E05013527,North Acton,2,"Asian, Asian British or Asian Welsh: Chinese",6,L12: Semi-routine occupations,20
E05013527,North Acton,2,"Asian, Asian British or Asian Welsh: Chinese",7,L13: Routine occupations,10
E05013527,North Acton,2,"Asian, Asian British or Asian Welsh: Chinese",8,L14.1 and L14.2: Never worked and long-term unemployed,25
E05013527,North Acton,2,"Asian, Asian British or Asian Welsh: Chinese",9,L15: Full-time students,355
E05013527,North Acton,3,"Asian, Asian British or Asian Welsh: Indian",-8,Does not apply,62
E05013527,North Acton,3,"Asian, Asian British or Asian Welsh: Indian",1,"L1, L2 and L3: Higher managerial, administrative and professional occupations",122
E05013527,North Acton,3,"Asian, Asian British or Asian Welsh: Indian",2,"L4, L5 and L6: Lower managerial, administrative and professional occupations",95
E05013527,North Acton,3,"Asian, Asian British or Asian Welsh: Indian",3,L7: Intermediate occupations,65
E05013527,North Acton,3,"Asian, Asian British or Asian Welsh: Indian",4,L8 and L9: Small employers and own account workers,37
E05013527,North Acton,3,"Asian, Asian British or Asian Welsh: Indian",5,L10 and L11: Lower supervisory and technical occupations,21
E05013527,North Acton,3,"Asian, Asian British or Asian Welsh: Indian",6,L12: Semi-routine occupations,45
E05013527,North Acton,3,"Asian, Asian British or Asian Welsh: Indian",7,L13: Routine occupations,38
E05013527,North Acton,3,"Asian, Asian British or Asian Welsh: Indian",8,L14.1 and L14.2: Never worked and long-term unemployed,50
E05013527,North Acton,3,"Asian, Asian British or Asian Welsh: Indian",9,L15: Full-time students,202
E05013527,North Acton,4,"Asian, Asian British or Asian Welsh: Pakistani",-8,Does not apply,102
E05013527,North Acton,4,"Asian, Asian British or Asian Welsh: Pakistani",1,"L1, L2 and L3: Higher managerial, administrative and professional occupations",56
E05013527,North Acton,4,"Asian, Asian British or Asian Welsh: Pakistani",2,"L4, L5 and L6: Lower managerial, administrative and professional occupations",64
E05013527,North Acton,4,"Asian, Asian British or Asian Welsh: Pakistani",3,L7: Intermediate occupations,25
E05013527,North Acton,4,"Asian, Asian British or Asian Welsh: Pakistani",4,L8 and L9: Small employers and own account workers,32
E05013527,North Acton,4,"Asian, Asian British or Asian Welsh: Pakistani",5,L10 and L11: Lower supervisory and technical occupations,7
E05013527,North Acton,4,"Asian, Asian British or Asian Welsh: Pakistani",6,L12: Semi-routine occupations,46
E05013527,North Acton,4,"Asian, Asian British or Asian Welsh: Pakistani",7,L13: Routine occupations,15
E05013527,North Acton,4,"Asian, Asian British or Asian Welsh: Pakistani",8,L14.1 and L14.2: Never worked and long-term unemployed,59
E05013527,North Acton,4,"Asian, Asian British or Asian Welsh: Pakistani",9,L15: Full-time students,84
E05013527,North Acton,5,"Asian, Asian British or Asian Welsh: Other Asian",-8,Does not apply,390
E05013527,North Acton,5,"Asian, Asian British or Asian Welsh: Other Asian",1,"L1, L2 and L3: Higher managerial, administrative and professional occupations",189
E05013527,North Acton,5,"Asian, Asian British or Asian Welsh: Other Asian",2,"L4, L5 and L6: Lower managerial, administrative and professional occupations",200
E05013527,North Acton,5,"Asian, Asian British or Asian Welsh: Other Asian",3,L7: Intermediate occupations,115
E05013527,North Acton,5,"Asian, Asian British or Asian Welsh: Other Asian",4,L8 and L9: Small employers and own account workers,72
E05013527,North Acton,5,"Asian, Asian British or Asian Welsh: Other Asian",5,L10 and L11: Lower supervisory and technical occupations,31
E05013527,North Acton,5,"Asian, Asian British or Asian Welsh: Other Asian",6,L12: Semi-routine occupations,59
E05013527,North Acton,5,"Asian, Asian British or Asian Welsh: Other Asian",7,L13: Routine occupations,84
E05013527,North Acton,5,"Asian, Asian British or Asian Welsh: Other Asian",8,L14.1 and L14.2: Never worked and long-term unemployed,162
E05013527,North Acton,5,"Asian, Asian British or Asian Welsh: Other Asian",9,L15: Full-time students,197
E05013527,North Acton,6,"Black, Black British, Black Welsh, Caribbean or African: African",-8,Does not apply,246
E05013527,North Acton,6,"Black, Black British, Black Welsh, Caribbean or African: African",1,"L1, L2 and L3: Higher managerial, administrative and professional occupations",78
E05013527,North Acton,6,"Black, Black British, Black Welsh, Caribbean or African: African",2,"L4, L5 and L6: Lower managerial, administrative and professional occupations",124
E05013527,North Acton,6,"Black, Black British, Black Welsh, Caribbean or African: African",3,L7: Intermediate occupations,70
E05013527,North Acton,6,"Black, Black British, Black Welsh, Caribbean or African: African",4,L8 and L9: Small employers and own account workers,93
E05013527,North Acton,6,"Black, Black British, Black Welsh, Caribbean or African: African",5,L10 and L11: Lower supervisory and technical occupations,23
E05013527,North Acton,6,"Black, Black British, Black Welsh, Caribbean or African: African",6,L12: Semi-routine occupations,124
E05013527,North Acton,6,"Black, Black British, Black Welsh, Caribbean or African: African",7,L13: Routine occupations,91
E05013527,North Acton,6,"Black, Black British, Black Welsh, Caribbean or African: African",8,L14.1 and L14.2: Never worked and long-term unemployed,155
E05013527,North Acton,6,"Black, Black British, Black Welsh, Caribbean or African: African",9,L15: Full-time students,224
E05013527,North Acton,7,"Black, Black British, Black Welsh, Caribbean or African: Caribbean",-8,Does not apply,74
E05013527,North Acton,7,"Black, Black British, Black Welsh, Caribbean or African: Caribbean",1,"L1, L2 and L3: Higher managerial, administrative and professional occupations",63
E05013527,North Acton,7,"Black, Black British, Black Welsh, Caribbean or African: Caribbean",2,"L4, L5 and L6: Lower managerial, administrative and professional occupations",113
E05013527,North Acton,7,"Black, Black British, Black Welsh, Caribbean or African: Caribbean",3,L7: Intermediate occupations,72
E05013527,North Acton,7,"Black, Black British, Black Welsh, Caribbean or African: Caribbean",4,L8 and L9: Small employers and own account workers,29
E05013527,North Acton,7,"Black, Black British, Black Welsh, Caribbean or African: Caribbean",5,L10 and L11: Lower supervisory and technical occupations,30
E05013527,North Acton,7,"Black, Black British, Black Welsh, Caribbean or African: Caribbean",6,L12: Semi-routine occupations,84
E05013527,North Acton,7,"Black, Black British, Black Welsh, Caribbean or African: Caribbean",7,L13: Routine occupations,84
E05013527,North Acton,7,"Black, Black British, Black Welsh, Caribbean or African: Caribbean",8,L14.1 and L14.2: Never worked and long-term unemployed,75
E05013527,North Acton,7,"Black, Black British, Black Welsh, Caribbean or African: Caribbean",9,L15: Full-time students,66
E05013527,North Acton,8,"Black, Black British, Black Welsh, Caribbean or African: Other Black",-8,Does not apply,53
E05013527,North Acton,8,"Black, Black British, Black Welsh, Caribbean or African: Other Black",1,"L1, L2 and L3: Higher managerial, administrative and professional occupations",18
E05013527,North Acton,8,"Black, Black British, Black Welsh, Caribbean or African: Other Black",2,"L4, L5 and L6: Lower managerial, administrative and professional occupations",25
E05013527,North Acton,8,"Black, Black British, Black Welsh, Caribbean or African: Other Black",3,L7: Intermediate occupations,22
E05013527,North Acton,8,"Black, Black British, Black Welsh, Caribbean or African: Other Black",4,L8 and L9: Small employers and own account workers,13
E05013527,North Acton,8,"Black, Black British, Black Welsh, Caribbean or African: Other Black",5,L10 and L11: Lower supervisory and technical occupations,12
E05013527,North Acton,8,"Black, Black British, Black Welsh, Caribbean or African: Other Black",6,L12: Semi-routine occupations,19
E05013527,North Acton,8,"Black, Black British, Black Welsh, Caribbean or African: Other Black",7,L13: Routine occupations,15
E05013527,North Acton,8,"Black, Black British, Black Welsh, Caribbean or African: Other Black",8,L14.1 and L14.2: Never worked and long-term unemployed,24
E05013527,North Acton,8,"Black, Black British, Black Welsh, Caribbean or African: Other Black",9,L15: Full-time students,24
E05013527,North Acton,9,Mixed or Multiple ethnic groups: White and Asian,-8,Does not apply,101
E05013527,North Acton,9,Mixed or Multiple ethnic groups: White and Asian,1,"L1, L2 and L3: Higher managerial, administrative and professional occupations",21
E05013527,North Acton,9,Mixed or Multiple ethnic groups: White and Asian,2,"L4, L5 and L6: Lower managerial, administrative and professional occupations",36
E05013527,North Acton,9,Mixed or Multiple ethnic groups: White and Asian,3,L7: Intermediate occupations,13
E05013527,North Acton,9,Mixed or Multiple ethnic groups: White and Asian,4,L8 and L9: Small employers and own account workers,9
E05013527,North Acton,9,Mixed or Multiple ethnic groups: White and Asian,5,L10 and L11: Lower supervisory and technical occupations,10
E05013527,North Acton,9,Mixed or Multiple ethnic groups: White and Asian,6,L12: Semi-routine occupations,10
E05013527,North Acton,9,Mixed or Multiple ethnic groups: White and Asian,7,L13: Routine occupations,4
E05013527,North Acton,9,Mixed or Multiple ethnic groups: White and Asian,8,L14.1 and L14.2: Never worked and long-term unemployed,12
E05013527,North Acton,9,Mixed or Multiple ethnic groups: White and Asian,9,L15: Full-time students,63
E05013527,North Acton,10,Mixed or Multiple ethnic groups: White and Black African,-8,Does not apply,49
E05013527,North Acton,10,Mixed or Multiple ethnic groups: White and Black African,1,"L1, L2 and L3: Higher managerial, administrative and professional occupations",16
E05013527,North Acton,10,Mixed or Multiple ethnic groups: White and Black African,2,"L4, L5 and L6: Lower managerial, administrative and professional occupations",29
E05013527,North Acton,10,Mixed or Multiple ethnic groups: White and Black African,3,L7: Intermediate occupations,13
E05013527,North Acton,10,Mixed or Multiple ethnic groups: White and Black African,4,L8 and L9: Small employers and own account workers,11
E05013527,North Acton,10,Mixed or Multiple ethnic groups: White and Black African,5,L10 and L11: Lower supervisory and technical occupations,2
E05013527,North Acton,10,Mixed or Multiple ethnic groups: White and Black African,6,L12: Semi-routine occupations,6
E05013527,North Acton,10,Mixed or Multiple ethnic groups: White and Black African,7,L13: Routine occupations,19
E05013527,North Acton,10,Mixed or Multiple ethnic groups: White and Black African,8,L14.1 and L14.2: Never worked and long-term unemployed,14
E05013527,North Acton,10,Mixed or Multiple ethnic groups: White and Black African,9,L15: Full-time students,30
E05013527,North Acton,11,Mixed or Multiple ethnic groups: White and Black Caribbean,-8,Does not apply,104
E05013527,North Acton,11,Mixed or Multiple ethnic groups: White and Black Caribbean,1,"L1, L2 and L3: Higher managerial, administrative and professional occupations",10
E05013527,North Acton,11,Mixed or Multiple ethnic groups: White and Black Caribbean,2,"L4, L5 and L6: Lower managerial, administrative and professional occupations",31
E05013527,North Acton,11,Mixed or Multiple ethnic groups: White and Black Caribbean,3,L7: Intermediate occupations,13
E05013527,North Acton,11,Mixed or Multiple ethnic groups: White and Black Caribbean,4,L8 and L9: Small employers and own account workers,5
E05013527,North Acton,11,Mixed or Multiple ethnic groups: White and Black Caribbean,5,L10 and L11: Lower supervisory and technical occupations,10
E05013527,North Acton,11,Mixed or Multiple ethnic groups: White and Black Caribbean,6,L12: Semi-routine occupations,8
E05013527,North Acton,11,Mixed or Multiple ethnic groups: White and Black Caribbean,7,L13: Routine occupations,25
E05013527,North Acton,11,Mixed or Multiple ethnic groups: White and Black Caribbean,8,L14.1 and L14.2: Never worked and long-term unemployed,19
E05013527,North Acton,11,Mixed or Multiple ethnic groups: White and Black Caribbean,9,L15: Full-time students,45
E05013527,North Acton,12,Mixed or Multiple ethnic groups: Other Mixed or Multiple ethnic groups,-8,Does not apply,137
E05013527,North Acton,12,Mixed or Multiple ethnic groups: Other Mixed or Multiple ethnic groups,1,"L1, L2 and L3: Higher managerial, administrative and professional occupations",50
E05013527,North Acton,12,Mixed or Multiple ethnic groups: Other Mixed or Multiple ethnic groups,2,"L4, L5 and L6: Lower managerial, administrative and professional occupations",46
E05013527,North Acton,12,Mixed or Multiple ethnic groups: Other Mixed or Multiple ethnic groups,3,L7: Intermediate occupations,24
E05013527,North Acton,12,Mixed or Multiple ethnic groups: Other Mixed or Multiple ethnic groups,4,L8 and L9: Small employers and own account workers,32
E05013527,North Acton,12,Mixed or Multiple ethnic groups: Other Mixed or Multiple ethnic groups,5,L10 and L11: Lower supervisory and technical occupations,10
E05013527,North Acton,12,Mixed or Multiple ethnic groups: Other Mixed or Multiple ethnic groups,6,L12: Semi-routine occupations,23
E05013527,North Acton,12,Mixed or Multiple ethnic groups: Other Mixed or Multiple ethnic groups,7,L13: Routine occupations,19
E05013527,North Acton,12,Mixed or Multiple ethnic groups: Other Mixed or Multiple ethnic groups,8,L14.1 and L14.2: Never worked and long-term unemployed,16
E05013527,North Acton,12,Mixed or Multiple ethnic groups: Other Mixed or Multiple ethnic groups,9,L15: Full-time students,65
E05013527,North Acton,13,"White: English, Welsh, Scottish, Northern Irish or British",-8,Does not apply,730
E05013527,North Acton,13,"White: English, Welsh, Scottish, Northern Irish or British",1,"L1, L2 and L3: Higher managerial, administrative and professional occupations",781
E05013527,North Acton,13,"White: English, Welsh, Scottish, Northern Irish or British",2,"L4, L5 and L6: Lower managerial, administrative and professional occupations",995
E05013527,North Acton,13,"White: English, Welsh, Scottish, Northern Irish or British",3,L7: Intermediate occupations,402
E05013527,North Acton,13,"White: English, Welsh, Scottish, Northern Irish or British",4,L8 and L9: Small employers and own account workers,465
E05013527,North Acton,13,"White: English, Welsh, Scottish, Northern Irish or British",5,L10 and L11: Lower supervisory and technical occupations,176
E05013527,North Acton,13,"White: English, Welsh, Scottish, Northern Irish or British",6,L12: Semi-routine occupations,230
E05013527,North Acton,13,"White: English, Welsh, Scottish, Northern Irish or British",7,L13: Routine occupations,233
E05013527,North Acton,13,"White: English, Welsh, Scottish, Northern Irish or British",8,L14.1 and L14.2: Never worked and long-term unemployed,276
E05013527,North Acton,13,"White: English, Welsh, Scottish, Northern Irish or British",9,L15: Full-time students,910
E05013527,North Acton,14,White: Irish,-8,Does not apply,13
E05013527,North Acton,14,White: Irish,1,"L1, L2 and L3: Higher managerial, administrative and professional occupations",63
E05013527,North Acton,14,White: Irish,2,"L4, L5 and L6: Lower managerial, administrative and professional occupations",124
E05013527,North Acton,14,White: Irish,3,L7: Intermediate occupations,41
E05013527,North Acton,14,White: Irish,4,L8 and L9: Small employers and own account workers,46
E05013527,North Acton,14,White: Irish,5,L10 and L11: Lower supervisory and technical occupations,24
E05013527,North Acton,14,White: Irish,6,L12: Semi-routine occupations,46
E05013527,North Acton,14,White: Irish,7,L13: Routine occupations,50
E05013527,North Acton,14,White: Irish,8,L14.1 and L14.2: Never worked and long-term unemployed,33
E05013527,North Acton,14,White: Irish,9,L15: Full-time students,24
E05013527,North Acton,15,White: Gypsy or Irish Traveller,-8,Does not apply,32
E05013527,North Acton,15,White: Gypsy or Irish Traveller,1,"L1, L2 and L3: Higher managerial, administrative and professional occupations",0
E05013527,North Acton,15,White: Gypsy or Irish Traveller,2,"L4, L5 and L6: Lower managerial, administrative and professional occupations",2
E05013527,North Acton,15,White: Gypsy or Irish Traveller,3,L7: Intermediate occupations,0
E05013527,North Acton,15,White: Gypsy or Irish Traveller,4,L8 and L9: Small employers and own account workers,1
E05013527,North Acton,15,White: Gypsy or Irish Traveller,5,L10 and L11: Lower supervisory and technical occupations,1
E05013527,North Acton,15,White: Gypsy or Irish Traveller,6,L12: Semi-routine occupations,0
E05013527,North Acton,15,White: Gypsy or Irish Traveller,7,L13: Routine occupations,6
E05013527,North Acton,15,White: Gypsy or Irish Traveller,8,L14.1 and L14.2: Never worked and long-term unemployed,32
E05013527,North Acton,15,White: Gypsy or Irish Traveller,9,L15: Full-time students,1
E05013527,North Acton,16,White: Roma,-8,Does not apply,6
E05013527,North Acton,16,White: Roma,1,"L1, L2 and L3: Higher managerial, administrative and professional occupations",13
E05013527,North Acton,16,White: Roma,2,"L4, L5 and L6: Lower managerial, administrative and professional occupations",23
E05013527,North Acton,16,White: Roma,3,L7: Intermediate occupations,8
E05013527,North Acton,16,White: Roma,4,L8 and L9: Small employers and own account workers,19
E05013527,North Acton,16,White: Roma,5,L10 and L11: Lower supervisory and technical occupations,19
E05013527,North Acton,16,White: Roma,6,L12: Semi-routine occupations,13
E05013527,North Acton,16,White: Roma,7,L13: Routine occupations,18
E05013527,North Acton,16,White: Roma,8,L14.1 and L14.2: Never worked and long-term unemployed,6
E05013527,North Acton,16,White: Roma,9,L15: Full-time students,17
E05013527,North Acton,17,White: Other White,-8,Does not apply,352
E05013527,North Acton,17,White: Other White,1,"L1, L2 and L3: Higher managerial, administrative and professional occupations",524
E05013527,North Acton,17,White: Other White,2,"L4, L5 and L6: Lower managerial, administrative and professional occupations",698
E05013527,North Acton,17,White: Other White,3,L7: Intermediate occupations,256
E05013527,North Acton,17,White: Other White,4,L8 and L9: Small employers and own account workers,608
E05013527,North Acton,17,White: Other White,5,L10 and L11: Lower supervisory and technical occupations,210
E05013527,North Acton,17,White: Other White,6,L12: Semi-routine occupations,224
E05013527,North Acton,17,White: Other White,7,L13: Routine occupations,376
E05013527,North Acton,17,White: Other White,8,L14.1 and L14.2: Never worked and long-term unemployed,176
E05013527,North Acton,17,White: Other White,9,L15: Full-time students,564
E05013527,North Acton,18,Other ethnic group: Arab,-8,Does not apply,400
E05013527,North Acton,18,Other ethnic group: Arab,1,"L1, L2 and L3: Higher managerial, administrative and professional occupations",120
E05013527,North Acton,18,Other ethnic group: Arab,2,"L4, L5 and L6: Lower managerial, administrative and professional occupations",139
E05013527,North Acton,18,Other ethnic group: Arab,3,L7: Intermediate occupations,61
E05013527,North Acton,18,Other ethnic group: Arab,4,L8 and L9: Small employers and own account workers,99
E05013527,North Acton,18,Other ethnic group: Arab,5,L10 and L11: Lower supervisory and technical occupations,44
E05013527,North Acton,18,Other ethnic group: Arab,6,L12: Semi-routine occupations,56
E05013527,North Acton,18,Other ethnic group: Arab,7,L13: Routine occupations,77
E05013527,North Acton,18,Other ethnic group: Arab,8,L14.1 and L14.2: Never worked and long-term unemployed,239
E05013527,North Acton,18,Other ethnic group: Arab,9,L15: Full-time students,212
E05013527,North Acton,19,Other ethnic group: Any other ethnic group,-8,Does not apply,148
E05013527,North Acton,19,Other ethnic group: Any other ethnic group,1,"L1, L2 and L3: Higher managerial, administrative and professional occupations",101
E05013527,North Acton,19,Other ethnic group: Any other ethnic group,2,"L4, L5 and L6: Lower managerial, administrative and professional occupations",111
E05013527,North Acton,19,Other ethnic group: Any other ethnic group,3,L7: Intermediate occupations,60
E05013527,North Acton,19,Other ethnic group: Any other ethnic group,4,L8 and L9: Small employers and own account workers,105
E05013527,North Acton,19,Other ethnic group: Any other ethnic group,5,L10 and L11: Lower supervisory and technical occupations,35
E05013527,North Acton,19,Other ethnic group: Any other ethnic group,6,L12: Semi-routine occupations,62
E05013527,North Acton,19,Other ethnic group: Any other ethnic group,7,L13: Routine occupations,88
E05013527,North Acton,19,Other ethnic group: Any other ethnic group,8,L14.1 and L14.2: Never worked and long-term unemployed,139
E05013527,North Acton,19,Other ethnic group: Any other ethnic group,9,L15: Full-time students,121
E05013528,North Greenford,-8,Does not apply,-8,Does not apply,0
E05013528,North Greenford,-8,Does not apply,1,"L1, L2 and L3: Higher managerial, administrative and professional occupations",0
E05013528,North Greenford,-8,Does not apply,2,"L4, L5 and L6: Lower managerial, administrative and professional occupations",0
E05013528,North Greenford,-8,Does not apply,3,L7: Intermediate occupations,0
E05013528,North Greenford,-8,Does not apply,4,L8 and L9: Small employers and own account workers,0
E05013528,North Greenford,-8,Does not apply,5,L10 and L11: Lower supervisory and technical occupations,0
E05013528,North Greenford,-8,Does not apply,6,L12: Semi-routine occupations,0
E05013528,North Greenford,-8,Does not apply,7,L13: Routine occupations,0
E05013528,North Greenford,-8,Does not apply,8,L14.1 and L14.2: Never worked and long-term unemployed,0
E05013528,North Greenford,-8,Does not apply,9,L15: Full-time students,0
E05013528,North Greenford,1,"Asian, Asian British or Asian Welsh: Bangladeshi",-8,Does not apply,14
E05013528,North Greenford,1,"Asian, Asian British or Asian Welsh: Bangladeshi",1,"L1, L2 and L3: Higher managerial, administrative and professional occupations",25
E05013528,North Greenford,1,"Asian, Asian British or Asian Welsh: Bangladeshi",2,"L4, L5 and L6: Lower managerial, administrative and professional occupations",24
E05013528,North Greenford,1,"Asian, Asian British or Asian Welsh: Bangladeshi",3,L7: Intermediate occupations,7
E05013528,North Greenford,1,"Asian, Asian British or Asian Welsh: Bangladeshi",4,L8 and L9: Small employers and own account workers,10
E05013528,North Greenford,1,"Asian, Asian British or Asian Welsh: Bangladeshi",5,L10 and L11: Lower supervisory and technical occupations,5
E05013528,North Greenford,1,"Asian, Asian British or Asian Welsh: Bangladeshi",6,L12: Semi-routine occupations,10
E05013528,North Greenford,1,"Asian, Asian British or Asian Welsh: Bangladeshi",7,L13: Routine occupations,7
E05013528,North Greenford,1,"Asian, Asian British or Asian Welsh: Bangladeshi",8,L14.1 and L14.2: Never worked and long-term unemployed,20
E05013528,North Greenford,1,"Asian, Asian British or Asian Welsh: Bangladeshi",9,L15: Full-time students,11
E05013528,North Greenford,2,"Asian, Asian British or Asian Welsh: Chinese",-8,Does not apply,22
E05013528,North Greenford,2,"Asian, Asian British or Asian Welsh: Chinese",1,"L1, L2 and L3: Higher managerial, administrative and professional occupations",35
E05013528,North Greenford,2,"Asian, Asian British or Asian Welsh: Chinese",2,"L4, L5 and L6: Lower managerial, administrative and professional occupations",39
E05013528,North Greenford,2,"Asian, Asian British or Asian Welsh: Chinese",3,L7: Intermediate occupations,21
E05013528,North Greenford,2,"Asian, Asian British or Asian Welsh: Chinese",4,L8 and L9: Small employers and own account workers,16
E05013528,North Greenford,2,"Asian, Asian British or Asian Welsh: Chinese",5,L10 and L11: Lower supervisory and technical occupations,11
E05013528,North Greenford,2,"Asian, Asian British or Asian Welsh: Chinese",6,L12: Semi-routine occupations,10
E05013528,North Greenford,2,"Asian, Asian British or Asian Welsh: Chinese",7,L13: Routine occupations,19
E05013528,North Greenford,2,"Asian, Asian British or Asian Welsh: Chinese",8,L14.1 and L14.2: Never worked and long-term unemployed,24
E05013528,North Greenford,2,"Asian, Asian British or Asian Welsh: Chinese",9,L15: Full-time students,7
E05013528,North Greenford,3,"Asian, Asian British or Asian Welsh: Indian",-8,Does not apply,407
E05013528,North Greenford,3,"Asian, Asian British or Asian Welsh: Indian",1,"L1, L2 and L3: Higher managerial, administrative and professional occupations",384
E05013528,North Greenford,3,"Asian, Asian British or Asian Welsh: Indian",2,"L4, L5 and L6: Lower managerial, administrative and professional occupations",436
E05013528,North Greenford,3,"Asian, Asian British or Asian Welsh: Indian",3,L7: Intermediate occupations,300
E05013528,North Greenford,3,"Asian, Asian British or Asian Welsh: Indian",4,L8 and L9: Small employers and own account workers,172
E05013528,North Greenford,3,"Asian, Asian British or Asian Welsh: Indian",5,L10 and L11: Lower supervisory and technical occupations,88
E05013528,North Greenford,3,"Asian, Asian British or Asian Welsh: Indian",6,L12: Semi-routine occupations,263
E05013528,North Greenford,3,"Asian, Asian British or Asian Welsh: Indian",7,L13: Routine occupations,223
E05013528,North Greenford,3,"Asian, Asian British or Asian Welsh: Indian",8,L14.1 and L14.2: Never worked and long-term unemployed,234
E05013528,North Greenford,3,"Asian, Asian British or Asian Welsh: Indian",9,L15: Full-time students,146
E05013528,North Greenford,4,"Asian, Asian British or Asian Welsh: Pakistani",-8,Does not apply,203
E05013528,North Greenford,4,"Asian, Asian British or Asian Welsh: Pakistani",1,"L1, L2 and L3: Higher managerial, administrative and professional occupations",134
E05013528,North Greenford,4,"Asian, Asian British or Asian Welsh: Pakistani",2,"L4, L5 and L6: Lower managerial, administrative and professional occupations",162
E05013528,North Greenford,4,"Asian, Asian British or Asian Welsh: Pakistani",3,L7: Intermediate occupations,114
E05013528,North Greenford,4,"Asian, Asian British or Asian Welsh: Pakistani",4,L8 and L9: Small employers and own account workers,87
E05013528,North Greenford,4,"Asian, Asian British or Asian Welsh: Pakistani",5,L10 and L11: Lower supervisory and technical occupations,21
E05013528,North Greenford,4,"Asian, Asian British or Asian Welsh: Pakistani",6,L12: Semi-routine occupations,65
E05013528,North Greenford,4,"Asian, Asian British or Asian Welsh: Pakistani",7,L13: Routine occupations,47
E05013528,North Greenford,4,"Asian, Asian British or Asian Welsh: Pakistani",8,L14.1 and L14.2: Never worked and long-term unemployed,142
E05013528,North Greenford,4,"Asian, Asian British or Asian Welsh: Pakistani",9,L15: Full-time students,91
E05013528,North Greenford,5,"Asian, Asian British or Asian Welsh: Other Asian",-8,Does not apply,388
E05013528,North Greenford,5,"Asian, Asian British or Asian Welsh: Other Asian",1,"L1, L2 and L3: Higher managerial, administrative and professional occupations",117
E05013528,North Greenford,5,"Asian, Asian British or Asian Welsh: Other Asian",2,"L4, L5 and L6: Lower managerial, administrative and professional occupations",186
E05013528,North Greenford,5,"Asian, Asian British or Asian Welsh: Other Asian",3,L7: Intermediate occupations,127
E05013528,North Greenford,5,"Asian, Asian British or Asian Welsh: Other Asian",4,L8 and L9: Small employers and own account workers,122
E05013528,North Greenford,5,"Asian, Asian British or Asian Welsh: Other Asian",5,L10 and L11: Lower supervisory and technical occupations,63
E05013528,North Greenford,5,"Asian, Asian British or Asian Welsh: Other Asian",6,L12: Semi-routine occupations,192
E05013528,North Greenford,5,"Asian, Asian British or Asian Welsh: Other Asian",7,L13: Routine occupations,145
E05013528,North Greenford,5,"Asian, Asian British or Asian Welsh: Other Asian",8,L14.1 and L14.2: Never worked and long-term unemployed,179
E05013528,North Greenford,5,"Asian, Asian British or Asian Welsh: Other Asian",9,L15: Full-time students,185
E05013528,North Greenford,6,"Black, Black British, Black Welsh, Caribbean or African: African",-8,Does not apply,166
E05013528,North Greenford,6,"Black, Black British, Black Welsh, Caribbean or African: African",1,"L1, L2 and L3: Higher managerial, administrative and professional occupations",52
E05013528,North Greenford,6,"Black, Black British, Black Welsh, Caribbean or African: African",2,"L4, L5 and L6: Lower managerial, administrative and professional occupations",110
E05013528,North Greenford,6,"Black, Black British, Black Welsh, Caribbean or African: African",3,L7: Intermediate occupations,70
E05013528,North Greenford,6,"Black, Black British, Black Welsh, Caribbean or African: African",4,L8 and L9: Small employers and own account workers,32
E05013528,North Greenford,6,"Black, Black British, Black Welsh, Caribbean or African: African",5,L10 and L11: Lower supervisory and technical occupations,20
E05013528,North Greenford,6,"Black, Black British, Black Welsh, Caribbean or African: African",6,L12: Semi-routine occupations,55
E05013528,North Greenford,6,"Black, Black British, Black Welsh, Caribbean or African: African",7,L13: Routine occupations,44
E05013528,North Greenford,6,"Black, Black British, Black Welsh, Caribbean or African: African",8,L14.1 and L14.2: Never worked and long-term unemployed,57
E05013528,North Greenford,6,"Black, Black British, Black Welsh, Caribbean or African: African",9,L15: Full-time students,107
E05013528,North Greenford,7,"Black, Black British, Black Welsh, Caribbean or African: Caribbean",-8,Does not apply,82
E05013528,North Greenford,7,"Black, Black British, Black Welsh, Caribbean or African: Caribbean",1,"L1, L2 and L3: Higher managerial, administrative and professional occupations",83
E05013528,North Greenford,7,"Black, Black British, Black Welsh, Caribbean or African: Caribbean",2,"L4, L5 and L6: Lower managerial, administrative and professional occupations",167
E05013528,North Greenford,7,"Black, Black British, Black Welsh, Caribbean or African: Caribbean",3,L7: Intermediate occupations,123
E05013528,North Greenford,7,"Black, Black British, Black Welsh, Caribbean or African: Caribbean",4,L8 and L9: Small employers and own account workers,47
E05013528,North Greenford,7,"Black, Black British, Black Welsh, Caribbean or African: Caribbean",5,L10 and L11: Lower supervisory and technical occupations,47
E05013528,North Greenford,7,"Black, Black British, Black Welsh, Caribbean or African: Caribbean",6,L12: Semi-routine occupations,74
E05013528,North Greenford,7,"Black, Black British, Black Welsh, Caribbean or African: Caribbean",7,L13: Routine occupations,88
E05013528,North Greenford,7,"Black, Black British, Black Welsh, Caribbean or African: Caribbean",8,L14.1 and L14.2: Never worked and long-term unemployed,65
E05013528,North Greenford,7,"Black, Black British, Black Welsh, Caribbean or African: Caribbean",9,L15: Full-time students,49
E05013528,North Greenford,8,"Black, Black British, Black Welsh, Caribbean or African: Other Black",-8,Does not apply,78
E05013528,North Greenford,8,"Black, Black British, Black Welsh, Caribbean or African: Other Black",1,"L1, L2 and L3: Higher managerial, administrative and professional occupations",13
E05013528,North Greenford,8,"Black, Black British, Black Welsh, Caribbean or African: Other Black",2,"L4, L5 and L6: Lower managerial, administrative and professional occupations",21
E05013528,North Greenford,8,"Black, Black British, Black Welsh, Caribbean or African: Other Black",3,L7: Intermediate occupations,21
E05013528,North Greenford,8,"Black, Black British, Black Welsh, Caribbean or African: Other Black",4,L8 and L9: Small employers and own account workers,10
E05013528,North Greenford,8,"Black, Black British, Black Welsh, Caribbean or African: Other Black",5,L10 and L11: Lower supervisory and technical occupations,3
E05013528,North Greenford,8,"Black, Black British, Black Welsh, Caribbean or African: Other Black",6,L12: Semi-routine occupations,8
E05013528,North Greenford,8,"Black, Black British, Black Welsh, Caribbean or African: Other Black",7,L13: Routine occupations,9
E05013528,North Greenford,8,"Black, Black British, Black Welsh, Caribbean or African: Other Black",8,L14.1 and L14.2: Never worked and long-term unemployed,15
E05013528,North Greenford,8,"Black, Black British, Black Welsh, Caribbean or African: Other Black",9,L15: Full-time students,13
E05013528,North Greenford,9,Mixed or Multiple ethnic groups: White and Asian,-8,Does not apply,78
E05013528,North Greenford,9,Mixed or Multiple ethnic groups: White and Asian,1,"L1, L2 and L3: Higher managerial, administrative and professional occupations",19
E05013528,North Greenford,9,Mixed or Multiple ethnic groups: White and Asian,2,"L4, L5 and L6: Lower managerial, administrative and professional occupations",18
E05013528,North Greenford,9,Mixed or Multiple ethnic groups: White and Asian,3,L7: Intermediate occupations,13
E05013528,North Greenford,9,Mixed or Multiple ethnic groups: White and Asian,4,L8 and L9: Small employers and own account workers,2
E05013528,North Greenford,9,Mixed or Multiple ethnic groups: White and Asian,5,L10 and L11: Lower supervisory and technical occupations,4
E05013528,North Greenford,9,Mixed or Multiple ethnic groups: White and Asian,6,L12: Semi-routine occupations,17
E05013528,North Greenford,9,Mixed or Multiple ethnic groups: White and Asian,7,L13: Routine occupations,4
E05013528,North Greenford,9,Mixed or Multiple ethnic groups: White and Asian,8,L14.1 and L14.2: Never worked and long-term unemployed,8
E05013528,North Greenford,9,Mixed or Multiple ethnic groups: White and Asian,9,L15: Full-time students,21
E05013528,North Greenford,10,Mixed or Multiple ethnic groups: White and Black African,-8,Does not apply,29
E05013528,North Greenford,10,Mixed or Multiple ethnic groups: White and Black African,1,"L1, L2 and L3: Higher managerial, administrative and professional occupations",3
E05013528,North Greenford,10,Mixed or Multiple ethnic groups: White and Black African,2,"L4, L5 and L6: Lower managerial, administrative and professional occupations",14
E05013528,North Greenford,10,Mixed or Multiple ethnic groups: White and Black African,3,L7: Intermediate occupations,3
E05013528,North Greenford,10,Mixed or Multiple ethnic groups: White and Black African,4,L8 and L9: Small employers and own account workers,2
E05013528,North Greenford,10,Mixed or Multiple ethnic groups: White and Black African,5,L10 and L11: Lower supervisory and technical occupations,3
E05013528,North Greenford,10,Mixed or Multiple ethnic groups: White and Black African,6,L12: Semi-routine occupations,3
E05013528,North Greenford,10,Mixed or Multiple ethnic groups: White and Black African,7,L13: Routine occupations,2
E05013528,North Greenford,10,Mixed or Multiple ethnic groups: White and Black African,8,L14.1 and L14.2: Never worked and long-term unemployed,3
E05013528,North Greenford,10,Mixed or Multiple ethnic groups: White and Black African,9,L15: Full-time students,4
E05013528,North Greenford,11,Mixed or Multiple ethnic groups: White and Black Caribbean,-8,Does not apply,67
E05013528,North Greenford,11,Mixed or Multiple ethnic groups: White and Black Caribbean,1,"L1, L2 and L3: Higher managerial, administrative and professional occupations",13
E05013528,North Greenford,11,Mixed or Multiple ethnic groups: White and Black Caribbean,2,"L4, L5 and L6: Lower managerial, administrative and professional occupations",24
E05013528,North Greenford,11,Mixed or Multiple ethnic groups: White and Black Caribbean,3,L7: Intermediate occupations,14
E05013528,North Greenford,11,Mixed or Multiple ethnic groups: White and Black Caribbean,4,L8 and L9: Small employers and own account workers,5
E05013528,North Greenford,11,Mixed or Multiple ethnic groups: White and Black Caribbean,5,L10 and L11: Lower supervisory and technical occupations,9
E05013528,North Greenford,11,Mixed or Multiple ethnic groups: White and Black Caribbean,6,L12: Semi-routine occupations,7
E05013528,North Greenford,11,Mixed or Multiple ethnic groups: White and Black Caribbean,7,L13: Routine occupations,8
E05013528,North Greenford,11,Mixed or Multiple ethnic groups: White and Black Caribbean,8,L14.1 and L14.2: Never worked and long-term unemployed,14
E05013528,North Greenford,11,Mixed or Multiple ethnic groups: White and Black Caribbean,9,L15: Full-time students,19
E05013528,North Greenford,12,Mixed or Multiple ethnic groups: Other Mixed or Multiple ethnic groups,-8,Does not apply,99
E05013528,North Greenford,12,Mixed or Multiple ethnic groups: Other Mixed or Multiple ethnic groups,1,"L1, L2 and L3: Higher managerial, administrative and professional occupations",19
E05013528,North Greenford,12,Mixed or Multiple ethnic groups: Other Mixed or Multiple ethnic groups,2,"L4, L5 and L6: Lower managerial, administrative and professional occupations",29
E05013528,North Greenford,12,Mixed or Multiple ethnic groups: Other Mixed or Multiple ethnic groups,3,L7: Intermediate occupations,12
E05013528,North Greenford,12,Mixed or Multiple ethnic groups: Other Mixed or Multiple ethnic groups,4,L8 and L9: Small employers and own account workers,9
E05013528,North Greenford,12,Mixed or Multiple ethnic groups: Other Mixed or Multiple ethnic groups,5,L10 and L11: Lower supervisory and technical occupations,10
E05013528,North Greenford,12,Mixed or Multiple ethnic groups: Other Mixed or Multiple ethnic groups,6,L12: Semi-routine occupations,8
E05013528,North Greenford,12,Mixed or Multiple ethnic groups: Other Mixed or Multiple ethnic groups,7,L13: Routine occupations,10
E05013528,North Greenford,12,Mixed or Multiple ethnic groups: Other Mixed or Multiple ethnic groups,8,L14.1 and L14.2: Never worked and long-term unemployed,12
E05013528,North Greenford,12,Mixed or Multiple ethnic groups: Other Mixed or Multiple ethnic groups,9,L15: Full-time students,22
E05013528,North Greenford,13,"White: English, Welsh, Scottish, Northern Irish or British",-8,Does not apply,374
E05013528,North Greenford,13,"White: English, Welsh, Scottish, Northern Irish or British",1,"L1, L2 and L3: Higher managerial, administrative and professional occupations",229
E05013528,North Greenford,13,"White: English, Welsh, Scottish, Northern Irish or British",2,"L4, L5 and L6: Lower managerial, administrative and professional occupations",468
E05013528,North Greenford,13,"White: English, Welsh, Scottish, Northern Irish or British",3,L7: Intermediate occupations,332
E05013528,North Greenford,13,"White: English, Welsh, Scottish, Northern Irish or British",4,L8 and L9: Small employers and own account workers,284
E05013528,North Greenford,13,"White: English, Welsh, Scottish, Northern Irish or British",5,L10 and L11: Lower supervisory and technical occupations,124
E05013528,North Greenford,13,"White: English, Welsh, Scottish, Northern Irish or British",6,L12: Semi-routine occupations,201
E05013528,North Greenford,13,"White: English, Welsh, Scottish, Northern Irish or British",7,L13: Routine occupations,281
E05013528,North Greenford,13,"White: English, Welsh, Scottish, Northern Irish or British",8,L14.1 and L14.2: Never worked and long-term unemployed,176
E05013528,North Greenford,13,"White: English, Welsh, Scottish, Northern Irish or British",9,L15: Full-time students,107
E05013528,North Greenford,14,White: Irish,-8,Does not apply,21
E05013528,North Greenford,14,White: Irish,1,"L1, L2 and L3: Higher managerial, administrative and professional occupations",35
E05013528,North Greenford,14,White: Irish,2,"L4, L5 and L6: Lower managerial, administrative and professional occupations",76
E05013528,North Greenford,14,White: Irish,3,L7: Intermediate occupations,44
E05013528,North Greenford,14,White: Irish,4,L8 and L9: Small employers and own account workers,47
E05013528,North Greenford,14,White: Irish,5,L10 and L11: Lower supervisory and technical occupations,21
E05013528,North Greenford,14,White: Irish,6,L12: Semi-routine occupations,29
E05013528,North Greenford,14,White: Irish,7,L13: Routine occupations,40
E05013528,North Greenford,14,White: Irish,8,L14.1 and L14.2: Never worked and long-term unemployed,30
E05013528,North Greenford,14,White: Irish,9,L15: Full-time students,10
E05013528,North Greenford,15,White: Gypsy or Irish Traveller,-8,Does not apply,0
E05013528,North Greenford,15,White: Gypsy or Irish Traveller,1,"L1, L2 and L3: Higher managerial, administrative and professional occupations",0
E05013528,North Greenford,15,White: Gypsy or Irish Traveller,2,"L4, L5 and L6: Lower managerial, administrative and professional occupations",0
E05013528,North Greenford,15,White: Gypsy or Irish Traveller,3,L7: Intermediate occupations,0
E05013528,North Greenford,15,White: Gypsy or Irish Traveller,4,L8 and L9: Small employers and own account workers,0
E05013528,North Greenford,15,White: Gypsy or Irish Traveller,5,L10 and L11: Lower supervisory and technical occupations,0
E05013528,North Greenford,15,White: Gypsy or Irish Traveller,6,L12: Semi-routine occupations,0
E05013528,North Greenford,15,White: Gypsy or Irish Traveller,7,L13: Routine occupations,0
E05013528,North Greenford,15,White: Gypsy or Irish Traveller,8,L14.1 and L14.2: Never worked and long-term unemployed,0
E05013528,North Greenford,15,White: Gypsy or Irish Traveller,9,L15: Full-time students,0
E05013528,North Greenford,16,White: Roma,-8,Does not apply,1
E05013528,North Greenford,16,White: Roma,1,"L1, L2 and L3: Higher managerial, administrative and professional occupations",3
E05013528,North Greenford,16,White: Roma,2,"L4, L5 and L6: Lower managerial, administrative and professional occupations",3
E05013528,North Greenford,16,White: Roma,3,L7: Intermediate occupations,4
E05013528,North Greenford,16,White: Roma,4,L8 and L9: Small employers and own account workers,10
E05013528,North Greenford,16,White: Roma,5,L10 and L11: Lower supervisory and technical occupations,3
E05013528,North Greenford,16,White: Roma,6,L12: Semi-routine occupations,4
E05013528,North Greenford,16,White: Roma,7,L13: Routine occupations,7
E05013528,North Greenford,16,White: Roma,8,L14.1 and L14.2: Never worked and long-term unemployed,3
E05013528,North Greenford,16,White: Roma,9,L15: Full-time students,4
E05013528,North Greenford,17,White: Other White,-8,Does not apply,403
E05013528,North Greenford,17,White: Other White,1,"L1, L2 and L3: Higher managerial, administrative and professional occupations",150
E05013528,North Greenford,17,White: Other White,2,"L4, L5 and L6: Lower managerial, administrative and professional occupations",358
E05013528,North Greenford,17,White: Other White,3,L7: Intermediate occupations,154
E05013528,North Greenford,17,White: Other White,4,L8 and L9: Small employers and own account workers,825
E05013528,North Greenford,17,White: Other White,5,L10 and L11: Lower supervisory and technical occupations,142
E05013528,North Greenford,17,White: Other White,6,L12: Semi-routine occupations,213
E05013528,North Greenford,17,White: Other White,7,L13: Routine occupations,380
E05013528,North Greenford,17,White: Other White,8,L14.1 and L14.2: Never worked and long-term unemployed,116
E05013528,North Greenford,17,White: Other White,9,L15: Full-time students,214
E05013528,North Greenford,18,Other ethnic group: Arab,-8,Does not apply,206
E05013528,North Greenford,18,Other ethnic group: Arab,1,"L1, L2 and L3: Higher managerial, administrative and professional occupations",57
E05013528,North Greenford,18,Other ethnic group: Arab,2,"L4, L5 and L6: Lower managerial, administrative and professional occupations",75
E05013528,North Greenford,18,Other ethnic group: Arab,3,L7: Intermediate occupations,35
E05013528,North Greenford,18,Other ethnic group: Arab,4,L8 and L9: Small employers and own account workers,35
E05013528,North Greenford,18,Other ethnic group: Arab,5,L10 and L11: Lower supervisory and technical occupations,11
E05013528,North Greenford,18,Other ethnic group: Arab,6,L12: Semi-routine occupations,34
E05013528,North Greenford,18,Other ethnic group: Arab,7,L13: Routine occupations,26
E05013528,North Greenford,18,Other ethnic group: Arab,8,L14.1 and L14.2: Never worked and long-term unemployed,101
E05013528,North Greenford,18,Other ethnic group: Arab,9,L15: Full-time students,72
E05013528,North Greenford,19,Other ethnic group: Any other ethnic group,-8,Does not apply,164
E05013528,North Greenford,19,Other ethnic group: Any other ethnic group,1,"L1, L2 and L3: Higher managerial, administrative and professional occupations",64
E05013528,North Greenford,19,Other ethnic group: Any other ethnic group,2,"L4, L5 and L6: Lower managerial, administrative and professional occupations",75
E05013528,North Greenford,19,Other ethnic group: Any other ethnic group,3,L7: Intermediate occupations,42
E05013528,North Greenford,19,Other ethnic group: Any other ethnic group,4,L8 and L9: Small employers and own account workers,102
E05013528,North Greenford,19,Other ethnic group: Any other ethnic group,5,L10 and L11: Lower supervisory and technical occupations,27
E05013528,North Greenford,19,Other ethnic group: Any other ethnic group,6,L12: Semi-routine occupations,95
E05013528,North Greenford,19,Other ethnic group: Any other ethnic group,7,L13: Routine occupations,87
E05013528,North Greenford,19,Other ethnic group: Any other ethnic group,8,L14.1 and L14.2: Never worked and long-term unemployed,86
E05013528,North Greenford,19,Other ethnic group: Any other ethnic group,9,L15: Full-time students,80
E05013529,North Hanwell,-8,Does not apply,-8,Does not apply,0
E05013529,North Hanwell,-8,Does not apply,1,"L1, L2 and L3: Higher managerial, administrative and professional occupations",0
E05013529,North Hanwell,-8,Does not apply,2,"L4, L5 and L6: Lower managerial, administrative and professional occupations",0
E05013529,North Hanwell,-8,Does not apply,3,L7: Intermediate occupations,0
E05013529,North Hanwell,-8,Does not apply,4,L8 and L9: Small employers and own account workers,0
E05013529,North Hanwell,-8,Does not apply,5,L10 and L11: Lower supervisory and technical occupations,0
E05013529,North Hanwell,-8,Does not apply,6,L12: Semi-routine occupations,0
E05013529,North Hanwell,-8,Does not apply,7,L13: Routine occupations,0
E05013529,North Hanwell,-8,Does not apply,8,L14.1 and L14.2: Never worked and long-term unemployed,0
E05013529,North Hanwell,-8,Does not apply,9,L15: Full-time students,0
E05013529,North Hanwell,1,"Asian, Asian British or Asian Welsh: Bangladeshi",-8,Does not apply,11
E05013529,North Hanwell,1,"Asian, Asian British or Asian Welsh: Bangladeshi",1,"L1, L2 and L3: Higher managerial, administrative and professional occupations",0
E05013529,North Hanwell,1,"Asian, Asian British or Asian Welsh: Bangladeshi",2,"L4, L5 and L6: Lower managerial, administrative and professional occupations",3
E05013529,North Hanwell,1,"Asian, Asian British or Asian Welsh: Bangladeshi",3,L7: Intermediate occupations,2
E05013529,North Hanwell,1,"Asian, Asian British or Asian Welsh: Bangladeshi",4,L8 and L9: Small employers and own account workers,6
E05013529,North Hanwell,1,"Asian, Asian British or Asian Welsh: Bangladeshi",5,L10 and L11: Lower supervisory and technical occupations,0
E05013529,North Hanwell,1,"Asian, Asian British or Asian Welsh: Bangladeshi",6,L12: Semi-routine occupations,0
E05013529,North Hanwell,1,"Asian, Asian British or Asian Welsh: Bangladeshi",7,L13: Routine occupations,4
E05013529,North Hanwell,1,"Asian, Asian British or Asian Welsh: Bangladeshi",8,L14.1 and L14.2: Never worked and long-term unemployed,7
E05013529,North Hanwell,1,"Asian, Asian British or Asian Welsh: Bangladeshi",9,L15: Full-time students,4
E05013529,North Hanwell,2,"Asian, Asian British or Asian Welsh: Chinese",-8,Does not apply,26
E05013529,North Hanwell,2,"Asian, Asian British or Asian Welsh: Chinese",1,"L1, L2 and L3: Higher managerial, administrative and professional occupations",35
E05013529,North Hanwell,2,"Asian, Asian British or Asian Welsh: Chinese",2,"L4, L5 and L6: Lower managerial, administrative and professional occupations",25
E05013529,North Hanwell,2,"Asian, Asian British or Asian Welsh: Chinese",3,L7: Intermediate occupations,13
E05013529,North Hanwell,2,"Asian, Asian British or Asian Welsh: Chinese",4,L8 and L9: Small employers and own account workers,13
E05013529,North Hanwell,2,"Asian, Asian British or Asian Welsh: Chinese",5,L10 and L11: Lower supervisory and technical occupations,10
E05013529,North Hanwell,2,"Asian, Asian British or Asian Welsh: Chinese",6,L12: Semi-routine occupations,8
E05013529,North Hanwell,2,"Asian, Asian British or Asian Welsh: Chinese",7,L13: Routine occupations,10
E05013529,North Hanwell,2,"Asian, Asian British or Asian Welsh: Chinese",8,L14.1 and L14.2: Never worked and long-term unemployed,18
E05013529,North Hanwell,2,"Asian, Asian British or Asian Welsh: Chinese",9,L15: Full-time students,3
E05013529,North Hanwell,3,"Asian, Asian British or Asian Welsh: Indian",-8,Does not apply,123
E05013529,North Hanwell,3,"Asian, Asian British or Asian Welsh: Indian",1,"L1, L2 and L3: Higher managerial, administrative and professional occupations",121
E05013529,North Hanwell,3,"Asian, Asian British or Asian Welsh: Indian",2,"L4, L5 and L6: Lower managerial, administrative and professional occupations",134
E05013529,North Hanwell,3,"Asian, Asian British or Asian Welsh: Indian",3,L7: Intermediate occupations,95
E05013529,North Hanwell,3,"Asian, Asian British or Asian Welsh: Indian",4,L8 and L9: Small employers and own account workers,46
E05013529,North Hanwell,3,"Asian, Asian British or Asian Welsh: Indian",5,L10 and L11: Lower supervisory and technical occupations,17
E05013529,North Hanwell,3,"Asian, Asian British or Asian Welsh: Indian",6,L12: Semi-routine occupations,81
E05013529,North Hanwell,3,"Asian, Asian British or Asian Welsh: Indian",7,L13: Routine occupations,61
E05013529,North Hanwell,3,"Asian, Asian British or Asian Welsh: Indian",8,L14.1 and L14.2: Never worked and long-term unemployed,104
E05013529,North Hanwell,3,"Asian, Asian British or Asian Welsh: Indian",9,L15: Full-time students,63
E05013529,North Hanwell,4,"Asian, Asian British or Asian Welsh: Pakistani",-8,Does not apply,91
E05013529,North Hanwell,4,"Asian, Asian British or Asian Welsh: Pakistani",1,"L1, L2 and L3: Higher managerial, administrative and professional occupations",37
E05013529,North Hanwell,4,"Asian, Asian British or Asian Welsh: Pakistani",2,"L4, L5 and L6: Lower managerial, administrative and professional occupations",35
E05013529,North Hanwell,4,"Asian, Asian British or Asian Welsh: Pakistani",3,L7: Intermediate occupations,24
E05013529,North Hanwell,4,"Asian, Asian British or Asian Welsh: Pakistani",4,L8 and L9: Small employers and own account workers,38
E05013529,North Hanwell,4,"Asian, Asian British or Asian Welsh: Pakistani",5,L10 and L11: Lower supervisory and technical occupations,5
E05013529,North Hanwell,4,"Asian, Asian British or Asian Welsh: Pakistani",6,L12: Semi-routine occupations,34
E05013529,North Hanwell,4,"Asian, Asian British or Asian Welsh: Pakistani",7,L13: Routine occupations,19
E05013529,North Hanwell,4,"Asian, Asian British or Asian Welsh: Pakistani",8,L14.1 and L14.2: Never worked and long-term unemployed,73
E05013529,North Hanwell,4,"Asian, Asian British or Asian Welsh: Pakistani",9,L15: Full-time students,47
E05013529,North Hanwell,5,"Asian, Asian British or Asian Welsh: Other Asian",-8,Does not apply,274
E05013529,North Hanwell,5,"Asian, Asian British or Asian Welsh: Other Asian",1,"L1, L2 and L3: Higher managerial, administrative and professional occupations",78
E05013529,North Hanwell,5,"Asian, Asian British or Asian Welsh: Other Asian",2,"L4, L5 and L6: Lower managerial, administrative and professional occupations",117
E05013529,North Hanwell,5,"Asian, Asian British or Asian Welsh: Other Asian",3,L7: Intermediate occupations,63
E05013529,North Hanwell,5,"Asian, Asian British or Asian Welsh: Other Asian",4,L8 and L9: Small employers and own account workers,89
E05013529,North Hanwell,5,"Asian, Asian British or Asian Welsh: Other Asian",5,L10 and L11: Lower supervisory and technical occupations,21
E05013529,North Hanwell,5,"Asian, Asian British or Asian Welsh: Other Asian",6,L12: Semi-routine occupations,90
E05013529,North Hanwell,5,"Asian, Asian British or Asian Welsh: Other Asian",7,L13: Routine occupations,73
E05013529,North Hanwell,5,"Asian, Asian British or Asian Welsh: Other Asian",8,L14.1 and L14.2: Never worked and long-term unemployed,154
E05013529,North Hanwell,5,"Asian, Asian British or Asian Welsh: Other Asian",9,L15: Full-time students,147
E05013529,North Hanwell,6,"Black, Black British, Black Welsh, Caribbean or African: African",-8,Does not apply,298
E05013529,North Hanwell,6,"Black, Black British, Black Welsh, Caribbean or African: African",1,"L1, L2 and L3: Higher managerial, administrative and professional occupations",48
E05013529,North Hanwell,6,"Black, Black British, Black Welsh, Caribbean or African: African",2,"L4, L5 and L6: Lower managerial, administrative and professional occupations",120
E05013529,North Hanwell,6,"Black, Black British, Black Welsh, Caribbean or African: African",3,L7: Intermediate occupations,48
E05013529,North Hanwell,6,"Black, Black British, Black Welsh, Caribbean or African: African",4,L8 and L9: Small employers and own account workers,66
E05013529,North Hanwell,6,"Black, Black British, Black Welsh, Caribbean or African: African",5,L10 and L11: Lower supervisory and technical occupations,17
E05013529,North Hanwell,6,"Black, Black British, Black Welsh, Caribbean or African: African",6,L12: Semi-routine occupations,96
E05013529,North Hanwell,6,"Black, Black British, Black Welsh, Caribbean or African: African",7,L13: Routine occupations,65
E05013529,North Hanwell,6,"Black, Black British, Black Welsh, Caribbean or African: African",8,L14.1 and L14.2: Never worked and long-term unemployed,134
E05013529,North Hanwell,6,"Black, Black British, Black Welsh, Caribbean or African: African",9,L15: Full-time students,144
E05013529,North Hanwell,7,"Black, Black British, Black Welsh, Caribbean or African: Caribbean",-8,Does not apply,70
E05013529,North Hanwell,7,"Black, Black British, Black Welsh, Caribbean or African: Caribbean",1,"L1, L2 and L3: Higher managerial, administrative and professional occupations",56
E05013529,North Hanwell,7,"Black, Black British, Black Welsh, Caribbean or African: Caribbean",2,"L4, L5 and L6: Lower managerial, administrative and professional occupations",134
E05013529,North Hanwell,7,"Black, Black British, Black Welsh, Caribbean or African: Caribbean",3,L7: Intermediate occupations,76
E05013529,North Hanwell,7,"Black, Black British, Black Welsh, Caribbean or African: Caribbean",4,L8 and L9: Small employers and own account workers,46
E05013529,North Hanwell,7,"Black, Black British, Black Welsh, Caribbean or African: Caribbean",5,L10 and L11: Lower supervisory and technical occupations,35
E05013529,North Hanwell,7,"Black, Black British, Black Welsh, Caribbean or African: Caribbean",6,L12: Semi-routine occupations,97
E05013529,North Hanwell,7,"Black, Black British, Black Welsh, Caribbean or African: Caribbean",7,L13: Routine occupations,77
E05013529,North Hanwell,7,"Black, Black British, Black Welsh, Caribbean or African: Caribbean",8,L14.1 and L14.2: Never worked and long-term unemployed,70
E05013529,North Hanwell,7,"Black, Black British, Black Welsh, Caribbean or African: Caribbean",9,L15: Full-time students,40
E05013529,North Hanwell,8,"Black, Black British, Black Welsh, Caribbean or African: Other Black",-8,Does not apply,59
E05013529,North Hanwell,8,"Black, Black British, Black Welsh, Caribbean or African: Other Black",1,"L1, L2 and L3: Higher managerial, administrative and professional occupations",6
E05013529,North Hanwell,8,"Black, Black British, Black Welsh, Caribbean or African: Other Black",2,"L4, L5 and L6: Lower managerial, administrative and professional occupations",20
E05013529,North Hanwell,8,"Black, Black British, Black Welsh, Caribbean or African: Other Black",3,L7: Intermediate occupations,11
E05013529,North Hanwell,8,"Black, Black British, Black Welsh, Caribbean or African: Other Black",4,L8 and L9: Small employers and own account workers,6
E05013529,North Hanwell,8,"Black, Black British, Black Welsh, Caribbean or African: Other Black",5,L10 and L11: Lower supervisory and technical occupations,4
E05013529,North Hanwell,8,"Black, Black British, Black Welsh, Caribbean or African: Other Black",6,L12: Semi-routine occupations,17
E05013529,North Hanwell,8,"Black, Black British, Black Welsh, Caribbean or African: Other Black",7,L13: Routine occupations,12
E05013529,North Hanwell,8,"Black, Black British, Black Welsh, Caribbean or African: Other Black",8,L14.1 and L14.2: Never worked and long-term unemployed,14
E05013529,North Hanwell,8,"Black, Black British, Black Welsh, Caribbean or African: Other Black",9,L15: Full-time students,16
E05013529,North Hanwell,9,Mixed or Multiple ethnic groups: White and Asian,-8,Does not apply,177
E05013529,North Hanwell,9,Mixed or Multiple ethnic groups: White and Asian,1,"L1, L2 and L3: Higher managerial, administrative and professional occupations",21
E05013529,North Hanwell,9,Mixed or Multiple ethnic groups: White and Asian,2,"L4, L5 and L6: Lower managerial, administrative and professional occupations",42
E05013529,North Hanwell,9,Mixed or Multiple ethnic groups: White and Asian,3,L7: Intermediate occupations,13
E05013529,North Hanwell,9,Mixed or Multiple ethnic groups: White and Asian,4,L8 and L9: Small employers and own account workers,8
E05013529,North Hanwell,9,Mixed or Multiple ethnic groups: White and Asian,5,L10 and L11: Lower supervisory and technical occupations,5
E05013529,North Hanwell,9,Mixed or Multiple ethnic groups: White and Asian,6,L12: Semi-routine occupations,11
E05013529,North Hanwell,9,Mixed or Multiple ethnic groups: White and Asian,7,L13: Routine occupations,9
E05013529,North Hanwell,9,Mixed or Multiple ethnic groups: White and Asian,8,L14.1 and L14.2: Never worked and long-term unemployed,11
E05013529,North Hanwell,9,Mixed or Multiple ethnic groups: White and Asian,9,L15: Full-time students,37
E05013529,North Hanwell,10,Mixed or Multiple ethnic groups: White and Black African,-8,Does not apply,87
E05013529,North Hanwell,10,Mixed or Multiple ethnic groups: White and Black African,1,"L1, L2 and L3: Higher managerial, administrative and professional occupations",8
E05013529,North Hanwell,10,Mixed or Multiple ethnic groups: White and Black African,2,"L4, L5 and L6: Lower managerial, administrative and professional occupations",17
E05013529,North Hanwell,10,Mixed or Multiple ethnic groups: White and Black African,3,L7: Intermediate occupations,8
E05013529,North Hanwell,10,Mixed or Multiple ethnic groups: White and Black African,4,L8 and L9: Small employers and own account workers,7
E05013529,North Hanwell,10,Mixed or Multiple ethnic groups: White and Black African,5,L10 and L11: Lower supervisory and technical occupations,3
E05013529,North Hanwell,10,Mixed or Multiple ethnic groups: White and Black African,6,L12: Semi-routine occupations,5
E05013529,North Hanwell,10,Mixed or Multiple ethnic groups: White and Black African,7,L13: Routine occupations,9
E05013529,North Hanwell,10,Mixed or Multiple ethnic groups: White and Black African,8,L14.1 and L14.2: Never worked and long-term unemployed,6
E05013529,North Hanwell,10,Mixed or Multiple ethnic groups: White and Black African,9,L15: Full-time students,8
E05013529,North Hanwell,11,Mixed or Multiple ethnic groups: White and Black Caribbean,-8,Does not apply,143
E05013529,North Hanwell,11,Mixed or Multiple ethnic groups: White and Black Caribbean,1,"L1, L2 and L3: Higher managerial, administrative and professional occupations",9
E05013529,North Hanwell,11,Mixed or Multiple ethnic groups: White and Black Caribbean,2,"L4, L5 and L6: Lower managerial, administrative and professional occupations",29
E05013529,North Hanwell,11,Mixed or Multiple ethnic groups: White and Black Caribbean,3,L7: Intermediate occupations,24
E05013529,North Hanwell,11,Mixed or Multiple ethnic groups: White and Black Caribbean,4,L8 and L9: Small employers and own account workers,10
E05013529,North Hanwell,11,Mixed or Multiple ethnic groups: White and Black Caribbean,5,L10 and L11: Lower supervisory and technical occupations,9
E05013529,North Hanwell,11,Mixed or Multiple ethnic groups: White and Black Caribbean,6,L12: Semi-routine occupations,21
E05013529,North Hanwell,11,Mixed or Multiple ethnic groups: White and Black Caribbean,7,L13: Routine occupations,16
E05013529,North Hanwell,11,Mixed or Multiple ethnic groups: White and Black Caribbean,8,L14.1 and L14.2: Never worked and long-term unemployed,26
E05013529,North Hanwell,11,Mixed or Multiple ethnic groups: White and Black Caribbean,9,L15: Full-time students,26
E05013529,North Hanwell,12,Mixed or Multiple ethnic groups: Other Mixed or Multiple ethnic groups,-8,Does not apply,171
E05013529,North Hanwell,12,Mixed or Multiple ethnic groups: Other Mixed or Multiple ethnic groups,1,"L1, L2 and L3: Higher managerial, administrative and professional occupations",25
E05013529,North Hanwell,12,Mixed or Multiple ethnic groups: Other Mixed or Multiple ethnic groups,2,"L4, L5 and L6: Lower managerial, administrative and professional occupations",49
E05013529,North Hanwell,12,Mixed or Multiple ethnic groups: Other Mixed or Multiple ethnic groups,3,L7: Intermediate occupations,25
E05013529,North Hanwell,12,Mixed or Multiple ethnic groups: Other Mixed or Multiple ethnic groups,4,L8 and L9: Small employers and own account workers,21
E05013529,North Hanwell,12,Mixed or Multiple ethnic groups: Other Mixed or Multiple ethnic groups,5,L10 and L11: Lower supervisory and technical occupations,8
E05013529,North Hanwell,12,Mixed or Multiple ethnic groups: Other Mixed or Multiple ethnic groups,6,L12: Semi-routine occupations,15
E05013529,North Hanwell,12,Mixed or Multiple ethnic groups: Other Mixed or Multiple ethnic groups,7,L13: Routine occupations,11
E05013529,North Hanwell,12,Mixed or Multiple ethnic groups: Other Mixed or Multiple ethnic groups,8,L14.1 and L14.2: Never worked and long-term unemployed,18
E05013529,North Hanwell,12,Mixed or Multiple ethnic groups: Other Mixed or Multiple ethnic groups,9,L15: Full-time students,38
E05013529,North Hanwell,13,"White: English, Welsh, Scottish, Northern Irish or British",-8,Does not apply,902
E05013529,North Hanwell,13,"White: English, Welsh, Scottish, Northern Irish or British",1,"L1, L2 and L3: Higher managerial, administrative and professional occupations",726
E05013529,North Hanwell,13,"White: English, Welsh, Scottish, Northern Irish or British",2,"L4, L5 and L6: Lower managerial, administrative and professional occupations",1003
E05013529,North Hanwell,13,"White: English, Welsh, Scottish, Northern Irish or British",3,L7: Intermediate occupations,448
E05013529,North Hanwell,13,"White: English, Welsh, Scottish, Northern Irish or British",4,L8 and L9: Small employers and own account workers,372
E05013529,North Hanwell,13,"White: English, Welsh, Scottish, Northern Irish or British",5,L10 and L11: Lower supervisory and technical occupations,158
E05013529,North Hanwell,13,"White: English, Welsh, Scottish, Northern Irish or British",6,L12: Semi-routine occupations,319
E05013529,North Hanwell,13,"White: English, Welsh, Scottish, Northern Irish or British",7,L13: Routine occupations,321
E05013529,North Hanwell,13,"White: English, Welsh, Scottish, Northern Irish or British",8,L14.1 and L14.2: Never worked and long-term unemployed,302
E05013529,North Hanwell,13,"White: English, Welsh, Scottish, Northern Irish or British",9,L15: Full-time students,201
E05013529,North Hanwell,14,White: Irish,-8,Does not apply,39
E05013529,North Hanwell,14,White: Irish,1,"L1, L2 and L3: Higher managerial, administrative and professional occupations",77
E05013529,North Hanwell,14,White: Irish,2,"L4, L5 and L6: Lower managerial, administrative and professional occupations",109
E05013529,North Hanwell,14,White: Irish,3,L7: Intermediate occupations,71
E05013529,North Hanwell,14,White: Irish,4,L8 and L9: Small employers and own account workers,69
E05013529,North Hanwell,14,White: Irish,5,L10 and L11: Lower supervisory and technical occupations,25
E05013529,North Hanwell,14,White: Irish,6,L12: Semi-routine occupations,45
E05013529,North Hanwell,14,White: Irish,7,L13: Routine occupations,72
E05013529,North Hanwell,14,White: Irish,8,L14.1 and L14.2: Never worked and long-term unemployed,45
E05013529,North Hanwell,14,White: Irish,9,L15: Full-time students,14
E05013529,North Hanwell,15,White: Gypsy or Irish Traveller,-8,Does not apply,6
E05013529,North Hanwell,15,White: Gypsy or Irish Traveller,1,"L1, L2 and L3: Higher managerial, administrative and professional occupations",0
E05013529,North Hanwell,15,White: Gypsy or Irish Traveller,2,"L4, L5 and L6: Lower managerial, administrative and professional occupations",0
E05013529,North Hanwell,15,White: Gypsy or Irish Traveller,3,L7: Intermediate occupations,0
E05013529,North Hanwell,15,White: Gypsy or Irish Traveller,4,L8 and L9: Small employers and own account workers,1
E05013529,North Hanwell,15,White: Gypsy or Irish Traveller,5,L10 and L11: Lower supervisory and technical occupations,0
E05013529,North Hanwell,15,White: Gypsy or Irish Traveller,6,L12: Semi-routine occupations,0
E05013529,North Hanwell,15,White: Gypsy or Irish Traveller,7,L13: Routine occupations,0
E05013529,North Hanwell,15,White: Gypsy or Irish Traveller,8,L14.1 and L14.2: Never worked and long-term unemployed,5
E05013529,North Hanwell,15,White: Gypsy or Irish Traveller,9,L15: Full-time students,0
E05013529,North Hanwell,16,White: Roma,-8,Does not apply,5
E05013529,North Hanwell,16,White: Roma,1,"L1, L2 and L3: Higher managerial, administrative and professional occupations",6
E05013529,North Hanwell,16,White: Roma,2,"L4, L5 and L6: Lower managerial, administrative and professional occupations",5
E05013529,North Hanwell,16,White: Roma,3,L7: Intermediate occupations,0
E05013529,North Hanwell,16,White: Roma,4,L8 and L9: Small employers and own account workers,4
E05013529,North Hanwell,16,White: Roma,5,L10 and L11: Lower supervisory and technical occupations,4
E05013529,North Hanwell,16,White: Roma,6,L12: Semi-routine occupations,3
E05013529,North Hanwell,16,White: Roma,7,L13: Routine occupations,1
E05013529,North Hanwell,16,White: Roma,8,L14.1 and L14.2: Never worked and long-term unemployed,3
E05013529,North Hanwell,16,White: Roma,9,L15: Full-time students,2
E05013529,North Hanwell,17,White: Other White,-8,Does not apply,494
E05013529,North Hanwell,17,White: Other White,1,"L1, L2 and L3: Higher managerial, administrative and professional occupations",268
E05013529,North Hanwell,17,White: Other White,2,"L4, L5 and L6: Lower managerial, administrative and professional occupations",364
E05013529,North Hanwell,17,White: Other White,3,L7: Intermediate occupations,212
E05013529,North Hanwell,17,White: Other White,4,L8 and L9: Small employers and own account workers,698
E05013529,North Hanwell,17,White: Other White,5,L10 and L11: Lower supervisory and technical occupations,108
E05013529,North Hanwell,17,White: Other White,6,L12: Semi-routine occupations,155
E05013529,North Hanwell,17,White: Other White,7,L13: Routine occupations,226
E05013529,North Hanwell,17,White: Other White,8,L14.1 and L14.2: Never worked and long-term unemployed,88
E05013529,North Hanwell,17,White: Other White,9,L15: Full-time students,144
E05013529,North Hanwell,18,Other ethnic group: Arab,-8,Does not apply,170
E05013529,North Hanwell,18,Other ethnic group: Arab,1,"L1, L2 and L3: Higher managerial, administrative and professional occupations",33
E05013529,North Hanwell,18,Other ethnic group: Arab,2,"L4, L5 and L6: Lower managerial, administrative and professional occupations",40
E05013529,North Hanwell,18,Other ethnic group: Arab,3,L7: Intermediate occupations,29
E05013529,North Hanwell,18,Other ethnic group: Arab,4,L8 and L9: Small employers and own account workers,35
E05013529,North Hanwell,18,Other ethnic group: Arab,5,L10 and L11: Lower supervisory and technical occupations,12
E05013529,North Hanwell,18,Other ethnic group: Arab,6,L12: Semi-routine occupations,30
E05013529,North Hanwell,18,Other ethnic group: Arab,7,L13: Routine occupations,33
E05013529,North Hanwell,18,Other ethnic group: Arab,8,L14.1 and L14.2: Never worked and long-term unemployed,93
E05013529,North Hanwell,18,Other ethnic group: Arab,9,L15: Full-time students,63
E05013529,North Hanwell,19,Other ethnic group: Any other ethnic group,-8,Does not apply,129
E05013529,North Hanwell,19,Other ethnic group: Any other ethnic group,1,"L1, L2 and L3: Higher managerial, administrative and professional occupations",58
E05013529,North Hanwell,19,Other ethnic group: Any other ethnic group,2,"L4, L5 and L6: Lower managerial, administrative and professional occupations",86
E05013529,North Hanwell,19,Other ethnic group: Any other ethnic group,3,L7: Intermediate occupations,47
E05013529,North Hanwell,19,Other ethnic group: Any other ethnic group,4,L8 and L9: Small employers and own account workers,80
E05013529,North Hanwell,19,Other ethnic group: Any other ethnic group,5,L10 and L11: Lower supervisory and technical occupations,32
E05013529,North Hanwell,19,Other ethnic group: Any other ethnic group,6,L12: Semi-routine occupations,54
E05013529,North Hanwell,19,Other ethnic group: Any other ethnic group,7,L13: Routine occupations,54
E05013529,North Hanwell,19,Other ethnic group: Any other ethnic group,8,L14.1 and L14.2: Never worked and long-term unemployed,131
E05013529,North Hanwell,19,Other ethnic group: Any other ethnic group,9,L15: Full-time students,81
E05013530,Northfield (Ealing),-8,Does not apply,-8,Does not apply,0
E05013530,Northfield (Ealing),-8,Does not apply,1,"L1, L2 and L3: Higher managerial, administrative and professional occupations",0
E05013530,Northfield (Ealing),-8,Does not apply,2,"L4, L5 and L6: Lower managerial, administrative and professional occupations",0
E05013530,Northfield (Ealing),-8,Does not apply,3,L7: Intermediate occupations,0
E05013530,Northfield (Ealing),-8,Does not apply,4,L8 and L9: Small employers and own account workers,0
E05013530,Northfield (Ealing),-8,Does not apply,5,L10 and L11: Lower supervisory and technical occupations,0
E05013530,Northfield (Ealing),-8,Does not apply,6,L12: Semi-routine occupations,0
E05013530,Northfield (Ealing),-8,Does not apply,7,L13: Routine occupations,0
E05013530,Northfield (Ealing),-8,Does not apply,8,L14.1 and L14.2: Never worked and long-term unemployed,0
E05013530,Northfield (Ealing),-8,Does not apply,9,L15: Full-time students,0
E05013530,Northfield (Ealing),1,"Asian, Asian British or Asian Welsh: Bangladeshi",-8,Does not apply,11
E05013530,Northfield (Ealing),1,"Asian, Asian British or Asian Welsh: Bangladeshi",1,"L1, L2 and L3: Higher managerial, administrative and professional occupations",8
E05013530,Northfield (Ealing),1,"Asian, Asian British or Asian Welsh: Bangladeshi",2,"L4, L5 and L6: Lower managerial, administrative and professional occupations",7
E05013530,Northfield (Ealing),1,"Asian, Asian British or Asian Welsh: Bangladeshi",3,L7: Intermediate occupations,2
E05013530,Northfield (Ealing),1,"Asian, Asian British or Asian Welsh: Bangladeshi",4,L8 and L9: Small employers and own account workers,7
E05013530,Northfield (Ealing),1,"Asian, Asian British or Asian Welsh: Bangladeshi",5,L10 and L11: Lower supervisory and technical occupations,1
E05013530,Northfield (Ealing),1,"Asian, Asian British or Asian Welsh: Bangladeshi",6,L12: Semi-routine occupations,2
E05013530,Northfield (Ealing),1,"Asian, Asian British or Asian Welsh: Bangladeshi",7,L13: Routine occupations,2
E05013530,Northfield (Ealing),1,"Asian, Asian British or Asian Welsh: Bangladeshi",8,L14.1 and L14.2: Never worked and long-term unemployed,6
E05013530,Northfield (Ealing),1,"Asian, Asian British or Asian Welsh: Bangladeshi",9,L15: Full-time students,4
E05013530,Northfield (Ealing),2,"Asian, Asian British or Asian Welsh: Chinese",-8,Does not apply,43
E05013530,Northfield (Ealing),2,"Asian, Asian British or Asian Welsh: Chinese",1,"L1, L2 and L3: Higher managerial, administrative and professional occupations",66
E05013530,Northfield (Ealing),2,"Asian, Asian British or Asian Welsh: Chinese",2,"L4, L5 and L6: Lower managerial, administrative and professional occupations",66
E05013530,Northfield (Ealing),2,"Asian, Asian British or Asian Welsh: Chinese",3,L7: Intermediate occupations,25
E05013530,Northfield (Ealing),2,"Asian, Asian British or Asian Welsh: Chinese",4,L8 and L9: Small employers and own account workers,18
E05013530,Northfield (Ealing),2,"Asian, Asian British or Asian Welsh: Chinese",5,L10 and L11: Lower supervisory and technical occupations,10
E05013530,Northfield (Ealing),2,"Asian, Asian British or Asian Welsh: Chinese",6,L12: Semi-routine occupations,14
E05013530,Northfield (Ealing),2,"Asian, Asian British or Asian Welsh: Chinese",7,L13: Routine occupations,9
E05013530,Northfield (Ealing),2,"Asian, Asian British or Asian Welsh: Chinese",8,L14.1 and L14.2: Never worked and long-term unemployed,11
E05013530,Northfield (Ealing),2,"Asian, Asian British or Asian Welsh: Chinese",9,L15: Full-time students,9
E05013530,Northfield (Ealing),3,"Asian, Asian British or Asian Welsh: Indian",-8,Does not apply,119
E05013530,Northfield (Ealing),3,"Asian, Asian British or Asian Welsh: Indian",1,"L1, L2 and L3: Higher managerial, administrative and professional occupations",201
E05013530,Northfield (Ealing),3,"Asian, Asian British or Asian Welsh: Indian",2,"L4, L5 and L6: Lower managerial, administrative and professional occupations",159
E05013530,Northfield (Ealing),3,"Asian, Asian British or Asian Welsh: Indian",3,L7: Intermediate occupations,66
E05013530,Northfield (Ealing),3,"Asian, Asian British or Asian Welsh: Indian",4,L8 and L9: Small employers and own account workers,56
E05013530,Northfield (Ealing),3,"Asian, Asian British or Asian Welsh: Indian",5,L10 and L11: Lower supervisory and technical occupations,21
E05013530,Northfield (Ealing),3,"Asian, Asian British or Asian Welsh: Indian",6,L12: Semi-routine occupations,35
E05013530,Northfield (Ealing),3,"Asian, Asian British or Asian Welsh: Indian",7,L13: Routine occupations,33
E05013530,Northfield (Ealing),3,"Asian, Asian British or Asian Welsh: Indian",8,L14.1 and L14.2: Never worked and long-term unemployed,59
E05013530,Northfield (Ealing),3,"Asian, Asian British or Asian Welsh: Indian",9,L15: Full-time students,28
E05013530,Northfield (Ealing),4,"Asian, Asian British or Asian Welsh: Pakistani",-8,Does not apply,53
E05013530,Northfield (Ealing),4,"Asian, Asian British or Asian Welsh: Pakistani",1,"L1, L2 and L3: Higher managerial, administrative and professional occupations",37
E05013530,Northfield (Ealing),4,"Asian, Asian British or Asian Welsh: Pakistani",2,"L4, L5 and L6: Lower managerial, administrative and professional occupations",35
E05013530,Northfield (Ealing),4,"Asian, Asian British or Asian Welsh: Pakistani",3,L7: Intermediate occupations,16
E05013530,Northfield (Ealing),4,"Asian, Asian British or Asian Welsh: Pakistani",4,L8 and L9: Small employers and own account workers,13
E05013530,Northfield (Ealing),4,"Asian, Asian British or Asian Welsh: Pakistani",5,L10 and L11: Lower supervisory and technical occupations,3
E05013530,Northfield (Ealing),4,"Asian, Asian British or Asian Welsh: Pakistani",6,L12: Semi-routine occupations,6
E05013530,Northfield (Ealing),4,"Asian, Asian British or Asian Welsh: Pakistani",7,L13: Routine occupations,0
E05013530,Northfield (Ealing),4,"Asian, Asian British or Asian Welsh: Pakistani",8,L14.1 and L14.2: Never worked and long-term unemployed,17
E05013530,Northfield (Ealing),4,"Asian, Asian British or Asian Welsh: Pakistani",9,L15: Full-time students,20
E05013530,Northfield (Ealing),5,"Asian, Asian British or Asian Welsh: Other Asian",-8,Does not apply,93
E05013530,Northfield (Ealing),5,"Asian, Asian British or Asian Welsh: Other Asian",1,"L1, L2 and L3: Higher managerial, administrative and professional occupations",89
E05013530,Northfield (Ealing),5,"Asian, Asian British or Asian Welsh: Other Asian",2,"L4, L5 and L6: Lower managerial, administrative and professional occupations",85
E05013530,Northfield (Ealing),5,"Asian, Asian British or Asian Welsh: Other Asian",3,L7: Intermediate occupations,41
E05013530,Northfield (Ealing),5,"Asian, Asian British or Asian Welsh: Other Asian",4,L8 and L9: Small employers and own account workers,33
E05013530,Northfield (Ealing),5,"Asian, Asian British or Asian Welsh: Other Asian",5,L10 and L11: Lower supervisory and technical occupations,19
E05013530,Northfield (Ealing),5,"Asian, Asian British or Asian Welsh: Other Asian",6,L12: Semi-routine occupations,42
E05013530,Northfield (Ealing),5,"Asian, Asian British or Asian Welsh: Other Asian",7,L13: Routine occupations,17
E05013530,Northfield (Ealing),5,"Asian, Asian British or Asian Welsh: Other Asian",8,L14.1 and L14.2: Never worked and long-term unemployed,43
E05013530,Northfield (Ealing),5,"Asian, Asian British or Asian Welsh: Other Asian",9,L15: Full-time students,36
E05013530,Northfield (Ealing),6,"Black, Black British, Black Welsh, Caribbean or African: African",-8,Does not apply,105
E05013530,Northfield (Ealing),6,"Black, Black British, Black Welsh, Caribbean or African: African",1,"L1, L2 and L3: Higher managerial, administrative and professional occupations",55
E05013530,Northfield (Ealing),6,"Black, Black British, Black Welsh, Caribbean or African: African",2,"L4, L5 and L6: Lower managerial, administrative and professional occupations",88
E05013530,Northfield (Ealing),6,"Black, Black British, Black Welsh, Caribbean or African: African",3,L7: Intermediate occupations,35
E05013530,Northfield (Ealing),6,"Black, Black British, Black Welsh, Caribbean or African: African",4,L8 and L9: Small employers and own account workers,26
E05013530,Northfield (Ealing),6,"Black, Black British, Black Welsh, Caribbean or African: African",5,L10 and L11: Lower supervisory and technical occupations,9
E05013530,Northfield (Ealing),6,"Black, Black British, Black Welsh, Caribbean or African: African",6,L12: Semi-routine occupations,33
E05013530,Northfield (Ealing),6,"Black, Black British, Black Welsh, Caribbean or African: African",7,L13: Routine occupations,19
E05013530,Northfield (Ealing),6,"Black, Black British, Black Welsh, Caribbean or African: African",8,L14.1 and L14.2: Never worked and long-term unemployed,31
E05013530,Northfield (Ealing),6,"Black, Black British, Black Welsh, Caribbean or African: African",9,L15: Full-time students,58
E05013530,Northfield (Ealing),7,"Black, Black British, Black Welsh, Caribbean or African: Caribbean",-8,Does not apply,22
E05013530,Northfield (Ealing),7,"Black, Black British, Black Welsh, Caribbean or African: Caribbean",1,"L1, L2 and L3: Higher managerial, administrative and professional occupations",25
E05013530,Northfield (Ealing),7,"Black, Black British, Black Welsh, Caribbean or African: Caribbean",2,"L4, L5 and L6: Lower managerial, administrative and professional occupations",62
E05013530,Northfield (Ealing),7,"Black, Black British, Black Welsh, Caribbean or African: Caribbean",3,L7: Intermediate occupations,30
E05013530,Northfield (Ealing),7,"Black, Black British, Black Welsh, Caribbean or African: Caribbean",4,L8 and L9: Small employers and own account workers,18
E05013530,Northfield (Ealing),7,"Black, Black British, Black Welsh, Caribbean or African: Caribbean",5,L10 and L11: Lower supervisory and technical occupations,8
E05013530,Northfield (Ealing),7,"Black, Black British, Black Welsh, Caribbean or African: Caribbean",6,L12: Semi-routine occupations,27
E05013530,Northfield (Ealing),7,"Black, Black British, Black Welsh, Caribbean or African: Caribbean",7,L13: Routine occupations,23
E05013530,Northfield (Ealing),7,"Black, Black British, Black Welsh, Caribbean or African: Caribbean",8,L14.1 and L14.2: Never worked and long-term unemployed,24
E05013530,Northfield (Ealing),7,"Black, Black British, Black Welsh, Caribbean or African: Caribbean",9,L15: Full-time students,11
E05013530,Northfield (Ealing),8,"Black, Black British, Black Welsh, Caribbean or African: Other Black",-8,Does not apply,7
E05013530,Northfield (Ealing),8,"Black, Black British, Black Welsh, Caribbean or African: Other Black",1,"L1, L2 and L3: Higher managerial, administrative and professional occupations",5
E05013530,Northfield (Ealing),8,"Black, Black British, Black Welsh, Caribbean or African: Other Black",2,"L4, L5 and L6: Lower managerial, administrative and professional occupations",15
E05013530,Northfield (Ealing),8,"Black, Black British, Black Welsh, Caribbean or African: Other Black",3,L7: Intermediate occupations,4
E05013530,Northfield (Ealing),8,"Black, Black British, Black Welsh, Caribbean or African: Other Black",4,L8 and L9: Small employers and own account workers,0
E05013530,Northfield (Ealing),8,"Black, Black British, Black Welsh, Caribbean or African: Other Black",5,L10 and L11: Lower supervisory and technical occupations,3
E05013530,Northfield (Ealing),8,"Black, Black British, Black Welsh, Caribbean or African: Other Black",6,L12: Semi-routine occupations,2
E05013530,Northfield (Ealing),8,"Black, Black British, Black Welsh, Caribbean or African: Other Black",7,L13: Routine occupations,4
E05013530,Northfield (Ealing),8,"Black, Black British, Black Welsh, Caribbean or African: Other Black",8,L14.1 and L14.2: Never worked and long-term unemployed,13
E05013530,Northfield (Ealing),8,"Black, Black British, Black Welsh, Caribbean or African: Other Black",9,L15: Full-time students,2
E05013530,Northfield (Ealing),9,Mixed or Multiple ethnic groups: White and Asian,-8,Does not apply,246
E05013530,Northfield (Ealing),9,Mixed or Multiple ethnic groups: White and Asian,1,"L1, L2 and L3: Higher managerial, administrative and professional occupations",33
E05013530,Northfield (Ealing),9,Mixed or Multiple ethnic groups: White and Asian,2,"L4, L5 and L6: Lower managerial, administrative and professional occupations",37
E05013530,Northfield (Ealing),9,Mixed or Multiple ethnic groups: White and Asian,3,L7: Intermediate occupations,15
E05013530,Northfield (Ealing),9,Mixed or Multiple ethnic groups: White and Asian,4,L8 and L9: Small employers and own account workers,12
E05013530,Northfield (Ealing),9,Mixed or Multiple ethnic groups: White and Asian,5,L10 and L11: Lower supervisory and technical occupations,3
E05013530,Northfield (Ealing),9,Mixed or Multiple ethnic groups: White and Asian,6,L12: Semi-routine occupations,8
E05013530,Northfield (Ealing),9,Mixed or Multiple ethnic groups: White and Asian,7,L13: Routine occupations,4
E05013530,Northfield (Ealing),9,Mixed or Multiple ethnic groups: White and Asian,8,L14.1 and L14.2: Never worked and long-term unemployed,7
E05013530,Northfield (Ealing),9,Mixed or Multiple ethnic groups: White and Asian,9,L15: Full-time students,28
E05013530,Northfield (Ealing),10,Mixed or Multiple ethnic groups: White and Black African,-8,Does not apply,50
E05013530,Northfield (Ealing),10,Mixed or Multiple ethnic groups: White and Black African,1,"L1, L2 and L3: Higher managerial, administrative and professional occupations",10
E05013530,Northfield (Ealing),10,Mixed or Multiple ethnic groups: White and Black African,2,"L4, L5 and L6: Lower managerial, administrative and professional occupations",10
E05013530,Northfield (Ealing),10,Mixed or Multiple ethnic groups: White and Black African,3,L7: Intermediate occupations,3
E05013530,Northfield (Ealing),10,Mixed or Multiple ethnic groups: White and Black African,4,L8 and L9: Small employers and own account workers,4
E05013530,Northfield (Ealing),10,Mixed or Multiple ethnic groups: White and Black African,5,L10 and L11: Lower supervisory and technical occupations,1
E05013530,Northfield (Ealing),10,Mixed or Multiple ethnic groups: White and Black African,6,L12: Semi-routine occupations,1
E05013530,Northfield (Ealing),10,Mixed or Multiple ethnic groups: White and Black African,7,L13: Routine occupations,2
E05013530,Northfield (Ealing),10,Mixed or Multiple ethnic groups: White and Black African,8,L14.1 and L14.2: Never worked and long-term unemployed,8
E05013530,Northfield (Ealing),10,Mixed or Multiple ethnic groups: White and Black African,9,L15: Full-time students,14
E05013530,Northfield (Ealing),11,Mixed or Multiple ethnic groups: White and Black Caribbean,-8,Does not apply,60
E05013530,Northfield (Ealing),11,Mixed or Multiple ethnic groups: White and Black Caribbean,1,"L1, L2 and L3: Higher managerial, administrative and professional occupations",16
E05013530,Northfield (Ealing),11,Mixed or Multiple ethnic groups: White and Black Caribbean,2,"L4, L5 and L6: Lower managerial, administrative and professional occupations",18
E05013530,Northfield (Ealing),11,Mixed or Multiple ethnic groups: White and Black Caribbean,3,L7: Intermediate occupations,7
E05013530,Northfield (Ealing),11,Mixed or Multiple ethnic groups: White and Black Caribbean,4,L8 and L9: Small employers and own account workers,9
E05013530,Northfield (Ealing),11,Mixed or Multiple ethnic groups: White and Black Caribbean,5,L10 and L11: Lower supervisory and technical occupations,4
E05013530,Northfield (Ealing),11,Mixed or Multiple ethnic groups: White and Black Caribbean,6,L12: Semi-routine occupations,6
E05013530,Northfield (Ealing),11,Mixed or Multiple ethnic groups: White and Black Caribbean,7,L13: Routine occupations,8
E05013530,Northfield (Ealing),11,Mixed or Multiple ethnic groups: White and Black Caribbean,8,L14.1 and L14.2: Never worked and long-term unemployed,7
E05013530,Northfield (Ealing),11,Mixed or Multiple ethnic groups: White and Black Caribbean,9,L15: Full-time students,15
E05013530,Northfield (Ealing),12,Mixed or Multiple ethnic groups: Other Mixed or Multiple ethnic groups,-8,Does not apply,116
E05013530,Northfield (Ealing),12,Mixed or Multiple ethnic groups: Other Mixed or Multiple ethnic groups,1,"L1, L2 and L3: Higher managerial, administrative and professional occupations",32
E05013530,Northfield (Ealing),12,Mixed or Multiple ethnic groups: Other Mixed or Multiple ethnic groups,2,"L4, L5 and L6: Lower managerial, administrative and professional occupations",45
E05013530,Northfield (Ealing),12,Mixed or Multiple ethnic groups: Other Mixed or Multiple ethnic groups,3,L7: Intermediate occupations,13
E05013530,Northfield (Ealing),12,Mixed or Multiple ethnic groups: Other Mixed or Multiple ethnic groups,4,L8 and L9: Small employers and own account workers,15
E05013530,Northfield (Ealing),12,Mixed or Multiple ethnic groups: Other Mixed or Multiple ethnic groups,5,L10 and L11: Lower supervisory and technical occupations,2
E05013530,Northfield (Ealing),12,Mixed or Multiple ethnic groups: Other Mixed or Multiple ethnic groups,6,L12: Semi-routine occupations,9
E05013530,Northfield (Ealing),12,Mixed or Multiple ethnic groups: Other Mixed or Multiple ethnic groups,7,L13: Routine occupations,6
E05013530,Northfield (Ealing),12,Mixed or Multiple ethnic groups: Other Mixed or Multiple ethnic groups,8,L14.1 and L14.2: Never worked and long-term unemployed,10
E05013530,Northfield (Ealing),12,Mixed or Multiple ethnic groups: Other Mixed or Multiple ethnic groups,9,L15: Full-time students,21
E05013530,Northfield (Ealing),13,"White: English, Welsh, Scottish, Northern Irish or British",-8,Does not apply,1338
E05013530,Northfield (Ealing),13,"White: English, Welsh, Scottish, Northern Irish or British",1,"L1, L2 and L3: Higher managerial, administrative and professional occupations",1469
E05013530,Northfield (Ealing),13,"White: English, Welsh, Scottish, Northern Irish or British",2,"L4, L5 and L6: Lower managerial, administrative and professional occupations",1616
E05013530,Northfield (Ealing),13,"White: English, Welsh, Scottish, Northern Irish or British",3,L7: Intermediate occupations,534
E05013530,Northfield (Ealing),13,"White: English, Welsh, Scottish, Northern Irish or British",4,L8 and L9: Small employers and own account workers,509
E05013530,Northfield (Ealing),13,"White: English, Welsh, Scottish, Northern Irish or British",5,L10 and L11: Lower supervisory and technical occupations,144
E05013530,Northfield (Ealing),13,"White: English, Welsh, Scottish, Northern Irish or British",6,L12: Semi-routine occupations,225
E05013530,Northfield (Ealing),13,"White: English, Welsh, Scottish, Northern Irish or British",7,L13: Routine occupations,202
E05013530,Northfield (Ealing),13,"White: English, Welsh, Scottish, Northern Irish or British",8,L14.1 and L14.2: Never worked and long-term unemployed,202
E05013530,Northfield (Ealing),13,"White: English, Welsh, Scottish, Northern Irish or British",9,L15: Full-time students,374
E05013530,Northfield (Ealing),14,White: Irish,-8,Does not apply,68
E05013530,Northfield (Ealing),14,White: Irish,1,"L1, L2 and L3: Higher managerial, administrative and professional occupations",134
E05013530,Northfield (Ealing),14,White: Irish,2,"L4, L5 and L6: Lower managerial, administrative and professional occupations",181
E05013530,Northfield (Ealing),14,White: Irish,3,L7: Intermediate occupations,74
E05013530,Northfield (Ealing),14,White: Irish,4,L8 and L9: Small employers and own account workers,69
E05013530,Northfield (Ealing),14,White: Irish,5,L10 and L11: Lower supervisory and technical occupations,19
E05013530,Northfield (Ealing),14,White: Irish,6,L12: Semi-routine occupations,41
E05013530,Northfield (Ealing),14,White: Irish,7,L13: Routine occupations,38
E05013530,Northfield (Ealing),14,White: Irish,8,L14.1 and L14.2: Never worked and long-term unemployed,33
E05013530,Northfield (Ealing),14,White: Irish,9,L15: Full-time students,11
E05013530,Northfield (Ealing),15,White: Gypsy or Irish Traveller,-8,Does not apply,1
E05013530,Northfield (Ealing),15,White: Gypsy or Irish Traveller,1,"L1, L2 and L3: Higher managerial, administrative and professional occupations",0
E05013530,Northfield (Ealing),15,White: Gypsy or Irish Traveller,2,"L4, L5 and L6: Lower managerial, administrative and professional occupations",1
E05013530,Northfield (Ealing),15,White: Gypsy or Irish Traveller,3,L7: Intermediate occupations,0
E05013530,Northfield (Ealing),15,White: Gypsy or Irish Traveller,4,L8 and L9: Small employers and own account workers,0
E05013530,Northfield (Ealing),15,White: Gypsy or Irish Traveller,5,L10 and L11: Lower supervisory and technical occupations,0
E05013530,Northfield (Ealing),15,White: Gypsy or Irish Traveller,6,L12: Semi-routine occupations,0
E05013530,Northfield (Ealing),15,White: Gypsy or Irish Traveller,7,L13: Routine occupations,0
E05013530,Northfield (Ealing),15,White: Gypsy or Irish Traveller,8,L14.1 and L14.2: Never worked and long-term unemployed,0
E05013530,Northfield (Ealing),15,White: Gypsy or Irish Traveller,9,L15: Full-time students,0
E05013530,Northfield (Ealing),16,White: Roma,-8,Does not apply,7
E05013530,Northfield (Ealing),16,White: Roma,1,"L1, L2 and L3: Higher managerial, administrative and professional occupations",5
E05013530,Northfield (Ealing),16,White: Roma,2,"L4, L5 and L6: Lower managerial, administrative and professional occupations",11
E05013530,Northfield (Ealing),16,White: Roma,3,L7: Intermediate occupations,5
E05013530,Northfield (Ealing),16,White: Roma,4,L8 and L9: Small employers and own account workers,7
E05013530,Northfield (Ealing),16,White: Roma,5,L10 and L11: Lower supervisory and technical occupations,12
E05013530,Northfield (Ealing),16,White: Roma,6,L12: Semi-routine occupations,2
E05013530,Northfield (Ealing),16,White: Roma,7,L13: Routine occupations,7
E05013530,Northfield (Ealing),16,White: Roma,8,L14.1 and L14.2: Never worked and long-term unemployed,5
E05013530,Northfield (Ealing),16,White: Roma,9,L15: Full-time students,6
E05013530,Northfield (Ealing),17,White: Other White,-8,Does not apply,459
E05013530,Northfield (Ealing),17,White: Other White,1,"L1, L2 and L3: Higher managerial, administrative and professional occupations",519
E05013530,Northfield (Ealing),17,White: Other White,2,"L4, L5 and L6: Lower managerial, administrative and professional occupations",546
E05013530,Northfield (Ealing),17,White: Other White,3,L7: Intermediate occupations,233
E05013530,Northfield (Ealing),17,White: Other White,4,L8 and L9: Small employers and own account workers,391
E05013530,Northfield (Ealing),17,White: Other White,5,L10 and L11: Lower supervisory and technical occupations,99
E05013530,Northfield (Ealing),17,White: Other White,6,L12: Semi-routine occupations,165
E05013530,Northfield (Ealing),17,White: Other White,7,L13: Routine occupations,150
E05013530,Northfield (Ealing),17,White: Other White,8,L14.1 and L14.2: Never worked and long-term unemployed,108
E05013530,Northfield (Ealing),17,White: Other White,9,L15: Full-time students,169
E05013530,Northfield (Ealing),18,Other ethnic group: Arab,-8,Does not apply,49
E05013530,Northfield (Ealing),18,Other ethnic group: Arab,1,"L1, L2 and L3: Higher managerial, administrative and professional occupations",28
E05013530,Northfield (Ealing),18,Other ethnic group: Arab,2,"L4, L5 and L6: Lower managerial, administrative and professional occupations",36
E05013530,Northfield (Ealing),18,Other ethnic group: Arab,3,L7: Intermediate occupations,12
E05013530,Northfield (Ealing),18,Other ethnic group: Arab,4,L8 and L9: Small employers and own account workers,16
E05013530,Northfield (Ealing),18,Other ethnic group: Arab,5,L10 and L11: Lower supervisory and technical occupations,8
E05013530,Northfield (Ealing),18,Other ethnic group: Arab,6,L12: Semi-routine occupations,11
E05013530,Northfield (Ealing),18,Other ethnic group: Arab,7,L13: Routine occupations,9
E05013530,Northfield (Ealing),18,Other ethnic group: Arab,8,L14.1 and L14.2: Never worked and long-term unemployed,36
E05013530,Northfield (Ealing),18,Other ethnic group: Arab,9,L15: Full-time students,19
E05013530,Northfield (Ealing),19,Other ethnic group: Any other ethnic group,-8,Does not apply,56
E05013530,Northfield (Ealing),19,Other ethnic group: Any other ethnic group,1,"L1, L2 and L3: Higher managerial, administrative and professional occupations",63
E05013530,Northfield (Ealing),19,Other ethnic group: Any other ethnic group,2,"L4, L5 and L6: Lower managerial, administrative and professional occupations",50
E05013530,Northfield (Ealing),19,Other ethnic group: Any other ethnic group,3,L7: Intermediate occupations,24
E05013530,Northfield (Ealing),19,Other ethnic group: Any other ethnic group,4,L8 and L9: Small employers and own account workers,48
E05013530,Northfield (Ealing),19,Other ethnic group: Any other ethnic group,5,L10 and L11: Lower supervisory and technical occupations,8
E05013530,Northfield (Ealing),19,Other ethnic group: Any other ethnic group,6,L12: Semi-routine occupations,30
E05013530,Northfield (Ealing),19,Other ethnic group: Any other ethnic group,7,L13: Routine occupations,29
E05013530,Northfield (Ealing),19,Other ethnic group: Any other ethnic group,8,L14.1 and L14.2: Never worked and long-term unemployed,40
E05013530,Northfield (Ealing),19,Other ethnic group: Any other ethnic group,9,L15: Full-time students,29
E05013531,Northolt Mandeville,-8,Does not apply,-8,Does not apply,0
E05013531,Northolt Mandeville,-8,Does not apply,1,"L1, L2 and L3: Higher managerial, administrative and professional occupations",0
E05013531,Northolt Mandeville,-8,Does not apply,2,"L4, L5 and L6: Lower managerial, administrative and professional occupations",0
E05013531,Northolt Mandeville,-8,Does not apply,3,L7: Intermediate occupations,0
E05013531,Northolt Mandeville,-8,Does not apply,4,L8 and L9: Small employers and own account workers,0
E05013531,Northolt Mandeville,-8,Does not apply,5,L10 and L11: Lower supervisory and technical occupations,0
E05013531,Northolt Mandeville,-8,Does not apply,6,L12: Semi-routine occupations,0
E05013531,Northolt Mandeville,-8,Does not apply,7,L13: Routine occupations,0
E05013531,Northolt Mandeville,-8,Does not apply,8,L14.1 and L14.2: Never worked and long-term unemployed,0
E05013531,Northolt Mandeville,-8,Does not apply,9,L15: Full-time students,0
E05013531,Northolt Mandeville,1,"Asian, Asian British or Asian Welsh: Bangladeshi",-8,Does not apply,27
E05013531,Northolt Mandeville,1,"Asian, Asian British or Asian Welsh: Bangladeshi",1,"L1, L2 and L3: Higher managerial, administrative and professional occupations",8
E05013531,Northolt Mandeville,1,"Asian, Asian British or Asian Welsh: Bangladeshi",2,"L4, L5 and L6: Lower managerial, administrative and professional occupations",13
E05013531,Northolt Mandeville,1,"Asian, Asian British or Asian Welsh: Bangladeshi",3,L7: Intermediate occupations,8
E05013531,Northolt Mandeville,1,"Asian, Asian British or Asian Welsh: Bangladeshi",4,L8 and L9: Small employers and own account workers,10
E05013531,Northolt Mandeville,1,"Asian, Asian British or Asian Welsh: Bangladeshi",5,L10 and L11: Lower supervisory and technical occupations,3
E05013531,Northolt Mandeville,1,"Asian, Asian British or Asian Welsh: Bangladeshi",6,L12: Semi-routine occupations,5
E05013531,Northolt Mandeville,1,"Asian, Asian British or Asian Welsh: Bangladeshi",7,L13: Routine occupations,10
E05013531,Northolt Mandeville,1,"Asian, Asian British or Asian Welsh: Bangladeshi",8,L14.1 and L14.2: Never worked and long-term unemployed,13
E05013531,Northolt Mandeville,1,"Asian, Asian British or Asian Welsh: Bangladeshi",9,L15: Full-time students,7
E05013531,Northolt Mandeville,2,"Asian, Asian British or Asian Welsh: Chinese",-8,Does not apply,13
E05013531,Northolt Mandeville,2,"Asian, Asian British or Asian Welsh: Chinese",1,"L1, L2 and L3: Higher managerial, administrative and professional occupations",42
E05013531,Northolt Mandeville,2,"Asian, Asian British or Asian Welsh: Chinese",2,"L4, L5 and L6: Lower managerial, administrative and professional occupations",44
E05013531,Northolt Mandeville,2,"Asian, Asian British or Asian Welsh: Chinese",3,L7: Intermediate occupations,17
E05013531,Northolt Mandeville,2,"Asian, Asian British or Asian Welsh: Chinese",4,L8 and L9: Small employers and own account workers,7
E05013531,Northolt Mandeville,2,"Asian, Asian British or Asian Welsh: Chinese",5,L10 and L11: Lower supervisory and technical occupations,9
E05013531,Northolt Mandeville,2,"Asian, Asian British or Asian Welsh: Chinese",6,L12: Semi-routine occupations,10
E05013531,Northolt Mandeville,2,"Asian, Asian British or Asian Welsh: Chinese",7,L13: Routine occupations,19
E05013531,Northolt Mandeville,2,"Asian, Asian British or Asian Welsh: Chinese",8,L14.1 and L14.2: Never worked and long-term unemployed,18
E05013531,Northolt Mandeville,2,"Asian, Asian British or Asian Welsh: Chinese",9,L15: Full-time students,4
E05013531,Northolt Mandeville,3,"Asian, Asian British or Asian Welsh: Indian",-8,Does not apply,286
E05013531,Northolt Mandeville,3,"Asian, Asian British or Asian Welsh: Indian",1,"L1, L2 and L3: Higher managerial, administrative and professional occupations",195
E05013531,Northolt Mandeville,3,"Asian, Asian British or Asian Welsh: Indian",2,"L4, L5 and L6: Lower managerial, administrative and professional occupations",286
E05013531,Northolt Mandeville,3,"Asian, Asian British or Asian Welsh: Indian",3,L7: Intermediate occupations,161
E05013531,Northolt Mandeville,3,"Asian, Asian British or Asian Welsh: Indian",4,L8 and L9: Small employers and own account workers,90
E05013531,Northolt Mandeville,3,"Asian, Asian British or Asian Welsh: Indian",5,L10 and L11: Lower supervisory and technical occupations,56
E05013531,Northolt Mandeville,3,"Asian, Asian British or Asian Welsh: Indian",6,L12: Semi-routine occupations,122
E05013531,Northolt Mandeville,3,"Asian, Asian British or Asian Welsh: Indian",7,L13: Routine occupations,133
E05013531,Northolt Mandeville,3,"Asian, Asian British or Asian Welsh: Indian",8,L14.1 and L14.2: Never worked and long-term unemployed,149
E05013531,Northolt Mandeville,3,"Asian, Asian British or Asian Welsh: Indian",9,L15: Full-time students,132
E05013531,Northolt Mandeville,4,"Asian, Asian British or Asian Welsh: Pakistani",-8,Does not apply,178
E05013531,Northolt Mandeville,4,"Asian, Asian British or Asian Welsh: Pakistani",1,"L1, L2 and L3: Higher managerial, administrative and professional occupations",49
E05013531,Northolt Mandeville,4,"Asian, Asian British or Asian Welsh: Pakistani",2,"L4, L5 and L6: Lower managerial, administrative and professional occupations",73
E05013531,Northolt Mandeville,4,"Asian, Asian British or Asian Welsh: Pakistani",3,L7: Intermediate occupations,48
E05013531,Northolt Mandeville,4,"Asian, Asian British or Asian Welsh: Pakistani",4,L8 and L9: Small employers and own account workers,56
E05013531,Northolt Mandeville,4,"Asian, Asian British or Asian Welsh: Pakistani",5,L10 and L11: Lower supervisory and technical occupations,13
E05013531,Northolt Mandeville,4,"Asian, Asian British or Asian Welsh: Pakistani",6,L12: Semi-routine occupations,42
E05013531,Northolt Mandeville,4,"Asian, Asian British or Asian Welsh: Pakistani",7,L13: Routine occupations,36
E05013531,Northolt Mandeville,4,"Asian, Asian British or Asian Welsh: Pakistani",8,L14.1 and L14.2: Never worked and long-term unemployed,85
E05013531,Northolt Mandeville,4,"Asian, Asian British or Asian Welsh: Pakistani",9,L15: Full-time students,76
E05013531,Northolt Mandeville,5,"Asian, Asian British or Asian Welsh: Other Asian",-8,Does not apply,534
E05013531,Northolt Mandeville,5,"Asian, Asian British or Asian Welsh: Other Asian",1,"L1, L2 and L3: Higher managerial, administrative and professional occupations",153
E05013531,Northolt Mandeville,5,"Asian, Asian British or Asian Welsh: Other Asian",2,"L4, L5 and L6: Lower managerial, administrative and professional occupations",276
E05013531,Northolt Mandeville,5,"Asian, Asian British or Asian Welsh: Other Asian",3,L7: Intermediate occupations,150
E05013531,Northolt Mandeville,5,"Asian, Asian British or Asian Welsh: Other Asian",4,L8 and L9: Small employers and own account workers,152
E05013531,Northolt Mandeville,5,"Asian, Asian British or Asian Welsh: Other Asian",5,L10 and L11: Lower supervisory and technical occupations,111
E05013531,Northolt Mandeville,5,"Asian, Asian British or Asian Welsh: Other Asian",6,L12: Semi-routine occupations,333
E05013531,Northolt Mandeville,5,"Asian, Asian British or Asian Welsh: Other Asian",7,L13: Routine occupations,242
E05013531,Northolt Mandeville,5,"Asian, Asian British or Asian Welsh: Other Asian",8,L14.1 and L14.2: Never worked and long-term unemployed,278
E05013531,Northolt Mandeville,5,"Asian, Asian British or Asian Welsh: Other Asian",9,L15: Full-time students,240
E05013531,Northolt Mandeville,6,"Black, Black British, Black Welsh, Caribbean or African: African",-8,Does not apply,401
E05013531,Northolt Mandeville,6,"Black, Black British, Black Welsh, Caribbean or African: African",1,"L1, L2 and L3: Higher managerial, administrative and professional occupations",94
E05013531,Northolt Mandeville,6,"Black, Black British, Black Welsh, Caribbean or African: African",2,"L4, L5 and L6: Lower managerial, administrative and professional occupations",156
E05013531,Northolt Mandeville,6,"Black, Black British, Black Welsh, Caribbean or African: African",3,L7: Intermediate occupations,90
E05013531,Northolt Mandeville,6,"Black, Black British, Black Welsh, Caribbean or African: African",4,L8 and L9: Small employers and own account workers,82
E05013531,Northolt Mandeville,6,"Black, Black British, Black Welsh, Caribbean or African: African",5,L10 and L11: Lower supervisory and technical occupations,36
E05013531,Northolt Mandeville,6,"Black, Black British, Black Welsh, Caribbean or African: African",6,L12: Semi-routine occupations,109
E05013531,Northolt Mandeville,6,"Black, Black British, Black Welsh, Caribbean or African: African",7,L13: Routine occupations,87
E05013531,Northolt Mandeville,6,"Black, Black British, Black Welsh, Caribbean or African: African",8,L14.1 and L14.2: Never worked and long-term unemployed,157
E05013531,Northolt Mandeville,6,"Black, Black British, Black Welsh, Caribbean or African: African",9,L15: Full-time students,143
E05013531,Northolt Mandeville,7,"Black, Black British, Black Welsh, Caribbean or African: Caribbean",-8,Does not apply,189
E05013531,Northolt Mandeville,7,"Black, Black British, Black Welsh, Caribbean or African: Caribbean",1,"L1, L2 and L3: Higher managerial, administrative and professional occupations",73
E05013531,Northolt Mandeville,7,"Black, Black British, Black Welsh, Caribbean or African: Caribbean",2,"L4, L5 and L6: Lower managerial, administrative and professional occupations",183
E05013531,Northolt Mandeville,7,"Black, Black British, Black Welsh, Caribbean or African: Caribbean",3,L7: Intermediate occupations,142
E05013531,Northolt Mandeville,7,"Black, Black British, Black Welsh, Caribbean or African: Caribbean",4,L8 and L9: Small employers and own account workers,51
E05013531,Northolt Mandeville,7,"Black, Black British, Black Welsh, Caribbean or African: Caribbean",5,L10 and L11: Lower supervisory and technical occupations,43
E05013531,Northolt Mandeville,7,"Black, Black British, Black Welsh, Caribbean or African: Caribbean",6,L12: Semi-routine occupations,119
E05013531,Northolt Mandeville,7,"Black, Black British, Black Welsh, Caribbean or African: Caribbean",7,L13: Routine occupations,97
E05013531,Northolt Mandeville,7,"Black, Black British, Black Welsh, Caribbean or African: Caribbean",8,L14.1 and L14.2: Never worked and long-term unemployed,87
E05013531,Northolt Mandeville,7,"Black, Black British, Black Welsh, Caribbean or African: Caribbean",9,L15: Full-time students,65
E05013531,Northolt Mandeville,8,"Black, Black British, Black Welsh, Caribbean or African: Other Black",-8,Does not apply,101
E05013531,Northolt Mandeville,8,"Black, Black British, Black Welsh, Caribbean or African: Other Black",1,"L1, L2 and L3: Higher managerial, administrative and professional occupations",16
E05013531,Northolt Mandeville,8,"Black, Black British, Black Welsh, Caribbean or African: Other Black",2,"L4, L5 and L6: Lower managerial, administrative and professional occupations",30
E05013531,Northolt Mandeville,8,"Black, Black British, Black Welsh, Caribbean or African: Other Black",3,L7: Intermediate occupations,17
E05013531,Northolt Mandeville,8,"Black, Black British, Black Welsh, Caribbean or African: Other Black",4,L8 and L9: Small employers and own account workers,10
E05013531,Northolt Mandeville,8,"Black, Black British, Black Welsh, Caribbean or African: Other Black",5,L10 and L11: Lower supervisory and technical occupations,4
E05013531,Northolt Mandeville,8,"Black, Black British, Black Welsh, Caribbean or African: Other Black",6,L12: Semi-routine occupations,16
E05013531,Northolt Mandeville,8,"Black, Black British, Black Welsh, Caribbean or African: Other Black",7,L13: Routine occupations,18
E05013531,Northolt Mandeville,8,"Black, Black British, Black Welsh, Caribbean or African: Other Black",8,L14.1 and L14.2: Never worked and long-term unemployed,24
E05013531,Northolt Mandeville,8,"Black, Black British, Black Welsh, Caribbean or African: Other Black",9,L15: Full-time students,33
E05013531,Northolt Mandeville,9,Mixed or Multiple ethnic groups: White and Asian,-8,Does not apply,98
E05013531,Northolt Mandeville,9,Mixed or Multiple ethnic groups: White and Asian,1,"L1, L2 and L3: Higher managerial, administrative and professional occupations",8
E05013531,Northolt Mandeville,9,Mixed or Multiple ethnic groups: White and Asian,2,"L4, L5 and L6: Lower managerial, administrative and professional occupations",23
E05013531,Northolt Mandeville,9,Mixed or Multiple ethnic groups: White and Asian,3,L7: Intermediate occupations,7
E05013531,Northolt Mandeville,9,Mixed or Multiple ethnic groups: White and Asian,4,L8 and L9: Small employers and own account workers,7
E05013531,Northolt Mandeville,9,Mixed or Multiple ethnic groups: White and Asian,5,L10 and L11: Lower supervisory and technical occupations,3
E05013531,Northolt Mandeville,9,Mixed or Multiple ethnic groups: White and Asian,6,L12: Semi-routine occupations,10
E05013531,Northolt Mandeville,9,Mixed or Multiple ethnic groups: White and Asian,7,L13: Routine occupations,5
E05013531,Northolt Mandeville,9,Mixed or Multiple ethnic groups: White and Asian,8,L14.1 and L14.2: Never worked and long-term unemployed,15
E05013531,Northolt Mandeville,9,Mixed or Multiple ethnic groups: White and Asian,9,L15: Full-time students,12
E05013531,Northolt Mandeville,10,Mixed or Multiple ethnic groups: White and Black African,-8,Does not apply,49
E05013531,Northolt Mandeville,10,Mixed or Multiple ethnic groups: White and Black African,1,"L1, L2 and L3: Higher managerial, administrative and professional occupations",2
E05013531,Northolt Mandeville,10,Mixed or Multiple ethnic groups: White and Black African,2,"L4, L5 and L6: Lower managerial, administrative and professional occupations",9
E05013531,Northolt Mandeville,10,Mixed or Multiple ethnic groups: White and Black African,3,L7: Intermediate occupations,9
E05013531,Northolt Mandeville,10,Mixed or Multiple ethnic groups: White and Black African,4,L8 and L9: Small employers and own account workers,2
E05013531,Northolt Mandeville,10,Mixed or Multiple ethnic groups: White and Black African,5,L10 and L11: Lower supervisory and technical occupations,2
E05013531,Northolt Mandeville,10,Mixed or Multiple ethnic groups: White and Black African,6,L12: Semi-routine occupations,5
E05013531,Northolt Mandeville,10,Mixed or Multiple ethnic groups: White and Black African,7,L13: Routine occupations,12
E05013531,Northolt Mandeville,10,Mixed or Multiple ethnic groups: White and Black African,8,L14.1 and L14.2: Never worked and long-term unemployed,11
E05013531,Northolt Mandeville,10,Mixed or Multiple ethnic groups: White and Black African,9,L15: Full-time students,17
E05013531,Northolt Mandeville,11,Mixed or Multiple ethnic groups: White and Black Caribbean,-8,Does not apply,147
E05013531,Northolt Mandeville,11,Mixed or Multiple ethnic groups: White and Black Caribbean,1,"L1, L2 and L3: Higher managerial, administrative and professional occupations",16
E05013531,Northolt Mandeville,11,Mixed or Multiple ethnic groups: White and Black Caribbean,2,"L4, L5 and L6: Lower managerial, administrative and professional occupations",20
E05013531,Northolt Mandeville,11,Mixed or Multiple ethnic groups: White and Black Caribbean,3,L7: Intermediate occupations,25
E05013531,Northolt Mandeville,11,Mixed or Multiple ethnic groups: White and Black Caribbean,4,L8 and L9: Small employers and own account workers,9
E05013531,Northolt Mandeville,11,Mixed or Multiple ethnic groups: White and Black Caribbean,5,L10 and L11: Lower supervisory and technical occupations,7
E05013531,Northolt Mandeville,11,Mixed or Multiple ethnic groups: White and Black Caribbean,6,L12: Semi-routine occupations,23
E05013531,Northolt Mandeville,11,Mixed or Multiple ethnic groups: White and Black Caribbean,7,L13: Routine occupations,21
E05013531,Northolt Mandeville,11,Mixed or Multiple ethnic groups: White and Black Caribbean,8,L14.1 and L14.2: Never worked and long-term unemployed,28
E05013531,Northolt Mandeville,11,Mixed or Multiple ethnic groups: White and Black Caribbean,9,L15: Full-time students,24
E05013531,Northolt Mandeville,12,Mixed or Multiple ethnic groups: Other Mixed or Multiple ethnic groups,-8,Does not apply,111
E05013531,Northolt Mandeville,12,Mixed or Multiple ethnic groups: Other Mixed or Multiple ethnic groups,1,"L1, L2 and L3: Higher managerial, administrative and professional occupations",17
E05013531,Northolt Mandeville,12,Mixed or Multiple ethnic groups: Other Mixed or Multiple ethnic groups,2,"L4, L5 and L6: Lower managerial, administrative and professional occupations",26
E05013531,Northolt Mandeville,12,Mixed or Multiple ethnic groups: Other Mixed or Multiple ethnic groups,3,L7: Intermediate occupations,12
E05013531,Northolt Mandeville,12,Mixed or Multiple ethnic groups: Other Mixed or Multiple ethnic groups,4,L8 and L9: Small employers and own account workers,12
E05013531,Northolt Mandeville,12,Mixed or Multiple ethnic groups: Other Mixed or Multiple ethnic groups,5,L10 and L11: Lower supervisory and technical occupations,7
E05013531,Northolt Mandeville,12,Mixed or Multiple ethnic groups: Other Mixed or Multiple ethnic groups,6,L12: Semi-routine occupations,10
E05013531,Northolt Mandeville,12,Mixed or Multiple ethnic groups: Other Mixed or Multiple ethnic groups,7,L13: Routine occupations,13
E05013531,Northolt Mandeville,12,Mixed or Multiple ethnic groups: Other Mixed or Multiple ethnic groups,8,L14.1 and L14.2: Never worked and long-term unemployed,16
E05013531,Northolt Mandeville,12,Mixed or Multiple ethnic groups: Other Mixed or Multiple ethnic groups,9,L15: Full-time students,22
E05013531,Northolt Mandeville,13,"White: English, Welsh, Scottish, Northern Irish or British",-8,Does not apply,672
E05013531,Northolt Mandeville,13,"White: English, Welsh, Scottish, Northern Irish or British",1,"L1, L2 and L3: Higher managerial, administrative and professional occupations",301
E05013531,Northolt Mandeville,13,"White: English, Welsh, Scottish, Northern Irish or British",2,"L4, L5 and L6: Lower managerial, administrative and professional occupations",550
E05013531,Northolt Mandeville,13,"White: English, Welsh, Scottish, Northern Irish or British",3,L7: Intermediate occupations,407
E05013531,Northolt Mandeville,13,"White: English, Welsh, Scottish, Northern Irish or British",4,L8 and L9: Small employers and own account workers,373
E05013531,Northolt Mandeville,13,"White: English, Welsh, Scottish, Northern Irish or British",5,L10 and L11: Lower supervisory and technical occupations,193
E05013531,Northolt Mandeville,13,"White: English, Welsh, Scottish, Northern Irish or British",6,L12: Semi-routine occupations,383
E05013531,Northolt Mandeville,13,"White: English, Welsh, Scottish, Northern Irish or British",7,L13: Routine occupations,473
E05013531,Northolt Mandeville,13,"White: English, Welsh, Scottish, Northern Irish or British",8,L14.1 and L14.2: Never worked and long-term unemployed,423
E05013531,Northolt Mandeville,13,"White: English, Welsh, Scottish, Northern Irish or British",9,L15: Full-time students,169
E05013531,Northolt Mandeville,14,White: Irish,-8,Does not apply,14
E05013531,Northolt Mandeville,14,White: Irish,1,"L1, L2 and L3: Higher managerial, administrative and professional occupations",31
E05013531,Northolt Mandeville,14,White: Irish,2,"L4, L5 and L6: Lower managerial, administrative and professional occupations",47
E05013531,Northolt Mandeville,14,White: Irish,3,L7: Intermediate occupations,30
E05013531,Northolt Mandeville,14,White: Irish,4,L8 and L9: Small employers and own account workers,51
E05013531,Northolt Mandeville,14,White: Irish,5,L10 and L11: Lower supervisory and technical occupations,15
E05013531,Northolt Mandeville,14,White: Irish,6,L12: Semi-routine occupations,39
E05013531,Northolt Mandeville,14,White: Irish,7,L13: Routine occupations,41
E05013531,Northolt Mandeville,14,White: Irish,8,L14.1 and L14.2: Never worked and long-term unemployed,27
E05013531,Northolt Mandeville,14,White: Irish,9,L15: Full-time students,5
E05013531,Northolt Mandeville,15,White: Gypsy or Irish Traveller,-8,Does not apply,8
E05013531,Northolt Mandeville,15,White: Gypsy or Irish Traveller,1,"L1, L2 and L3: Higher managerial, administrative and professional occupations",0
E05013531,Northolt Mandeville,15,White: Gypsy or Irish Traveller,2,"L4, L5 and L6: Lower managerial, administrative and professional occupations",0
E05013531,Northolt Mandeville,15,White: Gypsy or Irish Traveller,3,L7: Intermediate occupations,0
E05013531,Northolt Mandeville,15,White: Gypsy or Irish Traveller,4,L8 and L9: Small employers and own account workers,0
E05013531,Northolt Mandeville,15,White: Gypsy or Irish Traveller,5,L10 and L11: Lower supervisory and technical occupations,0
E05013531,Northolt Mandeville,15,White: Gypsy or Irish Traveller,6,L12: Semi-routine occupations,0
E05013531,Northolt Mandeville,15,White: Gypsy or Irish Traveller,7,L13: Routine occupations,0
E05013531,Northolt Mandeville,15,White: Gypsy or Irish Traveller,8,L14.1 and L14.2: Never worked and long-term unemployed,10
E05013531,Northolt Mandeville,15,White: Gypsy or Irish Traveller,9,L15: Full-time students,0
E05013531,Northolt Mandeville,16,White: Roma,-8,Does not apply,10
E05013531,Northolt Mandeville,16,White: Roma,1,"L1, L2 and L3: Higher managerial, administrative and professional occupations",3
E05013531,Northolt Mandeville,16,White: Roma,2,"L4, L5 and L6: Lower managerial, administrative and professional occupations",0
E05013531,Northolt Mandeville,16,White: Roma,3,L7: Intermediate occupations,3
E05013531,Northolt Mandeville,16,White: Roma,4,L8 and L9: Small employers and own account workers,17
E05013531,Northolt Mandeville,16,White: Roma,5,L10 and L11: Lower supervisory and technical occupations,3
E05013531,Northolt Mandeville,16,White: Roma,6,L12: Semi-routine occupations,4
E05013531,Northolt Mandeville,16,White: Roma,7,L13: Routine occupations,5
E05013531,Northolt Mandeville,16,White: Roma,8,L14.1 and L14.2: Never worked and long-term unemployed,6
E05013531,Northolt Mandeville,16,White: Roma,9,L15: Full-time students,3
E05013531,Northolt Mandeville,17,White: Other White,-8,Does not apply,499
E05013531,Northolt Mandeville,17,White: Other White,1,"L1, L2 and L3: Higher managerial, administrative and professional occupations",155
E05013531,Northolt Mandeville,17,White: Other White,2,"L4, L5 and L6: Lower managerial, administrative and professional occupations",305
E05013531,Northolt Mandeville,17,White: Other White,3,L7: Intermediate occupations,153
E05013531,Northolt Mandeville,17,White: Other White,4,L8 and L9: Small employers and own account workers,724
E05013531,Northolt Mandeville,17,White: Other White,5,L10 and L11: Lower supervisory and technical occupations,113
E05013531,Northolt Mandeville,17,White: Other White,6,L12: Semi-routine occupations,160
E05013531,Northolt Mandeville,17,White: Other White,7,L13: Routine occupations,319
E05013531,Northolt Mandeville,17,White: Other White,8,L14.1 and L14.2: Never worked and long-term unemployed,141
E05013531,Northolt Mandeville,17,White: Other White,9,L15: Full-time students,241
E05013531,Northolt Mandeville,18,Other ethnic group: Arab,-8,Does not apply,183
E05013531,Northolt Mandeville,18,Other ethnic group: Arab,1,"L1, L2 and L3: Higher managerial, administrative and professional occupations",54
E05013531,Northolt Mandeville,18,Other ethnic group: Arab,2,"L4, L5 and L6: Lower managerial, administrative and professional occupations",80
E05013531,Northolt Mandeville,18,Other ethnic group: Arab,3,L7: Intermediate occupations,33
E05013531,Northolt Mandeville,18,Other ethnic group: Arab,4,L8 and L9: Small employers and own account workers,51
E05013531,Northolt Mandeville,18,Other ethnic group: Arab,5,L10 and L11: Lower supervisory and technical occupations,9
E05013531,Northolt Mandeville,18,Other ethnic group: Arab,6,L12: Semi-routine occupations,28
E05013531,Northolt Mandeville,18,Other ethnic group: Arab,7,L13: Routine occupations,35
E05013531,Northolt Mandeville,18,Other ethnic group: Arab,8,L14.1 and L14.2: Never worked and long-term unemployed,126
E05013531,Northolt Mandeville,18,Other ethnic group: Arab,9,L15: Full-time students,121
E05013531,Northolt Mandeville,19,Other ethnic group: Any other ethnic group,-8,Does not apply,234
E05013531,Northolt Mandeville,19,Other ethnic group: Any other ethnic group,1,"L1, L2 and L3: Higher managerial, administrative and professional occupations",79
E05013531,Northolt Mandeville,19,Other ethnic group: Any other ethnic group,2,"L4, L5 and L6: Lower managerial, administrative and professional occupations",124
E05013531,Northolt Mandeville,19,Other ethnic group: Any other ethnic group,3,L7: Intermediate occupations,77
E05013531,Northolt Mandeville,19,Other ethnic group: Any other ethnic group,4,L8 and L9: Small employers and own account workers,86
E05013531,Northolt Mandeville,19,Other ethnic group: Any other ethnic group,5,L10 and L11: Lower supervisory and technical occupations,40
E05013531,Northolt Mandeville,19,Other ethnic group: Any other ethnic group,6,L12: Semi-routine occupations,128
E05013531,Northolt Mandeville,19,Other ethnic group: Any other ethnic group,7,L13: Routine occupations,89
E05013531,Northolt Mandeville,19,Other ethnic group: Any other ethnic group,8,L14.1 and L14.2: Never worked and long-term unemployed,170
E05013531,Northolt Mandeville,19,Other ethnic group: Any other ethnic group,9,L15: Full-time students,84
E05013532,Northolt West End,-8,Does not apply,-8,Does not apply,0
E05013532,Northolt West End,-8,Does not apply,1,"L1, L2 and L3: Higher managerial, administrative and professional occupations",0
E05013532,Northolt West End,-8,Does not apply,2,"L4, L5 and L6: Lower managerial, administrative and professional occupations",0
E05013532,Northolt West End,-8,Does not apply,3,L7: Intermediate occupations,0
E05013532,Northolt West End,-8,Does not apply,4,L8 and L9: Small employers and own account workers,0
E05013532,Northolt West End,-8,Does not apply,5,L10 and L11: Lower supervisory and technical occupations,0
E05013532,Northolt West End,-8,Does not apply,6,L12: Semi-routine occupations,0
E05013532,Northolt West End,-8,Does not apply,7,L13: Routine occupations,0
E05013532,Northolt West End,-8,Does not apply,8,L14.1 and L14.2: Never worked and long-term unemployed,0
E05013532,Northolt West End,-8,Does not apply,9,L15: Full-time students,0
E05013532,Northolt West End,1,"Asian, Asian British or Asian Welsh: Bangladeshi",-8,Does not apply,35
E05013532,Northolt West End,1,"Asian, Asian British or Asian Welsh: Bangladeshi",1,"L1, L2 and L3: Higher managerial, administrative and professional occupations",6
E05013532,Northolt West End,1,"Asian, Asian British or Asian Welsh: Bangladeshi",2,"L4, L5 and L6: Lower managerial, administrative and professional occupations",15
E05013532,Northolt West End,1,"Asian, Asian British or Asian Welsh: Bangladeshi",3,L7: Intermediate occupations,6
E05013532,Northolt West End,1,"Asian, Asian British or Asian Welsh: Bangladeshi",4,L8 and L9: Small employers and own account workers,14
E05013532,Northolt West End,1,"Asian, Asian British or Asian Welsh: Bangladeshi",5,L10 and L11: Lower supervisory and technical occupations,4
E05013532,Northolt West End,1,"Asian, Asian British or Asian Welsh: Bangladeshi",6,L12: Semi-routine occupations,3
E05013532,Northolt West End,1,"Asian, Asian British or Asian Welsh: Bangladeshi",7,L13: Routine occupations,14
E05013532,Northolt West End,1,"Asian, Asian British or Asian Welsh: Bangladeshi",8,L14.1 and L14.2: Never worked and long-term unemployed,18
E05013532,Northolt West End,1,"Asian, Asian British or Asian Welsh: Bangladeshi",9,L15: Full-time students,14
E05013532,Northolt West End,2,"Asian, Asian British or Asian Welsh: Chinese",-8,Does not apply,11
E05013532,Northolt West End,2,"Asian, Asian British or Asian Welsh: Chinese",1,"L1, L2 and L3: Higher managerial, administrative and professional occupations",16
E05013532,Northolt West End,2,"Asian, Asian British or Asian Welsh: Chinese",2,"L4, L5 and L6: Lower managerial, administrative and professional occupations",17
E05013532,Northolt West End,2,"Asian, Asian British or Asian Welsh: Chinese",3,L7: Intermediate occupations,13
E05013532,Northolt West End,2,"Asian, Asian British or Asian Welsh: Chinese",4,L8 and L9: Small employers and own account workers,10
E05013532,Northolt West End,2,"Asian, Asian British or Asian Welsh: Chinese",5,L10 and L11: Lower supervisory and technical occupations,6
E05013532,Northolt West End,2,"Asian, Asian British or Asian Welsh: Chinese",6,L12: Semi-routine occupations,8
E05013532,Northolt West End,2,"Asian, Asian British or Asian Welsh: Chinese",7,L13: Routine occupations,5
E05013532,Northolt West End,2,"Asian, Asian British or Asian Welsh: Chinese",8,L14.1 and L14.2: Never worked and long-term unemployed,7
E05013532,Northolt West End,2,"Asian, Asian British or Asian Welsh: Chinese",9,L15: Full-time students,1
E05013532,Northolt West End,3,"Asian, Asian British or Asian Welsh: Indian",-8,Does not apply,281
E05013532,Northolt West End,3,"Asian, Asian British or Asian Welsh: Indian",1,"L1, L2 and L3: Higher managerial, administrative and professional occupations",152
E05013532,Northolt West End,3,"Asian, Asian British or Asian Welsh: Indian",2,"L4, L5 and L6: Lower managerial, administrative and professional occupations",213
E05013532,Northolt West End,3,"Asian, Asian British or Asian Welsh: Indian",3,L7: Intermediate occupations,145
E05013532,Northolt West End,3,"Asian, Asian British or Asian Welsh: Indian",4,L8 and L9: Small employers and own account workers,100
E05013532,Northolt West End,3,"Asian, Asian British or Asian Welsh: Indian",5,L10 and L11: Lower supervisory and technical occupations,58
E05013532,Northolt West End,3,"Asian, Asian British or Asian Welsh: Indian",6,L12: Semi-routine occupations,134
E05013532,Northolt West End,3,"Asian, Asian British or Asian Welsh: Indian",7,L13: Routine occupations,142
E05013532,Northolt West End,3,"Asian, Asian British or Asian Welsh: Indian",8,L14.1 and L14.2: Never worked and long-term unemployed,164
E05013532,Northolt West End,3,"Asian, Asian British or Asian Welsh: Indian",9,L15: Full-time students,96
E05013532,Northolt West End,4,"Asian, Asian British or Asian Welsh: Pakistani",-8,Does not apply,230
E05013532,Northolt West End,4,"Asian, Asian British or Asian Welsh: Pakistani",1,"L1, L2 and L3: Higher managerial, administrative and professional occupations",41
E05013532,Northolt West End,4,"Asian, Asian British or Asian Welsh: Pakistani",2,"L4, L5 and L6: Lower managerial, administrative and professional occupations",75
E05013532,Northolt West End,4,"Asian, Asian British or Asian Welsh: Pakistani",3,L7: Intermediate occupations,54
E05013532,Northolt West End,4,"Asian, Asian British or Asian Welsh: Pakistani",4,L8 and L9: Small employers and own account workers,63
E05013532,Northolt West End,4,"Asian, Asian British or Asian Welsh: Pakistani",5,L10 and L11: Lower supervisory and technical occupations,15
E05013532,Northolt West End,4,"Asian, Asian British or Asian Welsh: Pakistani",6,L12: Semi-routine occupations,65
E05013532,Northolt West End,4,"Asian, Asian British or Asian Welsh: Pakistani",7,L13: Routine occupations,55
E05013532,Northolt West End,4,"Asian, Asian British or Asian Welsh: Pakistani",8,L14.1 and L14.2: Never worked and long-term unemployed,127
E05013532,Northolt West End,4,"Asian, Asian British or Asian Welsh: Pakistani",9,L15: Full-time students,84
E05013532,Northolt West End,5,"Asian, Asian British or Asian Welsh: Other Asian",-8,Does not apply,550
E05013532,Northolt West End,5,"Asian, Asian British or Asian Welsh: Other Asian",1,"L1, L2 and L3: Higher managerial, administrative and professional occupations",91
E05013532,Northolt West End,5,"Asian, Asian British or Asian Welsh: Other Asian",2,"L4, L5 and L6: Lower managerial, administrative and professional occupations",175
E05013532,Northolt West End,5,"Asian, Asian British or Asian Welsh: Other Asian",3,L7: Intermediate occupations,109
E05013532,Northolt West End,5,"Asian, Asian British or Asian Welsh: Other Asian",4,L8 and L9: Small employers and own account workers,165
E05013532,Northolt West End,5,"Asian, Asian British or Asian Welsh: Other Asian",5,L10 and L11: Lower supervisory and technical occupations,52
E05013532,Northolt West End,5,"Asian, Asian British or Asian Welsh: Other Asian",6,L12: Semi-routine occupations,225
E05013532,Northolt West End,5,"Asian, Asian British or Asian Welsh: Other Asian",7,L13: Routine occupations,183
E05013532,Northolt West End,5,"Asian, Asian British or Asian Welsh: Other Asian",8,L14.1 and L14.2: Never worked and long-term unemployed,294
E05013532,Northolt West End,5,"Asian, Asian British or Asian Welsh: Other Asian",9,L15: Full-time students,151
E05013532,Northolt West End,6,"Black, Black British, Black Welsh, Caribbean or African: African",-8,Does not apply,552
E05013532,Northolt West End,6,"Black, Black British, Black Welsh, Caribbean or African: African",1,"L1, L2 and L3: Higher managerial, administrative and professional occupations",84
E05013532,Northolt West End,6,"Black, Black British, Black Welsh, Caribbean or African: African",2,"L4, L5 and L6: Lower managerial, administrative and professional occupations",198
E05013532,Northolt West End,6,"Black, Black British, Black Welsh, Caribbean or African: African",3,L7: Intermediate occupations,119
E05013532,Northolt West End,6,"Black, Black British, Black Welsh, Caribbean or African: African",4,L8 and L9: Small employers and own account workers,117
E05013532,Northolt West End,6,"Black, Black British, Black Welsh, Caribbean or African: African",5,L10 and L11: Lower supervisory and technical occupations,32
E05013532,Northolt West End,6,"Black, Black British, Black Welsh, Caribbean or African: African",6,L12: Semi-routine occupations,182
E05013532,Northolt West End,6,"Black, Black British, Black Welsh, Caribbean or African: African",7,L13: Routine occupations,143
E05013532,Northolt West End,6,"Black, Black British, Black Welsh, Caribbean or African: African",8,L14.1 and L14.2: Never worked and long-term unemployed,246
E05013532,Northolt West End,6,"Black, Black British, Black Welsh, Caribbean or African: African",9,L15: Full-time students,244
E05013532,Northolt West End,7,"Black, Black British, Black Welsh, Caribbean or African: Caribbean",-8,Does not apply,171
E05013532,Northolt West End,7,"Black, Black British, Black Welsh, Caribbean or African: Caribbean",1,"L1, L2 and L3: Higher managerial, administrative and professional occupations",46
E05013532,Northolt West End,7,"Black, Black British, Black Welsh, Caribbean or African: Caribbean",2,"L4, L5 and L6: Lower managerial, administrative and professional occupations",159
E05013532,Northolt West End,7,"Black, Black British, Black Welsh, Caribbean or African: Caribbean",3,L7: Intermediate occupations,143
E05013532,Northolt West End,7,"Black, Black British, Black Welsh, Caribbean or African: Caribbean",4,L8 and L9: Small employers and own account workers,51
E05013532,Northolt West End,7,"Black, Black British, Black Welsh, Caribbean or African: Caribbean",5,L10 and L11: Lower supervisory and technical occupations,44
E05013532,Northolt West End,7,"Black, Black British, Black Welsh, Caribbean or African: Caribbean",6,L12: Semi-routine occupations,100
E05013532,Northolt West End,7,"Black, Black British, Black Welsh, Caribbean or African: Caribbean",7,L13: Routine occupations,99
E05013532,Northolt West End,7,"Black, Black British, Black Welsh, Caribbean or African: Caribbean",8,L14.1 and L14.2: Never worked and long-term unemployed,81
E05013532,Northolt West End,7,"Black, Black British, Black Welsh, Caribbean or African: Caribbean",9,L15: Full-time students,61
E05013532,Northolt West End,8,"Black, Black British, Black Welsh, Caribbean or African: Other Black",-8,Does not apply,158
E05013532,Northolt West End,8,"Black, Black British, Black Welsh, Caribbean or African: Other Black",1,"L1, L2 and L3: Higher managerial, administrative and professional occupations",13
E05013532,Northolt West End,8,"Black, Black British, Black Welsh, Caribbean or African: Other Black",2,"L4, L5 and L6: Lower managerial, administrative and professional occupations",22
E05013532,Northolt West End,8,"Black, Black British, Black Welsh, Caribbean or African: Other Black",3,L7: Intermediate occupations,26
E05013532,Northolt West End,8,"Black, Black British, Black Welsh, Caribbean or African: Other Black",4,L8 and L9: Small employers and own account workers,9
E05013532,Northolt West End,8,"Black, Black British, Black Welsh, Caribbean or African: Other Black",5,L10 and L11: Lower supervisory and technical occupations,12
E05013532,Northolt West End,8,"Black, Black British, Black Welsh, Caribbean or African: Other Black",6,L12: Semi-routine occupations,18
E05013532,Northolt West End,8,"Black, Black British, Black Welsh, Caribbean or African: Other Black",7,L13: Routine occupations,18
E05013532,Northolt West End,8,"Black, Black British, Black Welsh, Caribbean or African: Other Black",8,L14.1 and L14.2: Never worked and long-term unemployed,17
E05013532,Northolt West End,8,"Black, Black British, Black Welsh, Caribbean or African: Other Black",9,L15: Full-time students,36
E05013532,Northolt West End,9,Mixed or Multiple ethnic groups: White and Asian,-8,Does not apply,72
E05013532,Northolt West End,9,Mixed or Multiple ethnic groups: White and Asian,1,"L1, L2 and L3: Higher managerial, administrative and professional occupations",11
E05013532,Northolt West End,9,Mixed or Multiple ethnic groups: White and Asian,2,"L4, L5 and L6: Lower managerial, administrative and professional occupations",15
E05013532,Northolt West End,9,Mixed or Multiple ethnic groups: White and Asian,3,L7: Intermediate occupations,4
E05013532,Northolt West End,9,Mixed or Multiple ethnic groups: White and Asian,4,L8 and L9: Small employers and own account workers,5
E05013532,Northolt West End,9,Mixed or Multiple ethnic groups: White and Asian,5,L10 and L11: Lower supervisory and technical occupations,6
E05013532,Northolt West End,9,Mixed or Multiple ethnic groups: White and Asian,6,L12: Semi-routine occupations,6
E05013532,Northolt West End,9,Mixed or Multiple ethnic groups: White and Asian,7,L13: Routine occupations,8
E05013532,Northolt West End,9,Mixed or Multiple ethnic groups: White and Asian,8,L14.1 and L14.2: Never worked and long-term unemployed,16
E05013532,Northolt West End,9,Mixed or Multiple ethnic groups: White and Asian,9,L15: Full-time students,15
E05013532,Northolt West End,10,Mixed or Multiple ethnic groups: White and Black African,-8,Does not apply,53
E05013532,Northolt West End,10,Mixed or Multiple ethnic groups: White and Black African,1,"L1, L2 and L3: Higher managerial, administrative and professional occupations",1
E05013532,Northolt West End,10,Mixed or Multiple ethnic groups: White and Black African,2,"L4, L5 and L6: Lower managerial, administrative and professional occupations",7
E05013532,Northolt West End,10,Mixed or Multiple ethnic groups: White and Black African,3,L7: Intermediate occupations,13
E05013532,Northolt West End,10,Mixed or Multiple ethnic groups: White and Black African,4,L8 and L9: Small employers and own account workers,9
E05013532,Northolt West End,10,Mixed or Multiple ethnic groups: White and Black African,5,L10 and L11: Lower supervisory and technical occupations,4
E05013532,Northolt West End,10,Mixed or Multiple ethnic groups: White and Black African,6,L12: Semi-routine occupations,7
E05013532,Northolt West End,10,Mixed or Multiple ethnic groups: White and Black African,7,L13: Routine occupations,2
E05013532,Northolt West End,10,Mixed or Multiple ethnic groups: White and Black African,8,L14.1 and L14.2: Never worked and long-term unemployed,10
E05013532,Northolt West End,10,Mixed or Multiple ethnic groups: White and Black African,9,L15: Full-time students,13
E05013532,Northolt West End,11,Mixed or Multiple ethnic groups: White and Black Caribbean,-8,Does not apply,221
E05013532,Northolt West End,11,Mixed or Multiple ethnic groups: White and Black Caribbean,1,"L1, L2 and L3: Higher managerial, administrative and professional occupations",15
E05013532,Northolt West End,11,Mixed or Multiple ethnic groups: White and Black Caribbean,2,"L4, L5 and L6: Lower managerial, administrative and professional occupations",43
E05013532,Northolt West End,11,Mixed or Multiple ethnic groups: White and Black Caribbean,3,L7: Intermediate occupations,17
E05013532,Northolt West End,11,Mixed or Multiple ethnic groups: White and Black Caribbean,4,L8 and L9: Small employers and own account workers,7
E05013532,Northolt West End,11,Mixed or Multiple ethnic groups: White and Black Caribbean,5,L10 and L11: Lower supervisory and technical occupations,5
E05013532,Northolt West End,11,Mixed or Multiple ethnic groups: White and Black Caribbean,6,L12: Semi-routine occupations,37
E05013532,Northolt West End,11,Mixed or Multiple ethnic groups: White and Black Caribbean,7,L13: Routine occupations,20
E05013532,Northolt West End,11,Mixed or Multiple ethnic groups: White and Black Caribbean,8,L14.1 and L14.2: Never worked and long-term unemployed,17
E05013532,Northolt West End,11,Mixed or Multiple ethnic groups: White and Black Caribbean,9,L15: Full-time students,24
E05013532,Northolt West End,12,Mixed or Multiple ethnic groups: Other Mixed or Multiple ethnic groups,-8,Does not apply,150
E05013532,Northolt West End,12,Mixed or Multiple ethnic groups: Other Mixed or Multiple ethnic groups,1,"L1, L2 and L3: Higher managerial, administrative and professional occupations",11
E05013532,Northolt West End,12,Mixed or Multiple ethnic groups: Other Mixed or Multiple ethnic groups,2,"L4, L5 and L6: Lower managerial, administrative and professional occupations",26
E05013532,Northolt West End,12,Mixed or Multiple ethnic groups: Other Mixed or Multiple ethnic groups,3,L7: Intermediate occupations,15
E05013532,Northolt West End,12,Mixed or Multiple ethnic groups: Other Mixed or Multiple ethnic groups,4,L8 and L9: Small employers and own account workers,9
E05013532,Northolt West End,12,Mixed or Multiple ethnic groups: Other Mixed or Multiple ethnic groups,5,L10 and L11: Lower supervisory and technical occupations,7
E05013532,Northolt West End,12,Mixed or Multiple ethnic groups: Other Mixed or Multiple ethnic groups,6,L12: Semi-routine occupations,15
E05013532,Northolt West End,12,Mixed or Multiple ethnic groups: Other Mixed or Multiple ethnic groups,7,L13: Routine occupations,9
E05013532,Northolt West End,12,Mixed or Multiple ethnic groups: Other Mixed or Multiple ethnic groups,8,L14.1 and L14.2: Never worked and long-term unemployed,20
E05013532,Northolt West End,12,Mixed or Multiple ethnic groups: Other Mixed or Multiple ethnic groups,9,L15: Full-time students,26
E05013532,Northolt West End,13,"White: English, Welsh, Scottish, Northern Irish or British",-8,Does not apply,728
E05013532,Northolt West End,13,"White: English, Welsh, Scottish, Northern Irish or British",1,"L1, L2 and L3: Higher managerial, administrative and professional occupations",183
E05013532,Northolt West End,13,"White: English, Welsh, Scottish, Northern Irish or British",2,"L4, L5 and L6: Lower managerial, administrative and professional occupations",480
E05013532,Northolt West End,13,"White: English, Welsh, Scottish, Northern Irish or British",3,L7: Intermediate occupations,403
E05013532,Northolt West End,13,"White: English, Welsh, Scottish, Northern Irish or British",4,L8 and L9: Small employers and own account workers,329
E05013532,Northolt West End,13,"White: English, Welsh, Scottish, Northern Irish or British",5,L10 and L11: Lower supervisory and technical occupations,233
E05013532,Northolt West End,13,"White: English, Welsh, Scottish, Northern Irish or British",6,L12: Semi-routine occupations,373
E05013532,Northolt West End,13,"White: English, Welsh, Scottish, Northern Irish or British",7,L13: Routine occupations,473
E05013532,Northolt West End,13,"White: English, Welsh, Scottish, Northern Irish or British",8,L14.1 and L14.2: Never worked and long-term unemployed,402
E05013532,Northolt West End,13,"White: English, Welsh, Scottish, Northern Irish or British",9,L15: Full-time students,147
E05013532,Northolt West End,14,White: Irish,-8,Does not apply,7
E05013532,Northolt West End,14,White: Irish,1,"L1, L2 and L3: Higher managerial, administrative and professional occupations",17
E05013532,Northolt West End,14,White: Irish,2,"L4, L5 and L6: Lower managerial, administrative and professional occupations",42
E05013532,Northolt West End,14,White: Irish,3,L7: Intermediate occupations,26
E05013532,Northolt West End,14,White: Irish,4,L8 and L9: Small employers and own account workers,26
E05013532,Northolt West End,14,White: Irish,5,L10 and L11: Lower supervisory and technical occupations,15
E05013532,Northolt West End,14,White: Irish,6,L12: Semi-routine occupations,22
E05013532,Northolt West End,14,White: Irish,7,L13: Routine occupations,44
E05013532,Northolt West End,14,White: Irish,8,L14.1 and L14.2: Never worked and long-term unemployed,37
E05013532,Northolt West End,14,White: Irish,9,L15: Full-time students,10
E05013532,Northolt West End,15,White: Gypsy or Irish Traveller,-8,Does not apply,7
E05013532,Northolt West End,15,White: Gypsy or Irish Traveller,1,"L1, L2 and L3: Higher managerial, administrative and professional occupations",1
E05013532,Northolt West End,15,White: Gypsy or Irish Traveller,2,"L4, L5 and L6: Lower managerial, administrative and professional occupations",0
E05013532,Northolt West End,15,White: Gypsy or Irish Traveller,3,L7: Intermediate occupations,0
E05013532,Northolt West End,15,White: Gypsy or Irish Traveller,4,L8 and L9: Small employers and own account workers,1
E05013532,Northolt West End,15,White: Gypsy or Irish Traveller,5,L10 and L11: Lower supervisory and technical occupations,1
E05013532,Northolt West End,15,White: Gypsy or Irish Traveller,6,L12: Semi-routine occupations,1
E05013532,Northolt West End,15,White: Gypsy or Irish Traveller,7,L13: Routine occupations,1
E05013532,Northolt West End,15,White: Gypsy or Irish Traveller,8,L14.1 and L14.2: Never worked and long-term unemployed,3
E05013532,Northolt West End,15,White: Gypsy or Irish Traveller,9,L15: Full-time students,2
E05013532,Northolt West End,16,White: Roma,-8,Does not apply,13
E05013532,Northolt West End,16,White: Roma,1,"L1, L2 and L3: Higher managerial, administrative and professional occupations",1
E05013532,Northolt West End,16,White: Roma,2,"L4, L5 and L6: Lower managerial, administrative and professional occupations",1
E05013532,Northolt West End,16,White: Roma,3,L7: Intermediate occupations,0
E05013532,Northolt West End,16,White: Roma,4,L8 and L9: Small employers and own account workers,7
E05013532,Northolt West End,16,White: Roma,5,L10 and L11: Lower supervisory and technical occupations,0
E05013532,Northolt West End,16,White: Roma,6,L12: Semi-routine occupations,1
E05013532,Northolt West End,16,White: Roma,7,L13: Routine occupations,6
E05013532,Northolt West End,16,White: Roma,8,L14.1 and L14.2: Never worked and long-term unemployed,4
E05013532,Northolt West End,16,White: Roma,9,L15: Full-time students,17
E05013532,Northolt West End,17,White: Other White,-8,Does not apply,302
E05013532,Northolt West End,17,White: Other White,1,"L1, L2 and L3: Higher managerial, administrative and professional occupations",85
E05013532,Northolt West End,17,White: Other White,2,"L4, L5 and L6: Lower managerial, administrative and professional occupations",184
E05013532,Northolt West End,17,White: Other White,3,L7: Intermediate occupations,110
E05013532,Northolt West End,17,White: Other White,4,L8 and L9: Small employers and own account workers,417
E05013532,Northolt West End,17,White: Other White,5,L10 and L11: Lower supervisory and technical occupations,90
E05013532,Northolt West End,17,White: Other White,6,L12: Semi-routine occupations,151
E05013532,Northolt West End,17,White: Other White,7,L13: Routine occupations,260
E05013532,Northolt West End,17,White: Other White,8,L14.1 and L14.2: Never worked and long-term unemployed,128
E05013532,Northolt West End,17,White: Other White,9,L15: Full-time students,114
E05013532,Northolt West End,18,Other ethnic group: Arab,-8,Does not apply,227
E05013532,Northolt West End,18,Other ethnic group: Arab,1,"L1, L2 and L3: Higher managerial, administrative and professional occupations",41
E05013532,Northolt West End,18,Other ethnic group: Arab,2,"L4, L5 and L6: Lower managerial, administrative and professional occupations",75
E05013532,Northolt West End,18,Other ethnic group: Arab,3,L7: Intermediate occupations,41
E05013532,Northolt West End,18,Other ethnic group: Arab,4,L8 and L9: Small employers and own account workers,58
E05013532,Northolt West End,18,Other ethnic group: Arab,5,L10 and L11: Lower supervisory and technical occupations,30
E05013532,Northolt West End,18,Other ethnic group: Arab,6,L12: Semi-routine occupations,44
E05013532,Northolt West End,18,Other ethnic group: Arab,7,L13: Routine occupations,48
E05013532,Northolt West End,18,Other ethnic group: Arab,8,L14.1 and L14.2: Never worked and long-term unemployed,125
E05013532,Northolt West End,18,Other ethnic group: Arab,9,L15: Full-time students,108
E05013532,Northolt West End,19,Other ethnic group: Any other ethnic group,-8,Does not apply,295
E05013532,Northolt West End,19,Other ethnic group: Any other ethnic group,1,"L1, L2 and L3: Higher managerial, administrative and professional occupations",46
E05013532,Northolt West End,19,Other ethnic group: Any other ethnic group,2,"L4, L5 and L6: Lower managerial, administrative and professional occupations",101
E05013532,Northolt West End,19,Other ethnic group: Any other ethnic group,3,L7: Intermediate occupations,77
E05013532,Northolt West End,19,Other ethnic group: Any other ethnic group,4,L8 and L9: Small employers and own account workers,103
E05013532,Northolt West End,19,Other ethnic group: Any other ethnic group,5,L10 and L11: Lower supervisory and technical occupations,41
E05013532,Northolt West End,19,Other ethnic group: Any other ethnic group,6,L12: Semi-routine occupations,94
E05013532,Northolt West End,19,Other ethnic group: Any other ethnic group,7,L13: Routine occupations,88
E05013532,Northolt West End,19,Other ethnic group: Any other ethnic group,8,L14.1 and L14.2: Never worked and long-term unemployed,198
E05013532,Northolt West End,19,Other ethnic group: Any other ethnic group,9,L15: Full-time students,103
E05013533,Norwood Green,-8,Does not apply,-8,Does not apply,0
E05013533,Norwood Green,-8,Does not apply,1,"L1, L2 and L3: Higher managerial, administrative and professional occupations",0
E05013533,Norwood Green,-8,Does not apply,2,"L4, L5 and L6: Lower managerial, administrative and professional occupations",0
E05013533,Norwood Green,-8,Does not apply,3,L7: Intermediate occupations,0
E05013533,Norwood Green,-8,Does not apply,4,L8 and L9: Small employers and own account workers,0
E05013533,Norwood Green,-8,Does not apply,5,L10 and L11: Lower supervisory and technical occupations,0
E05013533,Norwood Green,-8,Does not apply,6,L12: Semi-routine occupations,0
E05013533,Norwood Green,-8,Does not apply,7,L13: Routine occupations,0
E05013533,Norwood Green,-8,Does not apply,8,L14.1 and L14.2: Never worked and long-term unemployed,0
E05013533,Norwood Green,-8,Does not apply,9,L15: Full-time students,0
E05013533,Norwood Green,1,"Asian, Asian British or Asian Welsh: Bangladeshi",-8,Does not apply,64
E05013533,Norwood Green,1,"Asian, Asian British or Asian Welsh: Bangladeshi",1,"L1, L2 and L3: Higher managerial, administrative and professional occupations",9
E05013533,Norwood Green,1,"Asian, Asian British or Asian Welsh: Bangladeshi",2,"L4, L5 and L6: Lower managerial, administrative and professional occupations",11
E05013533,Norwood Green,1,"Asian, Asian British or Asian Welsh: Bangladeshi",3,L7: Intermediate occupations,16
E05013533,Norwood Green,1,"Asian, Asian British or Asian Welsh: Bangladeshi",4,L8 and L9: Small employers and own account workers,8
E05013533,Norwood Green,1,"Asian, Asian British or Asian Welsh: Bangladeshi",5,L10 and L11: Lower supervisory and technical occupations,11
E05013533,Norwood Green,1,"Asian, Asian British or Asian Welsh: Bangladeshi",6,L12: Semi-routine occupations,26
E05013533,Norwood Green,1,"Asian, Asian British or Asian Welsh: Bangladeshi",7,L13: Routine occupations,19
E05013533,Norwood Green,1,"Asian, Asian British or Asian Welsh: Bangladeshi",8,L14.1 and L14.2: Never worked and long-term unemployed,62
E05013533,Norwood Green,1,"Asian, Asian British or Asian Welsh: Bangladeshi",9,L15: Full-time students,26
E05013533,Norwood Green,2,"Asian, Asian British or Asian Welsh: Chinese",-8,Does not apply,2
E05013533,Norwood Green,2,"Asian, Asian British or Asian Welsh: Chinese",1,"L1, L2 and L3: Higher managerial, administrative and professional occupations",11
E05013533,Norwood Green,2,"Asian, Asian British or Asian Welsh: Chinese",2,"L4, L5 and L6: Lower managerial, administrative and professional occupations",19
E05013533,Norwood Green,2,"Asian, Asian British or Asian Welsh: Chinese",3,L7: Intermediate occupations,2
E05013533,Norwood Green,2,"Asian, Asian British or Asian Welsh: Chinese",4,L8 and L9: Small employers and own account workers,1
E05013533,Norwood Green,2,"Asian, Asian British or Asian Welsh: Chinese",5,L10 and L11: Lower supervisory and technical occupations,1
E05013533,Norwood Green,2,"Asian, Asian British or Asian Welsh: Chinese",6,L12: Semi-routine occupations,6
E05013533,Norwood Green,2,"Asian, Asian British or Asian Welsh: Chinese",7,L13: Routine occupations,4
E05013533,Norwood Green,2,"Asian, Asian British or Asian Welsh: Chinese",8,L14.1 and L14.2: Never worked and long-term unemployed,2
E05013533,Norwood Green,2,"Asian, Asian British or Asian Welsh: Chinese",9,L15: Full-time students,3
E05013533,Norwood Green,3,"Asian, Asian British or Asian Welsh: Indian",-8,Does not apply,929
E05013533,Norwood Green,3,"Asian, Asian British or Asian Welsh: Indian",1,"L1, L2 and L3: Higher managerial, administrative and professional occupations",413
E05013533,Norwood Green,3,"Asian, Asian British or Asian Welsh: Indian",2,"L4, L5 and L6: Lower managerial, administrative and professional occupations",632
E05013533,Norwood Green,3,"Asian, Asian British or Asian Welsh: Indian",3,L7: Intermediate occupations,384
E05013533,Norwood Green,3,"Asian, Asian British or Asian Welsh: Indian",4,L8 and L9: Small employers and own account workers,398
E05013533,Norwood Green,3,"Asian, Asian British or Asian Welsh: Indian",5,L10 and L11: Lower supervisory and technical occupations,219
E05013533,Norwood Green,3,"Asian, Asian British or Asian Welsh: Indian",6,L12: Semi-routine occupations,475
E05013533,Norwood Green,3,"Asian, Asian British or Asian Welsh: Indian",7,L13: Routine occupations,818
E05013533,Norwood Green,3,"Asian, Asian British or Asian Welsh: Indian",8,L14.1 and L14.2: Never worked and long-term unemployed,691
E05013533,Norwood Green,3,"Asian, Asian British or Asian Welsh: Indian",9,L15: Full-time students,422
E05013533,Norwood Green,4,"Asian, Asian British or Asian Welsh: Pakistani",-8,Does not apply,283
E05013533,Norwood Green,4,"Asian, Asian British or Asian Welsh: Pakistani",1,"L1, L2 and L3: Higher managerial, administrative and professional occupations",83
E05013533,Norwood Green,4,"Asian, Asian British or Asian Welsh: Pakistani",2,"L4, L5 and L6: Lower managerial, administrative and professional occupations",123
E05013533,Norwood Green,4,"Asian, Asian British or Asian Welsh: Pakistani",3,L7: Intermediate occupations,91
E05013533,Norwood Green,4,"Asian, Asian British or Asian Welsh: Pakistani",4,L8 and L9: Small employers and own account workers,75
E05013533,Norwood Green,4,"Asian, Asian British or Asian Welsh: Pakistani",5,L10 and L11: Lower supervisory and technical occupations,40
E05013533,Norwood Green,4,"Asian, Asian British or Asian Welsh: Pakistani",6,L12: Semi-routine occupations,114
E05013533,Norwood Green,4,"Asian, Asian British or Asian Welsh: Pakistani",7,L13: Routine occupations,96
E05013533,Norwood Green,4,"Asian, Asian British or Asian Welsh: Pakistani",8,L14.1 and L14.2: Never worked and long-term unemployed,216
E05013533,Norwood Green,4,"Asian, Asian British or Asian Welsh: Pakistani",9,L15: Full-time students,94
E05013533,Norwood Green,5,"Asian, Asian British or Asian Welsh: Other Asian",-8,Does not apply,364
E05013533,Norwood Green,5,"Asian, Asian British or Asian Welsh: Other Asian",1,"L1, L2 and L3: Higher managerial, administrative and professional occupations",78
E05013533,Norwood Green,5,"Asian, Asian British or Asian Welsh: Other Asian",2,"L4, L5 and L6: Lower managerial, administrative and professional occupations",145
E05013533,Norwood Green,5,"Asian, Asian British or Asian Welsh: Other Asian",3,L7: Intermediate occupations,68
E05013533,Norwood Green,5,"Asian, Asian British or Asian Welsh: Other Asian",4,L8 and L9: Small employers and own account workers,144
E05013533,Norwood Green,5,"Asian, Asian British or Asian Welsh: Other Asian",5,L10 and L11: Lower supervisory and technical occupations,37
E05013533,Norwood Green,5,"Asian, Asian British or Asian Welsh: Other Asian",6,L12: Semi-routine occupations,154
E05013533,Norwood Green,5,"Asian, Asian British or Asian Welsh: Other Asian",7,L13: Routine occupations,111
E05013533,Norwood Green,5,"Asian, Asian British or Asian Welsh: Other Asian",8,L14.1 and L14.2: Never worked and long-term unemployed,317
E05013533,Norwood Green,5,"Asian, Asian British or Asian Welsh: Other Asian",9,L15: Full-time students,154
E05013533,Norwood Green,6,"Black, Black British, Black Welsh, Caribbean or African: African",-8,Does not apply,465
E05013533,Norwood Green,6,"Black, Black British, Black Welsh, Caribbean or African: African",1,"L1, L2 and L3: Higher managerial, administrative and professional occupations",71
E05013533,Norwood Green,6,"Black, Black British, Black Welsh, Caribbean or African: African",2,"L4, L5 and L6: Lower managerial, administrative and professional occupations",137
E05013533,Norwood Green,6,"Black, Black British, Black Welsh, Caribbean or African: African",3,L7: Intermediate occupations,92
E05013533,Norwood Green,6,"Black, Black British, Black Welsh, Caribbean or African: African",4,L8 and L9: Small employers and own account workers,115
E05013533,Norwood Green,6,"Black, Black British, Black Welsh, Caribbean or African: African",5,L10 and L11: Lower supervisory and technical occupations,36
E05013533,Norwood Green,6,"Black, Black British, Black Welsh, Caribbean or African: African",6,L12: Semi-routine occupations,160
E05013533,Norwood Green,6,"Black, Black British, Black Welsh, Caribbean or African: African",7,L13: Routine occupations,131
E05013533,Norwood Green,6,"Black, Black British, Black Welsh, Caribbean or African: African",8,L14.1 and L14.2: Never worked and long-term unemployed,256
E05013533,Norwood Green,6,"Black, Black British, Black Welsh, Caribbean or African: African",9,L15: Full-time students,218
E05013533,Norwood Green,7,"Black, Black British, Black Welsh, Caribbean or African: Caribbean",-8,Does not apply,72
E05013533,Norwood Green,7,"Black, Black British, Black Welsh, Caribbean or African: Caribbean",1,"L1, L2 and L3: Higher managerial, administrative and professional occupations",30
E05013533,Norwood Green,7,"Black, Black British, Black Welsh, Caribbean or African: Caribbean",2,"L4, L5 and L6: Lower managerial, administrative and professional occupations",75
E05013533,Norwood Green,7,"Black, Black British, Black Welsh, Caribbean or African: Caribbean",3,L7: Intermediate occupations,71
E05013533,Norwood Green,7,"Black, Black British, Black Welsh, Caribbean or African: Caribbean",4,L8 and L9: Small employers and own account workers,21
E05013533,Norwood Green,7,"Black, Black British, Black Welsh, Caribbean or African: Caribbean",5,L10 and L11: Lower supervisory and technical occupations,16
E05013533,Norwood Green,7,"Black, Black British, Black Welsh, Caribbean or African: Caribbean",6,L12: Semi-routine occupations,54
E05013533,Norwood Green,7,"Black, Black British, Black Welsh, Caribbean or African: Caribbean",7,L13: Routine occupations,48
E05013533,Norwood Green,7,"Black, Black British, Black Welsh, Caribbean or African: Caribbean",8,L14.1 and L14.2: Never worked and long-term unemployed,67
E05013533,Norwood Green,7,"Black, Black British, Black Welsh, Caribbean or African: Caribbean",9,L15: Full-time students,24
E05013533,Norwood Green,8,"Black, Black British, Black Welsh, Caribbean or African: Other Black",-8,Does not apply,78
E05013533,Norwood Green,8,"Black, Black British, Black Welsh, Caribbean or African: Other Black",1,"L1, L2 and L3: Higher managerial, administrative and professional occupations",4
E05013533,Norwood Green,8,"Black, Black British, Black Welsh, Caribbean or African: Other Black",2,"L4, L5 and L6: Lower managerial, administrative and professional occupations",9
E05013533,Norwood Green,8,"Black, Black British, Black Welsh, Caribbean or African: Other Black",3,L7: Intermediate occupations,21
E05013533,Norwood Green,8,"Black, Black British, Black Welsh, Caribbean or African: Other Black",4,L8 and L9: Small employers and own account workers,6
E05013533,Norwood Green,8,"Black, Black British, Black Welsh, Caribbean or African: Other Black",5,L10 and L11: Lower supervisory and technical occupations,7
E05013533,Norwood Green,8,"Black, Black British, Black Welsh, Caribbean or African: Other Black",6,L12: Semi-routine occupations,18
E05013533,Norwood Green,8,"Black, Black British, Black Welsh, Caribbean or African: Other Black",7,L13: Routine occupations,15
E05013533,Norwood Green,8,"Black, Black British, Black Welsh, Caribbean or African: Other Black",8,L14.1 and L14.2: Never worked and long-term unemployed,26
E05013533,Norwood Green,8,"Black, Black British, Black Welsh, Caribbean or African: Other Black",9,L15: Full-time students,17
E05013533,Norwood Green,9,Mixed or Multiple ethnic groups: White and Asian,-8,Does not apply,69
E05013533,Norwood Green,9,Mixed or Multiple ethnic groups: White and Asian,1,"L1, L2 and L3: Higher managerial, administrative and professional occupations",10
E05013533,Norwood Green,9,Mixed or Multiple ethnic groups: White and Asian,2,"L4, L5 and L6: Lower managerial, administrative and professional occupations",21
E05013533,Norwood Green,9,Mixed or Multiple ethnic groups: White and Asian,3,L7: Intermediate occupations,8
E05013533,Norwood Green,9,Mixed or Multiple ethnic groups: White and Asian,4,L8 and L9: Small employers and own account workers,4
E05013533,Norwood Green,9,Mixed or Multiple ethnic groups: White and Asian,5,L10 and L11: Lower supervisory and technical occupations,1
E05013533,Norwood Green,9,Mixed or Multiple ethnic groups: White and Asian,6,L12: Semi-routine occupations,9
E05013533,Norwood Green,9,Mixed or Multiple ethnic groups: White and Asian,7,L13: Routine occupations,11
E05013533,Norwood Green,9,Mixed or Multiple ethnic groups: White and Asian,8,L14.1 and L14.2: Never worked and long-term unemployed,9
E05013533,Norwood Green,9,Mixed or Multiple ethnic groups: White and Asian,9,L15: Full-time students,16
E05013533,Norwood Green,10,Mixed or Multiple ethnic groups: White and Black African,-8,Does not apply,24
E05013533,Norwood Green,10,Mixed or Multiple ethnic groups: White and Black African,1,"L1, L2 and L3: Higher managerial, administrative and professional occupations",1
E05013533,Norwood Green,10,Mixed or Multiple ethnic groups: White and Black African,2,"L4, L5 and L6: Lower managerial, administrative and professional occupations",7
E05013533,Norwood Green,10,Mixed or Multiple ethnic groups: White and Black African,3,L7: Intermediate occupations,0
E05013533,Norwood Green,10,Mixed or Multiple ethnic groups: White and Black African,4,L8 and L9: Small employers and own account workers,3
E05013533,Norwood Green,10,Mixed or Multiple ethnic groups: White and Black African,5,L10 and L11: Lower supervisory and technical occupations,6
E05013533,Norwood Green,10,Mixed or Multiple ethnic groups: White and Black African,6,L12: Semi-routine occupations,5
E05013533,Norwood Green,10,Mixed or Multiple ethnic groups: White and Black African,7,L13: Routine occupations,6
E05013533,Norwood Green,10,Mixed or Multiple ethnic groups: White and Black African,8,L14.1 and L14.2: Never worked and long-term unemployed,11
E05013533,Norwood Green,10,Mixed or Multiple ethnic groups: White and Black African,9,L15: Full-time students,11
E05013533,Norwood Green,11,Mixed or Multiple ethnic groups: White and Black Caribbean,-8,Does not apply,58
E05013533,Norwood Green,11,Mixed or Multiple ethnic groups: White and Black Caribbean,1,"L1, L2 and L3: Higher managerial, administrative and professional occupations",10
E05013533,Norwood Green,11,Mixed or Multiple ethnic groups: White and Black Caribbean,2,"L4, L5 and L6: Lower managerial, administrative and professional occupations",16
E05013533,Norwood Green,11,Mixed or Multiple ethnic groups: White and Black Caribbean,3,L7: Intermediate occupations,14
E05013533,Norwood Green,11,Mixed or Multiple ethnic groups: White and Black Caribbean,4,L8 and L9: Small employers and own account workers,7
E05013533,Norwood Green,11,Mixed or Multiple ethnic groups: White and Black Caribbean,5,L10 and L11: Lower supervisory and technical occupations,3
E05013533,Norwood Green,11,Mixed or Multiple ethnic groups: White and Black Caribbean,6,L12: Semi-routine occupations,11
E05013533,Norwood Green,11,Mixed or Multiple ethnic groups: White and Black Caribbean,7,L13: Routine occupations,16
E05013533,Norwood Green,11,Mixed or Multiple ethnic groups: White and Black Caribbean,8,L14.1 and L14.2: Never worked and long-term unemployed,18
E05013533,Norwood Green,11,Mixed or Multiple ethnic groups: White and Black Caribbean,9,L15: Full-time students,13
E05013533,Norwood Green,12,Mixed or Multiple ethnic groups: Other Mixed or Multiple ethnic groups,-8,Does not apply,89
E05013533,Norwood Green,12,Mixed or Multiple ethnic groups: Other Mixed or Multiple ethnic groups,1,"L1, L2 and L3: Higher managerial, administrative and professional occupations",13
E05013533,Norwood Green,12,Mixed or Multiple ethnic groups: Other Mixed or Multiple ethnic groups,2,"L4, L5 and L6: Lower managerial, administrative and professional occupations",23
E05013533,Norwood Green,12,Mixed or Multiple ethnic groups: Other Mixed or Multiple ethnic groups,3,L7: Intermediate occupations,6
E05013533,Norwood Green,12,Mixed or Multiple ethnic groups: Other Mixed or Multiple ethnic groups,4,L8 and L9: Small employers and own account workers,4
E05013533,Norwood Green,12,Mixed or Multiple ethnic groups: Other Mixed or Multiple ethnic groups,5,L10 and L11: Lower supervisory and technical occupations,7
E05013533,Norwood Green,12,Mixed or Multiple ethnic groups: Other Mixed or Multiple ethnic groups,6,L12: Semi-routine occupations,11
E05013533,Norwood Green,12,Mixed or Multiple ethnic groups: Other Mixed or Multiple ethnic groups,7,L13: Routine occupations,12
E05013533,Norwood Green,12,Mixed or Multiple ethnic groups: Other Mixed or Multiple ethnic groups,8,L14.1 and L14.2: Never worked and long-term unemployed,12
E05013533,Norwood Green,12,Mixed or Multiple ethnic groups: Other Mixed or Multiple ethnic groups,9,L15: Full-time students,12
E05013533,Norwood Green,13,"White: English, Welsh, Scottish, Northern Irish or British",-8,Does not apply,259
E05013533,Norwood Green,13,"White: English, Welsh, Scottish, Northern Irish or British",1,"L1, L2 and L3: Higher managerial, administrative and professional occupations",194
E05013533,Norwood Green,13,"White: English, Welsh, Scottish, Northern Irish or British",2,"L4, L5 and L6: Lower managerial, administrative and professional occupations",338
E05013533,Norwood Green,13,"White: English, Welsh, Scottish, Northern Irish or British",3,L7: Intermediate occupations,167
E05013533,Norwood Green,13,"White: English, Welsh, Scottish, Northern Irish or British",4,L8 and L9: Small employers and own account workers,113
E05013533,Norwood Green,13,"White: English, Welsh, Scottish, Northern Irish or British",5,L10 and L11: Lower supervisory and technical occupations,85
E05013533,Norwood Green,13,"White: English, Welsh, Scottish, Northern Irish or British",6,L12: Semi-routine occupations,131
E05013533,Norwood Green,13,"White: English, Welsh, Scottish, Northern Irish or British",7,L13: Routine occupations,179
E05013533,Norwood Green,13,"White: English, Welsh, Scottish, Northern Irish or British",8,L14.1 and L14.2: Never worked and long-term unemployed,176
E05013533,Norwood Green,13,"White: English, Welsh, Scottish, Northern Irish or British",9,L15: Full-time students,53
E05013533,Norwood Green,14,White: Irish,-8,Does not apply,4
E05013533,Norwood Green,14,White: Irish,1,"L1, L2 and L3: Higher managerial, administrative and professional occupations",18
E05013533,Norwood Green,14,White: Irish,2,"L4, L5 and L6: Lower managerial, administrative and professional occupations",41
E05013533,Norwood Green,14,White: Irish,3,L7: Intermediate occupations,19
E05013533,Norwood Green,14,White: Irish,4,L8 and L9: Small employers and own account workers,21
E05013533,Norwood Green,14,White: Irish,5,L10 and L11: Lower supervisory and technical occupations,11
E05013533,Norwood Green,14,White: Irish,6,L12: Semi-routine occupations,12
E05013533,Norwood Green,14,White: Irish,7,L13: Routine occupations,12
E05013533,Norwood Green,14,White: Irish,8,L14.1 and L14.2: Never worked and long-term unemployed,16
E05013533,Norwood Green,14,White: Irish,9,L15: Full-time students,3
E05013533,Norwood Green,15,White: Gypsy or Irish Traveller,-8,Does not apply,7
E05013533,Norwood Green,15,White: Gypsy or Irish Traveller,1,"L1, L2 and L3: Higher managerial, administrative and professional occupations",0
E05013533,Norwood Green,15,White: Gypsy or Irish Traveller,2,"L4, L5 and L6: Lower managerial, administrative and professional occupations",0
E05013533,Norwood Green,15,White: Gypsy or Irish Traveller,3,L7: Intermediate occupations,0
E05013533,Norwood Green,15,White: Gypsy or Irish Traveller,4,L8 and L9: Small employers and own account workers,2
E05013533,Norwood Green,15,White: Gypsy or Irish Traveller,5,L10 and L11: Lower supervisory and technical occupations,0
E05013533,Norwood Green,15,White: Gypsy or Irish Traveller,6,L12: Semi-routine occupations,3
E05013533,Norwood Green,15,White: Gypsy or Irish Traveller,7,L13: Routine occupations,0
E05013533,Norwood Green,15,White: Gypsy or Irish Traveller,8,L14.1 and L14.2: Never worked and long-term unemployed,6
E05013533,Norwood Green,15,White: Gypsy or Irish Traveller,9,L15: Full-time students,0
E05013533,Norwood Green,16,White: Roma,-8,Does not apply,1
E05013533,Norwood Green,16,White: Roma,1,"L1, L2 and L3: Higher managerial, administrative and professional occupations",1
E05013533,Norwood Green,16,White: Roma,2,"L4, L5 and L6: Lower managerial, administrative and professional occupations",1
E05013533,Norwood Green,16,White: Roma,3,L7: Intermediate occupations,1
E05013533,Norwood Green,16,White: Roma,4,L8 and L9: Small employers and own account workers,5
E05013533,Norwood Green,16,White: Roma,5,L10 and L11: Lower supervisory and technical occupations,0
E05013533,Norwood Green,16,White: Roma,6,L12: Semi-routine occupations,0
E05013533,Norwood Green,16,White: Roma,7,L13: Routine occupations,2
E05013533,Norwood Green,16,White: Roma,8,L14.1 and L14.2: Never worked and long-term unemployed,3
E05013533,Norwood Green,16,White: Roma,9,L15: Full-time students,1
E05013533,Norwood Green,17,White: Other White,-8,Does not apply,149
E05013533,Norwood Green,17,White: Other White,1,"L1, L2 and L3: Higher managerial, administrative and professional occupations",104
E05013533,Norwood Green,17,White: Other White,2,"L4, L5 and L6: Lower managerial, administrative and professional occupations",134
E05013533,Norwood Green,17,White: Other White,3,L7: Intermediate occupations,63
E05013533,Norwood Green,17,White: Other White,4,L8 and L9: Small employers and own account workers,172
E05013533,Norwood Green,17,White: Other White,5,L10 and L11: Lower supervisory and technical occupations,39
E05013533,Norwood Green,17,White: Other White,6,L12: Semi-routine occupations,67
E05013533,Norwood Green,17,White: Other White,7,L13: Routine occupations,97
E05013533,Norwood Green,17,White: Other White,8,L14.1 and L14.2: Never worked and long-term unemployed,72
E05013533,Norwood Green,17,White: Other White,9,L15: Full-time students,48
E05013533,Norwood Green,18,Other ethnic group: Arab,-8,Does not apply,91
E05013533,Norwood Green,18,Other ethnic group: Arab,1,"L1, L2 and L3: Higher managerial, administrative and professional occupations",17
E05013533,Norwood Green,18,Other ethnic group: Arab,2,"L4, L5 and L6: Lower managerial, administrative and professional occupations",33
E05013533,Norwood Green,18,Other ethnic group: Arab,3,L7: Intermediate occupations,12
E05013533,Norwood Green,18,Other ethnic group: Arab,4,L8 and L9: Small employers and own account workers,19
E05013533,Norwood Green,18,Other ethnic group: Arab,5,L10 and L11: Lower supervisory and technical occupations,15
E05013533,Norwood Green,18,Other ethnic group: Arab,6,L12: Semi-routine occupations,25
E05013533,Norwood Green,18,Other ethnic group: Arab,7,L13: Routine occupations,21
E05013533,Norwood Green,18,Other ethnic group: Arab,8,L14.1 and L14.2: Never worked and long-term unemployed,69
E05013533,Norwood Green,18,Other ethnic group: Arab,9,L15: Full-time students,41
E05013533,Norwood Green,19,Other ethnic group: Any other ethnic group,-8,Does not apply,347
E05013533,Norwood Green,19,Other ethnic group: Any other ethnic group,1,"L1, L2 and L3: Higher managerial, administrative and professional occupations",96
E05013533,Norwood Green,19,Other ethnic group: Any other ethnic group,2,"L4, L5 and L6: Lower managerial, administrative and professional occupations",137
E05013533,Norwood Green,19,Other ethnic group: Any other ethnic group,3,L7: Intermediate occupations,97
E05013533,Norwood Green,19,Other ethnic group: Any other ethnic group,4,L8 and L9: Small employers and own account workers,123
E05013533,Norwood Green,19,Other ethnic group: Any other ethnic group,5,L10 and L11: Lower supervisory and technical occupations,44
E05013533,Norwood Green,19,Other ethnic group: Any other ethnic group,6,L12: Semi-routine occupations,133
E05013533,Norwood Green,19,Other ethnic group: Any other ethnic group,7,L13: Routine occupations,134
E05013533,Norwood Green,19,Other ethnic group: Any other ethnic group,8,L14.1 and L14.2: Never worked and long-term unemployed,301
E05013533,Norwood Green,19,Other ethnic group: Any other ethnic group,9,L15: Full-time students,98
E05013534,Perivale,-8,Does not apply,-8,Does not apply,0
E05013534,Perivale,-8,Does not apply,1,"L1, L2 and L3: Higher managerial, administrative and professional occupations",0
E05013534,Perivale,-8,Does not apply,2,"L4, L5 and L6: Lower managerial, administrative and professional occupations",0
E05013534,Perivale,-8,Does not apply,3,L7: Intermediate occupations,0
E05013534,Perivale,-8,Does not apply,4,L8 and L9: Small employers and own account workers,0
E05013534,Perivale,-8,Does not apply,5,L10 and L11: Lower supervisory and technical occupations,0
E05013534,Perivale,-8,Does not apply,6,L12: Semi-routine occupations,0
E05013534,Perivale,-8,Does not apply,7,L13: Routine occupations,0
E05013534,Perivale,-8,Does not apply,8,L14.1 and L14.2: Never worked and long-term unemployed,0
E05013534,Perivale,-8,Does not apply,9,L15: Full-time students,0
E05013534,Perivale,1,"Asian, Asian British or Asian Welsh: Bangladeshi",-8,Does not apply,26
E05013534,Perivale,1,"Asian, Asian British or Asian Welsh: Bangladeshi",1,"L1, L2 and L3: Higher managerial, administrative and professional occupations",20
E05013534,Perivale,1,"Asian, Asian British or Asian Welsh: Bangladeshi",2,"L4, L5 and L6: Lower managerial, administrative and professional occupations",40
E05013534,Perivale,1,"Asian, Asian British or Asian Welsh: Bangladeshi",3,L7: Intermediate occupations,2
E05013534,Perivale,1,"Asian, Asian British or Asian Welsh: Bangladeshi",4,L8 and L9: Small employers and own account workers,9
E05013534,Perivale,1,"Asian, Asian British or Asian Welsh: Bangladeshi",5,L10 and L11: Lower supervisory and technical occupations,3
E05013534,Perivale,1,"Asian, Asian British or Asian Welsh: Bangladeshi",6,L12: Semi-routine occupations,8
E05013534,Perivale,1,"Asian, Asian British or Asian Welsh: Bangladeshi",7,L13: Routine occupations,7
E05013534,Perivale,1,"Asian, Asian British or Asian Welsh: Bangladeshi",8,L14.1 and L14.2: Never worked and long-term unemployed,16
E05013534,Perivale,1,"Asian, Asian British or Asian Welsh: Bangladeshi",9,L15: Full-time students,13
E05013534,Perivale,2,"Asian, Asian British or Asian Welsh: Chinese",-8,Does not apply,18
E05013534,Perivale,2,"Asian, Asian British or Asian Welsh: Chinese",1,"L1, L2 and L3: Higher managerial, administrative and professional occupations",32
E05013534,Perivale,2,"Asian, Asian British or Asian Welsh: Chinese",2,"L4, L5 and L6: Lower managerial, administrative and professional occupations",38
E05013534,Perivale,2,"Asian, Asian British or Asian Welsh: Chinese",3,L7: Intermediate occupations,16
E05013534,Perivale,2,"Asian, Asian British or Asian Welsh: Chinese",4,L8 and L9: Small employers and own account workers,14
E05013534,Perivale,2,"Asian, Asian British or Asian Welsh: Chinese",5,L10 and L11: Lower supervisory and technical occupations,8
E05013534,Perivale,2,"Asian, Asian British or Asian Welsh: Chinese",6,L12: Semi-routine occupations,10
E05013534,Perivale,2,"Asian, Asian British or Asian Welsh: Chinese",7,L13: Routine occupations,8
E05013534,Perivale,2,"Asian, Asian British or Asian Welsh: Chinese",8,L14.1 and L14.2: Never worked and long-term unemployed,17
E05013534,Perivale,2,"Asian, Asian British or Asian Welsh: Chinese",9,L15: Full-time students,5
E05013534,Perivale,3,"Asian, Asian British or Asian Welsh: Indian",-8,Does not apply,270
E05013534,Perivale,3,"Asian, Asian British or Asian Welsh: Indian",1,"L1, L2 and L3: Higher managerial, administrative and professional occupations",311
E05013534,Perivale,3,"Asian, Asian British or Asian Welsh: Indian",2,"L4, L5 and L6: Lower managerial, administrative and professional occupations",332
E05013534,Perivale,3,"Asian, Asian British or Asian Welsh: Indian",3,L7: Intermediate occupations,249
E05013534,Perivale,3,"Asian, Asian British or Asian Welsh: Indian",4,L8 and L9: Small employers and own account workers,184
E05013534,Perivale,3,"Asian, Asian British or Asian Welsh: Indian",5,L10 and L11: Lower supervisory and technical occupations,75
E05013534,Perivale,3,"Asian, Asian British or Asian Welsh: Indian",6,L12: Semi-routine occupations,222
E05013534,Perivale,3,"Asian, Asian British or Asian Welsh: Indian",7,L13: Routine occupations,235
E05013534,Perivale,3,"Asian, Asian British or Asian Welsh: Indian",8,L14.1 and L14.2: Never worked and long-term unemployed,225
E05013534,Perivale,3,"Asian, Asian British or Asian Welsh: Indian",9,L15: Full-time students,147
E05013534,Perivale,4,"Asian, Asian British or Asian Welsh: Pakistani",-8,Does not apply,201
E05013534,Perivale,4,"Asian, Asian British or Asian Welsh: Pakistani",1,"L1, L2 and L3: Higher managerial, administrative and professional occupations",79
E05013534,Perivale,4,"Asian, Asian British or Asian Welsh: Pakistani",2,"L4, L5 and L6: Lower managerial, administrative and professional occupations",91
E05013534,Perivale,4,"Asian, Asian British or Asian Welsh: Pakistani",3,L7: Intermediate occupations,76
E05013534,Perivale,4,"Asian, Asian British or Asian Welsh: Pakistani",4,L8 and L9: Small employers and own account workers,61
E05013534,Perivale,4,"Asian, Asian British or Asian Welsh: Pakistani",5,L10 and L11: Lower supervisory and technical occupations,12
E05013534,Perivale,4,"Asian, Asian British or Asian Welsh: Pakistani",6,L12: Semi-routine occupations,44
E05013534,Perivale,4,"Asian, Asian British or Asian Welsh: Pakistani",7,L13: Routine occupations,42
E05013534,Perivale,4,"Asian, Asian British or Asian Welsh: Pakistani",8,L14.1 and L14.2: Never worked and long-term unemployed,93
E05013534,Perivale,4,"Asian, Asian British or Asian Welsh: Pakistani",9,L15: Full-time students,65
E05013534,Perivale,5,"Asian, Asian British or Asian Welsh: Other Asian",-8,Does not apply,343
E05013534,Perivale,5,"Asian, Asian British or Asian Welsh: Other Asian",1,"L1, L2 and L3: Higher managerial, administrative and professional occupations",121
E05013534,Perivale,5,"Asian, Asian British or Asian Welsh: Other Asian",2,"L4, L5 and L6: Lower managerial, administrative and professional occupations",173
E05013534,Perivale,5,"Asian, Asian British or Asian Welsh: Other Asian",3,L7: Intermediate occupations,108
E05013534,Perivale,5,"Asian, Asian British or Asian Welsh: Other Asian",4,L8 and L9: Small employers and own account workers,119
E05013534,Perivale,5,"Asian, Asian British or Asian Welsh: Other Asian",5,L10 and L11: Lower supervisory and technical occupations,60
E05013534,Perivale,5,"Asian, Asian British or Asian Welsh: Other Asian",6,L12: Semi-routine occupations,145
E05013534,Perivale,5,"Asian, Asian British or Asian Welsh: Other Asian",7,L13: Routine occupations,147
E05013534,Perivale,5,"Asian, Asian British or Asian Welsh: Other Asian",8,L14.1 and L14.2: Never worked and long-term unemployed,200
E05013534,Perivale,5,"Asian, Asian British or Asian Welsh: Other Asian",9,L15: Full-time students,148
E05013534,Perivale,6,"Black, Black British, Black Welsh, Caribbean or African: African",-8,Does not apply,137
E05013534,Perivale,6,"Black, Black British, Black Welsh, Caribbean or African: African",1,"L1, L2 and L3: Higher managerial, administrative and professional occupations",49
E05013534,Perivale,6,"Black, Black British, Black Welsh, Caribbean or African: African",2,"L4, L5 and L6: Lower managerial, administrative and professional occupations",71
E05013534,Perivale,6,"Black, Black British, Black Welsh, Caribbean or African: African",3,L7: Intermediate occupations,38
E05013534,Perivale,6,"Black, Black British, Black Welsh, Caribbean or African: African",4,L8 and L9: Small employers and own account workers,53
E05013534,Perivale,6,"Black, Black British, Black Welsh, Caribbean or African: African",5,L10 and L11: Lower supervisory and technical occupations,8
E05013534,Perivale,6,"Black, Black British, Black Welsh, Caribbean or African: African",6,L12: Semi-routine occupations,39
E05013534,Perivale,6,"Black, Black British, Black Welsh, Caribbean or African: African",7,L13: Routine occupations,41
E05013534,Perivale,6,"Black, Black British, Black Welsh, Caribbean or African: African",8,L14.1 and L14.2: Never worked and long-term unemployed,56
E05013534,Perivale,6,"Black, Black British, Black Welsh, Caribbean or African: African",9,L15: Full-time students,84
E05013534,Perivale,7,"Black, Black British, Black Welsh, Caribbean or African: Caribbean",-8,Does not apply,51
E05013534,Perivale,7,"Black, Black British, Black Welsh, Caribbean or African: Caribbean",1,"L1, L2 and L3: Higher managerial, administrative and professional occupations",46
E05013534,Perivale,7,"Black, Black British, Black Welsh, Caribbean or African: Caribbean",2,"L4, L5 and L6: Lower managerial, administrative and professional occupations",109
E05013534,Perivale,7,"Black, Black British, Black Welsh, Caribbean or African: Caribbean",3,L7: Intermediate occupations,81
E05013534,Perivale,7,"Black, Black British, Black Welsh, Caribbean or African: Caribbean",4,L8 and L9: Small employers and own account workers,35
E05013534,Perivale,7,"Black, Black British, Black Welsh, Caribbean or African: Caribbean",5,L10 and L11: Lower supervisory and technical occupations,34
E05013534,Perivale,7,"Black, Black British, Black Welsh, Caribbean or African: Caribbean",6,L12: Semi-routine occupations,69
E05013534,Perivale,7,"Black, Black British, Black Welsh, Caribbean or African: Caribbean",7,L13: Routine occupations,66
E05013534,Perivale,7,"Black, Black British, Black Welsh, Caribbean or African: Caribbean",8,L14.1 and L14.2: Never worked and long-term unemployed,86
E05013534,Perivale,7,"Black, Black British, Black Welsh, Caribbean or African: Caribbean",9,L15: Full-time students,28
E05013534,Perivale,8,"Black, Black British, Black Welsh, Caribbean or African: Other Black",-8,Does not apply,51
E05013534,Perivale,8,"Black, Black British, Black Welsh, Caribbean or African: Other Black",1,"L1, L2 and L3: Higher managerial, administrative and professional occupations",4
E05013534,Perivale,8,"Black, Black British, Black Welsh, Caribbean or African: Other Black",2,"L4, L5 and L6: Lower managerial, administrative and professional occupations",24
E05013534,Perivale,8,"Black, Black British, Black Welsh, Caribbean or African: Other Black",3,L7: Intermediate occupations,20
E05013534,Perivale,8,"Black, Black British, Black Welsh, Caribbean or African: Other Black",4,L8 and L9: Small employers and own account workers,7
E05013534,Perivale,8,"Black, Black British, Black Welsh, Caribbean or African: Other Black",5,L10 and L11: Lower supervisory and technical occupations,7
E05013534,Perivale,8,"Black, Black British, Black Welsh, Caribbean or African: Other Black",6,L12: Semi-routine occupations,18
E05013534,Perivale,8,"Black, Black British, Black Welsh, Caribbean or African: Other Black",7,L13: Routine occupations,18
E05013534,Perivale,8,"Black, Black British, Black Welsh, Caribbean or African: Other Black",8,L14.1 and L14.2: Never worked and long-term unemployed,25
E05013534,Perivale,8,"Black, Black British, Black Welsh, Caribbean or African: Other Black",9,L15: Full-time students,23
E05013534,Perivale,9,Mixed or Multiple ethnic groups: White and Asian,-8,Does not apply,82
E05013534,Perivale,9,Mixed or Multiple ethnic groups: White and Asian,1,"L1, L2 and L3: Higher managerial, administrative and professional occupations",14
E05013534,Perivale,9,Mixed or Multiple ethnic groups: White and Asian,2,"L4, L5 and L6: Lower managerial, administrative and professional occupations",30
E05013534,Perivale,9,Mixed or Multiple ethnic groups: White and Asian,3,L7: Intermediate occupations,6
E05013534,Perivale,9,Mixed or Multiple ethnic groups: White and Asian,4,L8 and L9: Small employers and own account workers,6
E05013534,Perivale,9,Mixed or Multiple ethnic groups: White and Asian,5,L10 and L11: Lower supervisory and technical occupations,7
E05013534,Perivale,9,Mixed or Multiple ethnic groups: White and Asian,6,L12: Semi-routine occupations,6
E05013534,Perivale,9,Mixed or Multiple ethnic groups: White and Asian,7,L13: Routine occupations,6
E05013534,Perivale,9,Mixed or Multiple ethnic groups: White and Asian,8,L14.1 and L14.2: Never worked and long-term unemployed,9
E05013534,Perivale,9,Mixed or Multiple ethnic groups: White and Asian,9,L15: Full-time students,11
E05013534,Perivale,10,Mixed or Multiple ethnic groups: White and Black African,-8,Does not apply,24
E05013534,Perivale,10,Mixed or Multiple ethnic groups: White and Black African,1,"L1, L2 and L3: Higher managerial, administrative and professional occupations",8
E05013534,Perivale,10,Mixed or Multiple ethnic groups: White and Black African,2,"L4, L5 and L6: Lower managerial, administrative and professional occupations",9
E05013534,Perivale,10,Mixed or Multiple ethnic groups: White and Black African,3,L7: Intermediate occupations,1
E05013534,Perivale,10,Mixed or Multiple ethnic groups: White and Black African,4,L8 and L9: Small employers and own account workers,9
E05013534,Perivale,10,Mixed or Multiple ethnic groups: White and Black African,5,L10 and L11: Lower supervisory and technical occupations,2
E05013534,Perivale,10,Mixed or Multiple ethnic groups: White and Black African,6,L12: Semi-routine occupations,5
E05013534,Perivale,10,Mixed or Multiple ethnic groups: White and Black African,7,L13: Routine occupations,5
E05013534,Perivale,10,Mixed or Multiple ethnic groups: White and Black African,8,L14.1 and L14.2: Never worked and long-term unemployed,7
E05013534,Perivale,10,Mixed or Multiple ethnic groups: White and Black African,9,L15: Full-time students,5
E05013534,Perivale,11,Mixed or Multiple ethnic groups: White and Black Caribbean,-8,Does not apply,60
E05013534,Perivale,11,Mixed or Multiple ethnic groups: White and Black Caribbean,1,"L1, L2 and L3: Higher managerial, administrative and professional occupations",13
E05013534,Perivale,11,Mixed or Multiple ethnic groups: White and Black Caribbean,2,"L4, L5 and L6: Lower managerial, administrative and professional occupations",23
E05013534,Perivale,11,Mixed or Multiple ethnic groups: White and Black Caribbean,3,L7: Intermediate occupations,11
E05013534,Perivale,11,Mixed or Multiple ethnic groups: White and Black Caribbean,4,L8 and L9: Small employers and own account workers,8
E05013534,Perivale,11,Mixed or Multiple ethnic groups: White and Black Caribbean,5,L10 and L11: Lower supervisory and technical occupations,6
E05013534,Perivale,11,Mixed or Multiple ethnic groups: White and Black Caribbean,6,L12: Semi-routine occupations,13
E05013534,Perivale,11,Mixed or Multiple ethnic groups: White and Black Caribbean,7,L13: Routine occupations,14
E05013534,Perivale,11,Mixed or Multiple ethnic groups: White and Black Caribbean,8,L14.1 and L14.2: Never worked and long-term unemployed,13
E05013534,Perivale,11,Mixed or Multiple ethnic groups: White and Black Caribbean,9,L15: Full-time students,15
E05013534,Perivale,12,Mixed or Multiple ethnic groups: Other Mixed or Multiple ethnic groups,-8,Does not apply,132
E05013534,Perivale,12,Mixed or Multiple ethnic groups: Other Mixed or Multiple ethnic groups,1,"L1, L2 and L3: Higher managerial, administrative and professional occupations",22
E05013534,Perivale,12,Mixed or Multiple ethnic groups: Other Mixed or Multiple ethnic groups,2,"L4, L5 and L6: Lower managerial, administrative and professional occupations",17
E05013534,Perivale,12,Mixed or Multiple ethnic groups: Other Mixed or Multiple ethnic groups,3,L7: Intermediate occupations,11
E05013534,Perivale,12,Mixed or Multiple ethnic groups: Other Mixed or Multiple ethnic groups,4,L8 and L9: Small employers and own account workers,16
E05013534,Perivale,12,Mixed or Multiple ethnic groups: Other Mixed or Multiple ethnic groups,5,L10 and L11: Lower supervisory and technical occupations,6
E05013534,Perivale,12,Mixed or Multiple ethnic groups: Other Mixed or Multiple ethnic groups,6,L12: Semi-routine occupations,16
E05013534,Perivale,12,Mixed or Multiple ethnic groups: Other Mixed or Multiple ethnic groups,7,L13: Routine occupations,9
E05013534,Perivale,12,Mixed or Multiple ethnic groups: Other Mixed or Multiple ethnic groups,8,L14.1 and L14.2: Never worked and long-term unemployed,14
E05013534,Perivale,12,Mixed or Multiple ethnic groups: Other Mixed or Multiple ethnic groups,9,L15: Full-time students,36
E05013534,Perivale,13,"White: English, Welsh, Scottish, Northern Irish or British",-8,Does not apply,475
E05013534,Perivale,13,"White: English, Welsh, Scottish, Northern Irish or British",1,"L1, L2 and L3: Higher managerial, administrative and professional occupations",237
E05013534,Perivale,13,"White: English, Welsh, Scottish, Northern Irish or British",2,"L4, L5 and L6: Lower managerial, administrative and professional occupations",478
E05013534,Perivale,13,"White: English, Welsh, Scottish, Northern Irish or British",3,L7: Intermediate occupations,273
E05013534,Perivale,13,"White: English, Welsh, Scottish, Northern Irish or British",4,L8 and L9: Small employers and own account workers,282
E05013534,Perivale,13,"White: English, Welsh, Scottish, Northern Irish or British",5,L10 and L11: Lower supervisory and technical occupations,127
E05013534,Perivale,13,"White: English, Welsh, Scottish, Northern Irish or British",6,L12: Semi-routine occupations,221
E05013534,Perivale,13,"White: English, Welsh, Scottish, Northern Irish or British",7,L13: Routine occupations,240
E05013534,Perivale,13,"White: English, Welsh, Scottish, Northern Irish or British",8,L14.1 and L14.2: Never worked and long-term unemployed,206
E05013534,Perivale,13,"White: English, Welsh, Scottish, Northern Irish or British",9,L15: Full-time students,130
E05013534,Perivale,14,White: Irish,-8,Does not apply,18
E05013534,Perivale,14,White: Irish,1,"L1, L2 and L3: Higher managerial, administrative and professional occupations",32
E05013534,Perivale,14,White: Irish,2,"L4, L5 and L6: Lower managerial, administrative and professional occupations",65
E05013534,Perivale,14,White: Irish,3,L7: Intermediate occupations,33
E05013534,Perivale,14,White: Irish,4,L8 and L9: Small employers and own account workers,53
E05013534,Perivale,14,White: Irish,5,L10 and L11: Lower supervisory and technical occupations,12
E05013534,Perivale,14,White: Irish,6,L12: Semi-routine occupations,33
E05013534,Perivale,14,White: Irish,7,L13: Routine occupations,46
E05013534,Perivale,14,White: Irish,8,L14.1 and L14.2: Never worked and long-term unemployed,36
E05013534,Perivale,14,White: Irish,9,L15: Full-time students,5
E05013534,Perivale,15,White: Gypsy or Irish Traveller,-8,Does not apply,2
E05013534,Perivale,15,White: Gypsy or Irish Traveller,1,"L1, L2 and L3: Higher managerial, administrative and professional occupations",0
E05013534,Perivale,15,White: Gypsy or Irish Traveller,2,"L4, L5 and L6: Lower managerial, administrative and professional occupations",0
E05013534,Perivale,15,White: Gypsy or Irish Traveller,3,L7: Intermediate occupations,0
E05013534,Perivale,15,White: Gypsy or Irish Traveller,4,L8 and L9: Small employers and own account workers,1
E05013534,Perivale,15,White: Gypsy or Irish Traveller,5,L10 and L11: Lower supervisory and technical occupations,0
E05013534,Perivale,15,White: Gypsy or Irish Traveller,6,L12: Semi-routine occupations,0
E05013534,Perivale,15,White: Gypsy or Irish Traveller,7,L13: Routine occupations,0
E05013534,Perivale,15,White: Gypsy or Irish Traveller,8,L14.1 and L14.2: Never worked and long-term unemployed,1
E05013534,Perivale,15,White: Gypsy or Irish Traveller,9,L15: Full-time students,0
E05013534,Perivale,16,White: Roma,-8,Does not apply,8
E05013534,Perivale,16,White: Roma,1,"L1, L2 and L3: Higher managerial, administrative and professional occupations",3
E05013534,Perivale,16,White: Roma,2,"L4, L5 and L6: Lower managerial, administrative and professional occupations",3
E05013534,Perivale,16,White: Roma,3,L7: Intermediate occupations,3
E05013534,Perivale,16,White: Roma,4,L8 and L9: Small employers and own account workers,17
E05013534,Perivale,16,White: Roma,5,L10 and L11: Lower supervisory and technical occupations,2
E05013534,Perivale,16,White: Roma,6,L12: Semi-routine occupations,4
E05013534,Perivale,16,White: Roma,7,L13: Routine occupations,7
E05013534,Perivale,16,White: Roma,8,L14.1 and L14.2: Never worked and long-term unemployed,5
E05013534,Perivale,16,White: Roma,9,L15: Full-time students,6
E05013534,Perivale,17,White: Other White,-8,Does not apply,464
E05013534,Perivale,17,White: Other White,1,"L1, L2 and L3: Higher managerial, administrative and professional occupations",207
E05013534,Perivale,17,White: Other White,2,"L4, L5 and L6: Lower managerial, administrative and professional occupations",358
E05013534,Perivale,17,White: Other White,3,L7: Intermediate occupations,201
E05013534,Perivale,17,White: Other White,4,L8 and L9: Small employers and own account workers,1014
E05013534,Perivale,17,White: Other White,5,L10 and L11: Lower supervisory and technical occupations,169
E05013534,Perivale,17,White: Other White,6,L12: Semi-routine occupations,233
E05013534,Perivale,17,White: Other White,7,L13: Routine occupations,452
E05013534,Perivale,17,White: Other White,8,L14.1 and L14.2: Never worked and long-term unemployed,130
E05013534,Perivale,17,White: Other White,9,L15: Full-time students,195
E05013534,Perivale,18,Other ethnic group: Arab,-8,Does not apply,462
E05013534,Perivale,18,Other ethnic group: Arab,1,"L1, L2 and L3: Higher managerial, administrative and professional occupations",115
E05013534,Perivale,18,Other ethnic group: Arab,2,"L4, L5 and L6: Lower managerial, administrative and professional occupations",161
E05013534,Perivale,18,Other ethnic group: Arab,3,L7: Intermediate occupations,82
E05013534,Perivale,18,Other ethnic group: Arab,4,L8 and L9: Small employers and own account workers,115
E05013534,Perivale,18,Other ethnic group: Arab,5,L10 and L11: Lower supervisory and technical occupations,39
E05013534,Perivale,18,Other ethnic group: Arab,6,L12: Semi-routine occupations,66
E05013534,Perivale,18,Other ethnic group: Arab,7,L13: Routine occupations,71
E05013534,Perivale,18,Other ethnic group: Arab,8,L14.1 and L14.2: Never worked and long-term unemployed,285
E05013534,Perivale,18,Other ethnic group: Arab,9,L15: Full-time students,197
E05013534,Perivale,19,Other ethnic group: Any other ethnic group,-8,Does not apply,168
E05013534,Perivale,19,Other ethnic group: Any other ethnic group,1,"L1, L2 and L3: Higher managerial, administrative and professional occupations",102
E05013534,Perivale,19,Other ethnic group: Any other ethnic group,2,"L4, L5 and L6: Lower managerial, administrative and professional occupations",141
E05013534,Perivale,19,Other ethnic group: Any other ethnic group,3,L7: Intermediate occupations,79
E05013534,Perivale,19,Other ethnic group: Any other ethnic group,4,L8 and L9: Small employers and own account workers,121
E05013534,Perivale,19,Other ethnic group: Any other ethnic group,5,L10 and L11: Lower supervisory and technical occupations,33
E05013534,Perivale,19,Other ethnic group: Any other ethnic group,6,L12: Semi-routine occupations,116
E05013534,Perivale,19,Other ethnic group: Any other ethnic group,7,L13: Routine occupations,102
E05013534,Perivale,19,Other ethnic group: Any other ethnic group,8,L14.1 and L14.2: Never worked and long-term unemployed,178
E05013534,Perivale,19,Other ethnic group: Any other ethnic group,9,L15: Full-time students,85
E05013535,Pitshanger,-8,Does not apply,-8,Does not apply,0
E05013535,Pitshanger,-8,Does not apply,1,"L1, L2 and L3: Higher managerial, administrative and professional occupations",0
E05013535,Pitshanger,-8,Does not apply,2,"L4, L5 and L6: Lower managerial, administrative and professional occupations",0
E05013535,Pitshanger,-8,Does not apply,3,L7: Intermediate occupations,0
E05013535,Pitshanger,-8,Does not apply,4,L8 and L9: Small employers and own account workers,0
E05013535,Pitshanger,-8,Does not apply,5,L10 and L11: Lower supervisory and technical occupations,0
E05013535,Pitshanger,-8,Does not apply,6,L12: Semi-routine occupations,0
E05013535,Pitshanger,-8,Does not apply,7,L13: Routine occupations,0
E05013535,Pitshanger,-8,Does not apply,8,L14.1 and L14.2: Never worked and long-term unemployed,0
E05013535,Pitshanger,-8,Does not apply,9,L15: Full-time students,0
E05013535,Pitshanger,1,"Asian, Asian British or Asian Welsh: Bangladeshi",-8,Does not apply,22
E05013535,Pitshanger,1,"Asian, Asian British or Asian Welsh: Bangladeshi",1,"L1, L2 and L3: Higher managerial, administrative and professional occupations",11
E05013535,Pitshanger,1,"Asian, Asian British or Asian Welsh: Bangladeshi",2,"L4, L5 and L6: Lower managerial, administrative and professional occupations",7
E05013535,Pitshanger,1,"Asian, Asian British or Asian Welsh: Bangladeshi",3,L7: Intermediate occupations,5
E05013535,Pitshanger,1,"Asian, Asian British or Asian Welsh: Bangladeshi",4,L8 and L9: Small employers and own account workers,4
E05013535,Pitshanger,1,"Asian, Asian British or Asian Welsh: Bangladeshi",5,L10 and L11: Lower supervisory and technical occupations,1
E05013535,Pitshanger,1,"Asian, Asian British or Asian Welsh: Bangladeshi",6,L12: Semi-routine occupations,8
E05013535,Pitshanger,1,"Asian, Asian British or Asian Welsh: Bangladeshi",7,L13: Routine occupations,6
E05013535,Pitshanger,1,"Asian, Asian British or Asian Welsh: Bangladeshi",8,L14.1 and L14.2: Never worked and long-term unemployed,4
E05013535,Pitshanger,1,"Asian, Asian British or Asian Welsh: Bangladeshi",9,L15: Full-time students,5
E05013535,Pitshanger,2,"Asian, Asian British or Asian Welsh: Chinese",-8,Does not apply,25
E05013535,Pitshanger,2,"Asian, Asian British or Asian Welsh: Chinese",1,"L1, L2 and L3: Higher managerial, administrative and professional occupations",57
E05013535,Pitshanger,2,"Asian, Asian British or Asian Welsh: Chinese",2,"L4, L5 and L6: Lower managerial, administrative and professional occupations",23
E05013535,Pitshanger,2,"Asian, Asian British or Asian Welsh: Chinese",3,L7: Intermediate occupations,13
E05013535,Pitshanger,2,"Asian, Asian British or Asian Welsh: Chinese",4,L8 and L9: Small employers and own account workers,6
E05013535,Pitshanger,2,"Asian, Asian British or Asian Welsh: Chinese",5,L10 and L11: Lower supervisory and technical occupations,3
E05013535,Pitshanger,2,"Asian, Asian British or Asian Welsh: Chinese",6,L12: Semi-routine occupations,13
E05013535,Pitshanger,2,"Asian, Asian British or Asian Welsh: Chinese",7,L13: Routine occupations,6
E05013535,Pitshanger,2,"Asian, Asian British or Asian Welsh: Chinese",8,L14.1 and L14.2: Never worked and long-term unemployed,21
E05013535,Pitshanger,2,"Asian, Asian British or Asian Welsh: Chinese",9,L15: Full-time students,9
E05013535,Pitshanger,3,"Asian, Asian British or Asian Welsh: Indian",-8,Does not apply,169
E05013535,Pitshanger,3,"Asian, Asian British or Asian Welsh: Indian",1,"L1, L2 and L3: Higher managerial, administrative and professional occupations",212
E05013535,Pitshanger,3,"Asian, Asian British or Asian Welsh: Indian",2,"L4, L5 and L6: Lower managerial, administrative and professional occupations",147
E05013535,Pitshanger,3,"Asian, Asian British or Asian Welsh: Indian",3,L7: Intermediate occupations,72
E05013535,Pitshanger,3,"Asian, Asian British or Asian Welsh: Indian",4,L8 and L9: Small employers and own account workers,48
E05013535,Pitshanger,3,"Asian, Asian British or Asian Welsh: Indian",5,L10 and L11: Lower supervisory and technical occupations,24
E05013535,Pitshanger,3,"Asian, Asian British or Asian Welsh: Indian",6,L12: Semi-routine occupations,48
E05013535,Pitshanger,3,"Asian, Asian British or Asian Welsh: Indian",7,L13: Routine occupations,46
E05013535,Pitshanger,3,"Asian, Asian British or Asian Welsh: Indian",8,L14.1 and L14.2: Never worked and long-term unemployed,100
E05013535,Pitshanger,3,"Asian, Asian British or Asian Welsh: Indian",9,L15: Full-time students,79
E05013535,Pitshanger,4,"Asian, Asian British or Asian Welsh: Pakistani",-8,Does not apply,82
E05013535,Pitshanger,4,"Asian, Asian British or Asian Welsh: Pakistani",1,"L1, L2 and L3: Higher managerial, administrative and professional occupations",35
E05013535,Pitshanger,4,"Asian, Asian British or Asian Welsh: Pakistani",2,"L4, L5 and L6: Lower managerial, administrative and professional occupations",38
E05013535,Pitshanger,4,"Asian, Asian British or Asian Welsh: Pakistani",3,L7: Intermediate occupations,27
E05013535,Pitshanger,4,"Asian, Asian British or Asian Welsh: Pakistani",4,L8 and L9: Small employers and own account workers,23
E05013535,Pitshanger,4,"Asian, Asian British or Asian Welsh: Pakistani",5,L10 and L11: Lower supervisory and technical occupations,17
E05013535,Pitshanger,4,"Asian, Asian British or Asian Welsh: Pakistani",6,L12: Semi-routine occupations,26
E05013535,Pitshanger,4,"Asian, Asian British or Asian Welsh: Pakistani",7,L13: Routine occupations,18
E05013535,Pitshanger,4,"Asian, Asian British or Asian Welsh: Pakistani",8,L14.1 and L14.2: Never worked and long-term unemployed,56
E05013535,Pitshanger,4,"Asian, Asian British or Asian Welsh: Pakistani",9,L15: Full-time students,29
E05013535,Pitshanger,5,"Asian, Asian British or Asian Welsh: Other Asian",-8,Does not apply,239
E05013535,Pitshanger,5,"Asian, Asian British or Asian Welsh: Other Asian",1,"L1, L2 and L3: Higher managerial, administrative and professional occupations",107
E05013535,Pitshanger,5,"Asian, Asian British or Asian Welsh: Other Asian",2,"L4, L5 and L6: Lower managerial, administrative and professional occupations",96
E05013535,Pitshanger,5,"Asian, Asian British or Asian Welsh: Other Asian",3,L7: Intermediate occupations,45
E05013535,Pitshanger,5,"Asian, Asian British or Asian Welsh: Other Asian",4,L8 and L9: Small employers and own account workers,69
E05013535,Pitshanger,5,"Asian, Asian British or Asian Welsh: Other Asian",5,L10 and L11: Lower supervisory and technical occupations,18
E05013535,Pitshanger,5,"Asian, Asian British or Asian Welsh: Other Asian",6,L12: Semi-routine occupations,40
E05013535,Pitshanger,5,"Asian, Asian British or Asian Welsh: Other Asian",7,L13: Routine occupations,49
E05013535,Pitshanger,5,"Asian, Asian British or Asian Welsh: Other Asian",8,L14.1 and L14.2: Never worked and long-term unemployed,137
E05013535,Pitshanger,5,"Asian, Asian British or Asian Welsh: Other Asian",9,L15: Full-time students,63
E05013535,Pitshanger,6,"Black, Black British, Black Welsh, Caribbean or African: African",-8,Does not apply,393
E05013535,Pitshanger,6,"Black, Black British, Black Welsh, Caribbean or African: African",1,"L1, L2 and L3: Higher managerial, administrative and professional occupations",63
E05013535,Pitshanger,6,"Black, Black British, Black Welsh, Caribbean or African: African",2,"L4, L5 and L6: Lower managerial, administrative and professional occupations",110
E05013535,Pitshanger,6,"Black, Black British, Black Welsh, Caribbean or African: African",3,L7: Intermediate occupations,72
E05013535,Pitshanger,6,"Black, Black British, Black Welsh, Caribbean or African: African",4,L8 and L9: Small employers and own account workers,54
E05013535,Pitshanger,6,"Black, Black British, Black Welsh, Caribbean or African: African",5,L10 and L11: Lower supervisory and technical occupations,17
E05013535,Pitshanger,6,"Black, Black British, Black Welsh, Caribbean or African: African",6,L12: Semi-routine occupations,125
E05013535,Pitshanger,6,"Black, Black British, Black Welsh, Caribbean or African: African",7,L13: Routine occupations,87
E05013535,Pitshanger,6,"Black, Black British, Black Welsh, Caribbean or African: African",8,L14.1 and L14.2: Never worked and long-term unemployed,194
E05013535,Pitshanger,6,"Black, Black British, Black Welsh, Caribbean or African: African",9,L15: Full-time students,209
E05013535,Pitshanger,7,"Black, Black British, Black Welsh, Caribbean or African: Caribbean",-8,Does not apply,60
E05013535,Pitshanger,7,"Black, Black British, Black Welsh, Caribbean or African: Caribbean",1,"L1, L2 and L3: Higher managerial, administrative and professional occupations",37
E05013535,Pitshanger,7,"Black, Black British, Black Welsh, Caribbean or African: Caribbean",2,"L4, L5 and L6: Lower managerial, administrative and professional occupations",69
E05013535,Pitshanger,7,"Black, Black British, Black Welsh, Caribbean or African: Caribbean",3,L7: Intermediate occupations,52
E05013535,Pitshanger,7,"Black, Black British, Black Welsh, Caribbean or African: Caribbean",4,L8 and L9: Small employers and own account workers,27
E05013535,Pitshanger,7,"Black, Black British, Black Welsh, Caribbean or African: Caribbean",5,L10 and L11: Lower supervisory and technical occupations,22
E05013535,Pitshanger,7,"Black, Black British, Black Welsh, Caribbean or African: Caribbean",6,L12: Semi-routine occupations,52
E05013535,Pitshanger,7,"Black, Black British, Black Welsh, Caribbean or African: Caribbean",7,L13: Routine occupations,47
E05013535,Pitshanger,7,"Black, Black British, Black Welsh, Caribbean or African: Caribbean",8,L14.1 and L14.2: Never worked and long-term unemployed,55
E05013535,Pitshanger,7,"Black, Black British, Black Welsh, Caribbean or African: Caribbean",9,L15: Full-time students,29
E05013535,Pitshanger,8,"Black, Black British, Black Welsh, Caribbean or African: Other Black",-8,Does not apply,65
E05013535,Pitshanger,8,"Black, Black British, Black Welsh, Caribbean or African: Other Black",1,"L1, L2 and L3: Higher managerial, administrative and professional occupations",8
E05013535,Pitshanger,8,"Black, Black British, Black Welsh, Caribbean or African: Other Black",2,"L4, L5 and L6: Lower managerial, administrative and professional occupations",12
E05013535,Pitshanger,8,"Black, Black British, Black Welsh, Caribbean or African: Other Black",3,L7: Intermediate occupations,22
E05013535,Pitshanger,8,"Black, Black British, Black Welsh, Caribbean or African: Other Black",4,L8 and L9: Small employers and own account workers,13
E05013535,Pitshanger,8,"Black, Black British, Black Welsh, Caribbean or African: Other Black",5,L10 and L11: Lower supervisory and technical occupations,4
E05013535,Pitshanger,8,"Black, Black British, Black Welsh, Caribbean or African: Other Black",6,L12: Semi-routine occupations,21
E05013535,Pitshanger,8,"Black, Black British, Black Welsh, Caribbean or African: Other Black",7,L13: Routine occupations,16
E05013535,Pitshanger,8,"Black, Black British, Black Welsh, Caribbean or African: Other Black",8,L14.1 and L14.2: Never worked and long-term unemployed,19
E05013535,Pitshanger,8,"Black, Black British, Black Welsh, Caribbean or African: Other Black",9,L15: Full-time students,20
E05013535,Pitshanger,9,Mixed or Multiple ethnic groups: White and Asian,-8,Does not apply,155
E05013535,Pitshanger,9,Mixed or Multiple ethnic groups: White and Asian,1,"L1, L2 and L3: Higher managerial, administrative and professional occupations",34
E05013535,Pitshanger,9,Mixed or Multiple ethnic groups: White and Asian,2,"L4, L5 and L6: Lower managerial, administrative and professional occupations",36
E05013535,Pitshanger,9,Mixed or Multiple ethnic groups: White and Asian,3,L7: Intermediate occupations,13
E05013535,Pitshanger,9,Mixed or Multiple ethnic groups: White and Asian,4,L8 and L9: Small employers and own account workers,9
E05013535,Pitshanger,9,Mixed or Multiple ethnic groups: White and Asian,5,L10 and L11: Lower supervisory and technical occupations,1
E05013535,Pitshanger,9,Mixed or Multiple ethnic groups: White and Asian,6,L12: Semi-routine occupations,7
E05013535,Pitshanger,9,Mixed or Multiple ethnic groups: White and Asian,7,L13: Routine occupations,6
E05013535,Pitshanger,9,Mixed or Multiple ethnic groups: White and Asian,8,L14.1 and L14.2: Never worked and long-term unemployed,12
E05013535,Pitshanger,9,Mixed or Multiple ethnic groups: White and Asian,9,L15: Full-time students,25
E05013535,Pitshanger,10,Mixed or Multiple ethnic groups: White and Black African,-8,Does not apply,35
E05013535,Pitshanger,10,Mixed or Multiple ethnic groups: White and Black African,1,"L1, L2 and L3: Higher managerial, administrative and professional occupations",8
E05013535,Pitshanger,10,Mixed or Multiple ethnic groups: White and Black African,2,"L4, L5 and L6: Lower managerial, administrative and professional occupations",10
E05013535,Pitshanger,10,Mixed or Multiple ethnic groups: White and Black African,3,L7: Intermediate occupations,6
E05013535,Pitshanger,10,Mixed or Multiple ethnic groups: White and Black African,4,L8 and L9: Small employers and own account workers,7
E05013535,Pitshanger,10,Mixed or Multiple ethnic groups: White and Black African,5,L10 and L11: Lower supervisory and technical occupations,3
E05013535,Pitshanger,10,Mixed or Multiple ethnic groups: White and Black African,6,L12: Semi-routine occupations,6
E05013535,Pitshanger,10,Mixed or Multiple ethnic groups: White and Black African,7,L13: Routine occupations,4
E05013535,Pitshanger,10,Mixed or Multiple ethnic groups: White and Black African,8,L14.1 and L14.2: Never worked and long-term unemployed,6
E05013535,Pitshanger,10,Mixed or Multiple ethnic groups: White and Black African,9,L15: Full-time students,5
E05013535,Pitshanger,11,Mixed or Multiple ethnic groups: White and Black Caribbean,-8,Does not apply,70
E05013535,Pitshanger,11,Mixed or Multiple ethnic groups: White and Black Caribbean,1,"L1, L2 and L3: Higher managerial, administrative and professional occupations",15
E05013535,Pitshanger,11,Mixed or Multiple ethnic groups: White and Black Caribbean,2,"L4, L5 and L6: Lower managerial, administrative and professional occupations",21
E05013535,Pitshanger,11,Mixed or Multiple ethnic groups: White and Black Caribbean,3,L7: Intermediate occupations,15
E05013535,Pitshanger,11,Mixed or Multiple ethnic groups: White and Black Caribbean,4,L8 and L9: Small employers and own account workers,10
E05013535,Pitshanger,11,Mixed or Multiple ethnic groups: White and Black Caribbean,5,L10 and L11: Lower supervisory and technical occupations,3
E05013535,Pitshanger,11,Mixed or Multiple ethnic groups: White and Black Caribbean,6,L12: Semi-routine occupations,15
E05013535,Pitshanger,11,Mixed or Multiple ethnic groups: White and Black Caribbean,7,L13: Routine occupations,12
E05013535,Pitshanger,11,Mixed or Multiple ethnic groups: White and Black Caribbean,8,L14.1 and L14.2: Never worked and long-term unemployed,16
E05013535,Pitshanger,11,Mixed or Multiple ethnic groups: White and Black Caribbean,9,L15: Full-time students,18
E05013535,Pitshanger,12,Mixed or Multiple ethnic groups: Other Mixed or Multiple ethnic groups,-8,Does not apply,147
E05013535,Pitshanger,12,Mixed or Multiple ethnic groups: Other Mixed or Multiple ethnic groups,1,"L1, L2 and L3: Higher managerial, administrative and professional occupations",41
E05013535,Pitshanger,12,Mixed or Multiple ethnic groups: Other Mixed or Multiple ethnic groups,2,"L4, L5 and L6: Lower managerial, administrative and professional occupations",44
E05013535,Pitshanger,12,Mixed or Multiple ethnic groups: Other Mixed or Multiple ethnic groups,3,L7: Intermediate occupations,28
E05013535,Pitshanger,12,Mixed or Multiple ethnic groups: Other Mixed or Multiple ethnic groups,4,L8 and L9: Small employers and own account workers,31
E05013535,Pitshanger,12,Mixed or Multiple ethnic groups: Other Mixed or Multiple ethnic groups,5,L10 and L11: Lower supervisory and technical occupations,5
E05013535,Pitshanger,12,Mixed or Multiple ethnic groups: Other Mixed or Multiple ethnic groups,6,L12: Semi-routine occupations,17
E05013535,Pitshanger,12,Mixed or Multiple ethnic groups: Other Mixed or Multiple ethnic groups,7,L13: Routine occupations,9
E05013535,Pitshanger,12,Mixed or Multiple ethnic groups: Other Mixed or Multiple ethnic groups,8,L14.1 and L14.2: Never worked and long-term unemployed,9
E05013535,Pitshanger,12,Mixed or Multiple ethnic groups: Other Mixed or Multiple ethnic groups,9,L15: Full-time students,30
E05013535,Pitshanger,13,"White: English, Welsh, Scottish, Northern Irish or British",-8,Does not apply,953
E05013535,Pitshanger,13,"White: English, Welsh, Scottish, Northern Irish or British",1,"L1, L2 and L3: Higher managerial, administrative and professional occupations",1102
E05013535,Pitshanger,13,"White: English, Welsh, Scottish, Northern Irish or British",2,"L4, L5 and L6: Lower managerial, administrative and professional occupations",1244
E05013535,Pitshanger,13,"White: English, Welsh, Scottish, Northern Irish or British",3,L7: Intermediate occupations,513
E05013535,Pitshanger,13,"White: English, Welsh, Scottish, Northern Irish or British",4,L8 and L9: Small employers and own account workers,427
E05013535,Pitshanger,13,"White: English, Welsh, Scottish, Northern Irish or British",5,L10 and L11: Lower supervisory and technical occupations,120
E05013535,Pitshanger,13,"White: English, Welsh, Scottish, Northern Irish or British",6,L12: Semi-routine occupations,213
E05013535,Pitshanger,13,"White: English, Welsh, Scottish, Northern Irish or British",7,L13: Routine occupations,207
E05013535,Pitshanger,13,"White: English, Welsh, Scottish, Northern Irish or British",8,L14.1 and L14.2: Never worked and long-term unemployed,230
E05013535,Pitshanger,13,"White: English, Welsh, Scottish, Northern Irish or British",9,L15: Full-time students,285
E05013535,Pitshanger,14,White: Irish,-8,Does not apply,22
E05013535,Pitshanger,14,White: Irish,1,"L1, L2 and L3: Higher managerial, administrative and professional occupations",119
E05013535,Pitshanger,14,White: Irish,2,"L4, L5 and L6: Lower managerial, administrative and professional occupations",115
E05013535,Pitshanger,14,White: Irish,3,L7: Intermediate occupations,59
E05013535,Pitshanger,14,White: Irish,4,L8 and L9: Small employers and own account workers,60
E05013535,Pitshanger,14,White: Irish,5,L10 and L11: Lower supervisory and technical occupations,14
E05013535,Pitshanger,14,White: Irish,6,L12: Semi-routine occupations,28
E05013535,Pitshanger,14,White: Irish,7,L13: Routine occupations,44
E05013535,Pitshanger,14,White: Irish,8,L14.1 and L14.2: Never worked and long-term unemployed,30
E05013535,Pitshanger,14,White: Irish,9,L15: Full-time students,16
E05013535,Pitshanger,15,White: Gypsy or Irish Traveller,-8,Does not apply,6
E05013535,Pitshanger,15,White: Gypsy or Irish Traveller,1,"L1, L2 and L3: Higher managerial, administrative and professional occupations",0
E05013535,Pitshanger,15,White: Gypsy or Irish Traveller,2,"L4, L5 and L6: Lower managerial, administrative and professional occupations",0
E05013535,Pitshanger,15,White: Gypsy or Irish Traveller,3,L7: Intermediate occupations,0
E05013535,Pitshanger,15,White: Gypsy or Irish Traveller,4,L8 and L9: Small employers and own account workers,0
E05013535,Pitshanger,15,White: Gypsy or Irish Traveller,5,L10 and L11: Lower supervisory and technical occupations,0
E05013535,Pitshanger,15,White: Gypsy or Irish Traveller,6,L12: Semi-routine occupations,0
E05013535,Pitshanger,15,White: Gypsy or Irish Traveller,7,L13: Routine occupations,4
E05013535,Pitshanger,15,White: Gypsy or Irish Traveller,8,L14.1 and L14.2: Never worked and long-term unemployed,6
E05013535,Pitshanger,15,White: Gypsy or Irish Traveller,9,L15: Full-time students,0
E05013535,Pitshanger,16,White: Roma,-8,Does not apply,1
E05013535,Pitshanger,16,White: Roma,1,"L1, L2 and L3: Higher managerial, administrative and professional occupations",7
E05013535,Pitshanger,16,White: Roma,2,"L4, L5 and L6: Lower managerial, administrative and professional occupations",6
E05013535,Pitshanger,16,White: Roma,3,L7: Intermediate occupations,1
E05013535,Pitshanger,16,White: Roma,4,L8 and L9: Small employers and own account workers,6
E05013535,Pitshanger,16,White: Roma,5,L10 and L11: Lower supervisory and technical occupations,3
E05013535,Pitshanger,16,White: Roma,6,L12: Semi-routine occupations,1
E05013535,Pitshanger,16,White: Roma,7,L13: Routine occupations,4
E05013535,Pitshanger,16,White: Roma,8,L14.1 and L14.2: Never worked and long-term unemployed,2
E05013535,Pitshanger,16,White: Roma,9,L15: Full-time students,1
E05013535,Pitshanger,17,White: Other White,-8,Does not apply,327
E05013535,Pitshanger,17,White: Other White,1,"L1, L2 and L3: Higher managerial, administrative and professional occupations",490
E05013535,Pitshanger,17,White: Other White,2,"L4, L5 and L6: Lower managerial, administrative and professional occupations",467
E05013535,Pitshanger,17,White: Other White,3,L7: Intermediate occupations,226
E05013535,Pitshanger,17,White: Other White,4,L8 and L9: Small employers and own account workers,381
E05013535,Pitshanger,17,White: Other White,5,L10 and L11: Lower supervisory and technical occupations,89
E05013535,Pitshanger,17,White: Other White,6,L12: Semi-routine occupations,141
E05013535,Pitshanger,17,White: Other White,7,L13: Routine occupations,188
E05013535,Pitshanger,17,White: Other White,8,L14.1 and L14.2: Never worked and long-term unemployed,125
E05013535,Pitshanger,17,White: Other White,9,L15: Full-time students,123
E05013535,Pitshanger,18,Other ethnic group: Arab,-8,Does not apply,173
E05013535,Pitshanger,18,Other ethnic group: Arab,1,"L1, L2 and L3: Higher managerial, administrative and professional occupations",49
E05013535,Pitshanger,18,Other ethnic group: Arab,2,"L4, L5 and L6: Lower managerial, administrative and professional occupations",58
E05013535,Pitshanger,18,Other ethnic group: Arab,3,L7: Intermediate occupations,23
E05013535,Pitshanger,18,Other ethnic group: Arab,4,L8 and L9: Small employers and own account workers,46
E05013535,Pitshanger,18,Other ethnic group: Arab,5,L10 and L11: Lower supervisory and technical occupations,11
E05013535,Pitshanger,18,Other ethnic group: Arab,6,L12: Semi-routine occupations,27
E05013535,Pitshanger,18,Other ethnic group: Arab,7,L13: Routine occupations,28
E05013535,Pitshanger,18,Other ethnic group: Arab,8,L14.1 and L14.2: Never worked and long-term unemployed,107
E05013535,Pitshanger,18,Other ethnic group: Arab,9,L15: Full-time students,64
E05013535,Pitshanger,19,Other ethnic group: Any other ethnic group,-8,Does not apply,143
E05013535,Pitshanger,19,Other ethnic group: Any other ethnic group,1,"L1, L2 and L3: Higher managerial, administrative and professional occupations",95
E05013535,Pitshanger,19,Other ethnic group: Any other ethnic group,2,"L4, L5 and L6: Lower managerial, administrative and professional occupations",144
E05013535,Pitshanger,19,Other ethnic group: Any other ethnic group,3,L7: Intermediate occupations,68
E05013535,Pitshanger,19,Other ethnic group: Any other ethnic group,4,L8 and L9: Small employers and own account workers,78
E05013535,Pitshanger,19,Other ethnic group: Any other ethnic group,5,L10 and L11: Lower supervisory and technical occupations,19
E05013535,Pitshanger,19,Other ethnic group: Any other ethnic group,6,L12: Semi-routine occupations,57
E05013535,Pitshanger,19,Other ethnic group: Any other ethnic group,7,L13: Routine occupations,54
E05013535,Pitshanger,19,Other ethnic group: Any other ethnic group,8,L14.1 and L14.2: Never worked and long-term unemployed,134
E05013535,Pitshanger,19,Other ethnic group: Any other ethnic group,9,L15: Full-time students,56
E05013536,South Acton,-8,Does not apply,-8,Does not apply,0
E05013536,South Acton,-8,Does not apply,1,"L1, L2 and L3: Higher managerial, administrative and professional occupations",0
E05013536,South Acton,-8,Does not apply,2,"L4, L5 and L6: Lower managerial, administrative and professional occupations",0
E05013536,South Acton,-8,Does not apply,3,L7: Intermediate occupations,0
E05013536,South Acton,-8,Does not apply,4,L8 and L9: Small employers and own account workers,0
E05013536,South Acton,-8,Does not apply,5,L10 and L11: Lower supervisory and technical occupations,0
E05013536,South Acton,-8,Does not apply,6,L12: Semi-routine occupations,0
E05013536,South Acton,-8,Does not apply,7,L13: Routine occupations,0
E05013536,South Acton,-8,Does not apply,8,L14.1 and L14.2: Never worked and long-term unemployed,0
E05013536,South Acton,-8,Does not apply,9,L15: Full-time students,0
E05013536,South Acton,1,"Asian, Asian British or Asian Welsh: Bangladeshi",-8,Does not apply,21
E05013536,South Acton,1,"Asian, Asian British or Asian Welsh: Bangladeshi",1,"L1, L2 and L3: Higher managerial, administrative and professional occupations",9
E05013536,South Acton,1,"Asian, Asian British or Asian Welsh: Bangladeshi",2,"L4, L5 and L6: Lower managerial, administrative and professional occupations",7
E05013536,South Acton,1,"Asian, Asian British or Asian Welsh: Bangladeshi",3,L7: Intermediate occupations,3
E05013536,South Acton,1,"Asian, Asian British or Asian Welsh: Bangladeshi",4,L8 and L9: Small employers and own account workers,3
E05013536,South Acton,1,"Asian, Asian British or Asian Welsh: Bangladeshi",5,L10 and L11: Lower supervisory and technical occupations,3
E05013536,South Acton,1,"Asian, Asian British or Asian Welsh: Bangladeshi",6,L12: Semi-routine occupations,8
E05013536,South Acton,1,"Asian, Asian British or Asian Welsh: Bangladeshi",7,L13: Routine occupations,3
E05013536,South Acton,1,"Asian, Asian British or Asian Welsh: Bangladeshi",8,L14.1 and L14.2: Never worked and long-term unemployed,14
E05013536,South Acton,1,"Asian, Asian British or Asian Welsh: Bangladeshi",9,L15: Full-time students,7
E05013536,South Acton,2,"Asian, Asian British or Asian Welsh: Chinese",-8,Does not apply,25
E05013536,South Acton,2,"Asian, Asian British or Asian Welsh: Chinese",1,"L1, L2 and L3: Higher managerial, administrative and professional occupations",104
E05013536,South Acton,2,"Asian, Asian British or Asian Welsh: Chinese",2,"L4, L5 and L6: Lower managerial, administrative and professional occupations",79
E05013536,South Acton,2,"Asian, Asian British or Asian Welsh: Chinese",3,L7: Intermediate occupations,19
E05013536,South Acton,2,"Asian, Asian British or Asian Welsh: Chinese",4,L8 and L9: Small employers and own account workers,21
E05013536,South Acton,2,"Asian, Asian British or Asian Welsh: Chinese",5,L10 and L11: Lower supervisory and technical occupations,8
E05013536,South Acton,2,"Asian, Asian British or Asian Welsh: Chinese",6,L12: Semi-routine occupations,15
E05013536,South Acton,2,"Asian, Asian British or Asian Welsh: Chinese",7,L13: Routine occupations,11
E05013536,South Acton,2,"Asian, Asian British or Asian Welsh: Chinese",8,L14.1 and L14.2: Never worked and long-term unemployed,20
E05013536,South Acton,2,"Asian, Asian British or Asian Welsh: Chinese",9,L15: Full-time students,22
E05013536,South Acton,3,"Asian, Asian British or Asian Welsh: Indian",-8,Does not apply,62
E05013536,South Acton,3,"Asian, Asian British or Asian Welsh: Indian",1,"L1, L2 and L3: Higher managerial, administrative and professional occupations",136
E05013536,South Acton,3,"Asian, Asian British or Asian Welsh: Indian",2,"L4, L5 and L6: Lower managerial, administrative and professional occupations",105
E05013536,South Acton,3,"Asian, Asian British or Asian Welsh: Indian",3,L7: Intermediate occupations,49
E05013536,South Acton,3,"Asian, Asian British or Asian Welsh: Indian",4,L8 and L9: Small employers and own account workers,34
E05013536,South Acton,3,"Asian, Asian British or Asian Welsh: Indian",5,L10 and L11: Lower supervisory and technical occupations,14
E05013536,South Acton,3,"Asian, Asian British or Asian Welsh: Indian",6,L12: Semi-routine occupations,46
E05013536,South Acton,3,"Asian, Asian British or Asian Welsh: Indian",7,L13: Routine occupations,44
E05013536,South Acton,3,"Asian, Asian British or Asian Welsh: Indian",8,L14.1 and L14.2: Never worked and long-term unemployed,58
E05013536,South Acton,3,"Asian, Asian British or Asian Welsh: Indian",9,L15: Full-time students,38
E05013536,South Acton,4,"Asian, Asian British or Asian Welsh: Pakistani",-8,Does not apply,61
E05013536,South Acton,4,"Asian, Asian British or Asian Welsh: Pakistani",1,"L1, L2 and L3: Higher managerial, administrative and professional occupations",39
E05013536,South Acton,4,"Asian, Asian British or Asian Welsh: Pakistani",2,"L4, L5 and L6: Lower managerial, administrative and professional occupations",36
E05013536,South Acton,4,"Asian, Asian British or Asian Welsh: Pakistani",3,L7: Intermediate occupations,16
E05013536,South Acton,4,"Asian, Asian British or Asian Welsh: Pakistani",4,L8 and L9: Small employers and own account workers,15
E05013536,South Acton,4,"Asian, Asian British or Asian Welsh: Pakistani",5,L10 and L11: Lower supervisory and technical occupations,10
E05013536,South Acton,4,"Asian, Asian British or Asian Welsh: Pakistani",6,L12: Semi-routine occupations,13
E05013536,South Acton,4,"Asian, Asian British or Asian Welsh: Pakistani",7,L13: Routine occupations,13
E05013536,South Acton,4,"Asian, Asian British or Asian Welsh: Pakistani",8,L14.1 and L14.2: Never worked and long-term unemployed,57
E05013536,South Acton,4,"Asian, Asian British or Asian Welsh: Pakistani",9,L15: Full-time students,25
E05013536,South Acton,5,"Asian, Asian British or Asian Welsh: Other Asian",-8,Does not apply,198
E05013536,South Acton,5,"Asian, Asian British or Asian Welsh: Other Asian",1,"L1, L2 and L3: Higher managerial, administrative and professional occupations",104
E05013536,South Acton,5,"Asian, Asian British or Asian Welsh: Other Asian",2,"L4, L5 and L6: Lower managerial, administrative and professional occupations",121
E05013536,South Acton,5,"Asian, Asian British or Asian Welsh: Other Asian",3,L7: Intermediate occupations,50
E05013536,South Acton,5,"Asian, Asian British or Asian Welsh: Other Asian",4,L8 and L9: Small employers and own account workers,87
E05013536,South Acton,5,"Asian, Asian British or Asian Welsh: Other Asian",5,L10 and L11: Lower supervisory and technical occupations,27
E05013536,South Acton,5,"Asian, Asian British or Asian Welsh: Other Asian",6,L12: Semi-routine occupations,70
E05013536,South Acton,5,"Asian, Asian British or Asian Welsh: Other Asian",7,L13: Routine occupations,83
E05013536,South Acton,5,"Asian, Asian British or Asian Welsh: Other Asian",8,L14.1 and L14.2: Never worked and long-term unemployed,166
E05013536,South Acton,5,"Asian, Asian British or Asian Welsh: Other Asian",9,L15: Full-time students,88
E05013536,South Acton,6,"Black, Black British, Black Welsh, Caribbean or African: African",-8,Does not apply,523
E05013536,South Acton,6,"Black, Black British, Black Welsh, Caribbean or African: African",1,"L1, L2 and L3: Higher managerial, administrative and professional occupations",95
E05013536,South Acton,6,"Black, Black British, Black Welsh, Caribbean or African: African",2,"L4, L5 and L6: Lower managerial, administrative and professional occupations",176
E05013536,South Acton,6,"Black, Black British, Black Welsh, Caribbean or African: African",3,L7: Intermediate occupations,104
E05013536,South Acton,6,"Black, Black British, Black Welsh, Caribbean or African: African",4,L8 and L9: Small employers and own account workers,109
E05013536,South Acton,6,"Black, Black British, Black Welsh, Caribbean or African: African",5,L10 and L11: Lower supervisory and technical occupations,33
E05013536,South Acton,6,"Black, Black British, Black Welsh, Caribbean or African: African",6,L12: Semi-routine occupations,176
E05013536,South Acton,6,"Black, Black British, Black Welsh, Caribbean or African: African",7,L13: Routine occupations,148
E05013536,South Acton,6,"Black, Black British, Black Welsh, Caribbean or African: African",8,L14.1 and L14.2: Never worked and long-term unemployed,266
E05013536,South Acton,6,"Black, Black British, Black Welsh, Caribbean or African: African",9,L15: Full-time students,227
E05013536,South Acton,7,"Black, Black British, Black Welsh, Caribbean or African: Caribbean",-8,Does not apply,82
E05013536,South Acton,7,"Black, Black British, Black Welsh, Caribbean or African: Caribbean",1,"L1, L2 and L3: Higher managerial, administrative and professional occupations",55
E05013536,South Acton,7,"Black, Black British, Black Welsh, Caribbean or African: Caribbean",2,"L4, L5 and L6: Lower managerial, administrative and professional occupations",135
E05013536,South Acton,7,"Black, Black British, Black Welsh, Caribbean or African: Caribbean",3,L7: Intermediate occupations,84
E05013536,South Acton,7,"Black, Black British, Black Welsh, Caribbean or African: Caribbean",4,L8 and L9: Small employers and own account workers,30
E05013536,South Acton,7,"Black, Black British, Black Welsh, Caribbean or African: Caribbean",5,L10 and L11: Lower supervisory and technical occupations,35
E05013536,South Acton,7,"Black, Black British, Black Welsh, Caribbean or African: Caribbean",6,L12: Semi-routine occupations,102
E05013536,South Acton,7,"Black, Black British, Black Welsh, Caribbean or African: Caribbean",7,L13: Routine occupations,74
E05013536,South Acton,7,"Black, Black British, Black Welsh, Caribbean or African: Caribbean",8,L14.1 and L14.2: Never worked and long-term unemployed,58
E05013536,South Acton,7,"Black, Black British, Black Welsh, Caribbean or African: Caribbean",9,L15: Full-time students,22
E05013536,South Acton,8,"Black, Black British, Black Welsh, Caribbean or African: Other Black",-8,Does not apply,98
E05013536,South Acton,8,"Black, Black British, Black Welsh, Caribbean or African: Other Black",1,"L1, L2 and L3: Higher managerial, administrative and professional occupations",9
E05013536,South Acton,8,"Black, Black British, Black Welsh, Caribbean or African: Other Black",2,"L4, L5 and L6: Lower managerial, administrative and professional occupations",32
E05013536,South Acton,8,"Black, Black British, Black Welsh, Caribbean or African: Other Black",3,L7: Intermediate occupations,15
E05013536,South Acton,8,"Black, Black British, Black Welsh, Caribbean or African: Other Black",4,L8 and L9: Small employers and own account workers,10
E05013536,South Acton,8,"Black, Black British, Black Welsh, Caribbean or African: Other Black",5,L10 and L11: Lower supervisory and technical occupations,8
E05013536,South Acton,8,"Black, Black British, Black Welsh, Caribbean or African: Other Black",6,L12: Semi-routine occupations,16
E05013536,South Acton,8,"Black, Black British, Black Welsh, Caribbean or African: Other Black",7,L13: Routine occupations,16
E05013536,South Acton,8,"Black, Black British, Black Welsh, Caribbean or African: Other Black",8,L14.1 and L14.2: Never worked and long-term unemployed,51
E05013536,South Acton,8,"Black, Black British, Black Welsh, Caribbean or African: Other Black",9,L15: Full-time students,19
E05013536,South Acton,9,Mixed or Multiple ethnic groups: White and Asian,-8,Does not apply,119
E05013536,South Acton,9,Mixed or Multiple ethnic groups: White and Asian,1,"L1, L2 and L3: Higher managerial, administrative and professional occupations",38
E05013536,South Acton,9,Mixed or Multiple ethnic groups: White and Asian,2,"L4, L5 and L6: Lower managerial, administrative and professional occupations",27
E05013536,South Acton,9,Mixed or Multiple ethnic groups: White and Asian,3,L7: Intermediate occupations,11
E05013536,South Acton,9,Mixed or Multiple ethnic groups: White and Asian,4,L8 and L9: Small employers and own account workers,12
E05013536,South Acton,9,Mixed or Multiple ethnic groups: White and Asian,5,L10 and L11: Lower supervisory and technical occupations,3
E05013536,South Acton,9,Mixed or Multiple ethnic groups: White and Asian,6,L12: Semi-routine occupations,11
E05013536,South Acton,9,Mixed or Multiple ethnic groups: White and Asian,7,L13: Routine occupations,2
E05013536,South Acton,9,Mixed or Multiple ethnic groups: White and Asian,8,L14.1 and L14.2: Never worked and long-term unemployed,12
E05013536,South Acton,9,Mixed or Multiple ethnic groups: White and Asian,9,L15: Full-time students,41
E05013536,South Acton,10,Mixed or Multiple ethnic groups: White and Black African,-8,Does not apply,75
E05013536,South Acton,10,Mixed or Multiple ethnic groups: White and Black African,1,"L1, L2 and L3: Higher managerial, administrative and professional occupations",16
E05013536,South Acton,10,Mixed or Multiple ethnic groups: White and Black African,2,"L4, L5 and L6: Lower managerial, administrative and professional occupations",21
E05013536,South Acton,10,Mixed or Multiple ethnic groups: White and Black African,3,L7: Intermediate occupations,6
E05013536,South Acton,10,Mixed or Multiple ethnic groups: White and Black African,4,L8 and L9: Small employers and own account workers,9
E05013536,South Acton,10,Mixed or Multiple ethnic groups: White and Black African,5,L10 and L11: Lower supervisory and technical occupations,6
E05013536,South Acton,10,Mixed or Multiple ethnic groups: White and Black African,6,L12: Semi-routine occupations,11
E05013536,South Acton,10,Mixed or Multiple ethnic groups: White and Black African,7,L13: Routine occupations,9
E05013536,South Acton,10,Mixed or Multiple ethnic groups: White and Black African,8,L14.1 and L14.2: Never worked and long-term unemployed,11
E05013536,South Acton,10,Mixed or Multiple ethnic groups: White and Black African,9,L15: Full-time students,5
E05013536,South Acton,11,Mixed or Multiple ethnic groups: White and Black Caribbean,-8,Does not apply,74
E05013536,South Acton,11,Mixed or Multiple ethnic groups: White and Black Caribbean,1,"L1, L2 and L3: Higher managerial, administrative and professional occupations",18
E05013536,South Acton,11,Mixed or Multiple ethnic groups: White and Black Caribbean,2,"L4, L5 and L6: Lower managerial, administrative and professional occupations",19
E05013536,South Acton,11,Mixed or Multiple ethnic groups: White and Black Caribbean,3,L7: Intermediate occupations,9
E05013536,South Acton,11,Mixed or Multiple ethnic groups: White and Black Caribbean,4,L8 and L9: Small employers and own account workers,11
E05013536,South Acton,11,Mixed or Multiple ethnic groups: White and Black Caribbean,5,L10 and L11: Lower supervisory and technical occupations,7
E05013536,South Acton,11,Mixed or Multiple ethnic groups: White and Black Caribbean,6,L12: Semi-routine occupations,18
E05013536,South Acton,11,Mixed or Multiple ethnic groups: White and Black Caribbean,7,L13: Routine occupations,17
E05013536,South Acton,11,Mixed or Multiple ethnic groups: White and Black Caribbean,8,L14.1 and L14.2: Never worked and long-term unemployed,27
E05013536,South Acton,11,Mixed or Multiple ethnic groups: White and Black Caribbean,9,L15: Full-time students,15
E05013536,South Acton,12,Mixed or Multiple ethnic groups: Other Mixed or Multiple ethnic groups,-8,Does not apply,172
E05013536,South Acton,12,Mixed or Multiple ethnic groups: Other Mixed or Multiple ethnic groups,1,"L1, L2 and L3: Higher managerial, administrative and professional occupations",65
E05013536,South Acton,12,Mixed or Multiple ethnic groups: Other Mixed or Multiple ethnic groups,2,"L4, L5 and L6: Lower managerial, administrative and professional occupations",64
E05013536,South Acton,12,Mixed or Multiple ethnic groups: Other Mixed or Multiple ethnic groups,3,L7: Intermediate occupations,29
E05013536,South Acton,12,Mixed or Multiple ethnic groups: Other Mixed or Multiple ethnic groups,4,L8 and L9: Small employers and own account workers,23
E05013536,South Acton,12,Mixed or Multiple ethnic groups: Other Mixed or Multiple ethnic groups,5,L10 and L11: Lower supervisory and technical occupations,5
E05013536,South Acton,12,Mixed or Multiple ethnic groups: Other Mixed or Multiple ethnic groups,6,L12: Semi-routine occupations,26
E05013536,South Acton,12,Mixed or Multiple ethnic groups: Other Mixed or Multiple ethnic groups,7,L13: Routine occupations,15
E05013536,South Acton,12,Mixed or Multiple ethnic groups: Other Mixed or Multiple ethnic groups,8,L14.1 and L14.2: Never worked and long-term unemployed,18
E05013536,South Acton,12,Mixed or Multiple ethnic groups: Other Mixed or Multiple ethnic groups,9,L15: Full-time students,37
E05013536,South Acton,13,"White: English, Welsh, Scottish, Northern Irish or British",-8,Does not apply,807
E05013536,South Acton,13,"White: English, Welsh, Scottish, Northern Irish or British",1,"L1, L2 and L3: Higher managerial, administrative and professional occupations",1073
E05013536,South Acton,13,"White: English, Welsh, Scottish, Northern Irish or British",2,"L4, L5 and L6: Lower managerial, administrative and professional occupations",1157
E05013536,South Acton,13,"White: English, Welsh, Scottish, Northern Irish or British",3,L7: Intermediate occupations,371
E05013536,South Acton,13,"White: English, Welsh, Scottish, Northern Irish or British",4,L8 and L9: Small employers and own account workers,402
E05013536,South Acton,13,"White: English, Welsh, Scottish, Northern Irish or British",5,L10 and L11: Lower supervisory and technical occupations,113
E05013536,South Acton,13,"White: English, Welsh, Scottish, Northern Irish or British",6,L12: Semi-routine occupations,222
E05013536,South Acton,13,"White: English, Welsh, Scottish, Northern Irish or British",7,L13: Routine occupations,238
E05013536,South Acton,13,"White: English, Welsh, Scottish, Northern Irish or British",8,L14.1 and L14.2: Never worked and long-term unemployed,309
E05013536,South Acton,13,"White: English, Welsh, Scottish, Northern Irish or British",9,L15: Full-time students,197
E05013536,South Acton,14,White: Irish,-8,Does not apply,19
E05013536,South Acton,14,White: Irish,1,"L1, L2 and L3: Higher managerial, administrative and professional occupations",82
E05013536,South Acton,14,White: Irish,2,"L4, L5 and L6: Lower managerial, administrative and professional occupations",105
E05013536,South Acton,14,White: Irish,3,L7: Intermediate occupations,38
E05013536,South Acton,14,White: Irish,4,L8 and L9: Small employers and own account workers,34
E05013536,South Acton,14,White: Irish,5,L10 and L11: Lower supervisory and technical occupations,16
E05013536,South Acton,14,White: Irish,6,L12: Semi-routine occupations,34
E05013536,South Acton,14,White: Irish,7,L13: Routine occupations,44
E05013536,South Acton,14,White: Irish,8,L14.1 and L14.2: Never worked and long-term unemployed,39
E05013536,South Acton,14,White: Irish,9,L15: Full-time students,8
E05013536,South Acton,15,White: Gypsy or Irish Traveller,-8,Does not apply,2
E05013536,South Acton,15,White: Gypsy or Irish Traveller,1,"L1, L2 and L3: Higher managerial, administrative and professional occupations",0
E05013536,South Acton,15,White: Gypsy or Irish Traveller,2,"L4, L5 and L6: Lower managerial, administrative and professional occupations",0
E05013536,South Acton,15,White: Gypsy or Irish Traveller,3,L7: Intermediate occupations,0
E05013536,South Acton,15,White: Gypsy or Irish Traveller,4,L8 and L9: Small employers and own account workers,1
E05013536,South Acton,15,White: Gypsy or Irish Traveller,5,L10 and L11: Lower supervisory and technical occupations,0
E05013536,South Acton,15,White: Gypsy or Irish Traveller,6,L12: Semi-routine occupations,3
E05013536,South Acton,15,White: Gypsy or Irish Traveller,7,L13: Routine occupations,1
E05013536,South Acton,15,White: Gypsy or Irish Traveller,8,L14.1 and L14.2: Never worked and long-term unemployed,2
E05013536,South Acton,15,White: Gypsy or Irish Traveller,9,L15: Full-time students,0
E05013536,South Acton,16,White: Roma,-8,Does not apply,15
E05013536,South Acton,16,White: Roma,1,"L1, L2 and L3: Higher managerial, administrative and professional occupations",12
E05013536,South Acton,16,White: Roma,2,"L4, L5 and L6: Lower managerial, administrative and professional occupations",24
E05013536,South Acton,16,White: Roma,3,L7: Intermediate occupations,2
E05013536,South Acton,16,White: Roma,4,L8 and L9: Small employers and own account workers,9
E05013536,South Acton,16,White: Roma,5,L10 and L11: Lower supervisory and technical occupations,18
E05013536,South Acton,16,White: Roma,6,L12: Semi-routine occupations,4
E05013536,South Acton,16,White: Roma,7,L13: Routine occupations,23
E05013536,South Acton,16,White: Roma,8,L14.1 and L14.2: Never worked and long-term unemployed,6
E05013536,South Acton,16,White: Roma,9,L15: Full-time students,4
E05013536,South Acton,17,White: Other White,-8,Does not apply,356
E05013536,South Acton,17,White: Other White,1,"L1, L2 and L3: Higher managerial, administrative and professional occupations",607
E05013536,South Acton,17,White: Other White,2,"L4, L5 and L6: Lower managerial, administrative and professional occupations",687
E05013536,South Acton,17,White: Other White,3,L7: Intermediate occupations,279
E05013536,South Acton,17,White: Other White,4,L8 and L9: Small employers and own account workers,497
E05013536,South Acton,17,White: Other White,5,L10 and L11: Lower supervisory and technical occupations,148
E05013536,South Acton,17,White: Other White,6,L12: Semi-routine occupations,184
E05013536,South Acton,17,White: Other White,7,L13: Routine occupations,287
E05013536,South Acton,17,White: Other White,8,L14.1 and L14.2: Never worked and long-term unemployed,193
E05013536,South Acton,17,White: Other White,9,L15: Full-time students,186
E05013536,South Acton,18,Other ethnic group: Arab,-8,Does not apply,287
E05013536,South Acton,18,Other ethnic group: Arab,1,"L1, L2 and L3: Higher managerial, administrative and professional occupations",56
E05013536,South Acton,18,Other ethnic group: Arab,2,"L4, L5 and L6: Lower managerial, administrative and professional occupations",79
E05013536,South Acton,18,Other ethnic group: Arab,3,L7: Intermediate occupations,39
E05013536,South Acton,18,Other ethnic group: Arab,4,L8 and L9: Small employers and own account workers,42
E05013536,South Acton,18,Other ethnic group: Arab,5,L10 and L11: Lower supervisory and technical occupations,26
E05013536,South Acton,18,Other ethnic group: Arab,6,L12: Semi-routine occupations,44
E05013536,South Acton,18,Other ethnic group: Arab,7,L13: Routine occupations,60
E05013536,South Acton,18,Other ethnic group: Arab,8,L14.1 and L14.2: Never worked and long-term unemployed,202
E05013536,South Acton,18,Other ethnic group: Arab,9,L15: Full-time students,80
E05013536,South Acton,19,Other ethnic group: Any other ethnic group,-8,Does not apply,158
E05013536,South Acton,19,Other ethnic group: Any other ethnic group,1,"L1, L2 and L3: Higher managerial, administrative and professional occupations",71
E05013536,South Acton,19,Other ethnic group: Any other ethnic group,2,"L4, L5 and L6: Lower managerial, administrative and professional occupations",85
E05013536,South Acton,19,Other ethnic group: Any other ethnic group,3,L7: Intermediate occupations,47
E05013536,South Acton,19,Other ethnic group: Any other ethnic group,4,L8 and L9: Small employers and own account workers,74
E05013536,South Acton,19,Other ethnic group: Any other ethnic group,5,L10 and L11: Lower supervisory and technical occupations,24
E05013536,South Acton,19,Other ethnic group: Any other ethnic group,6,L12: Semi-routine occupations,62
E05013536,South Acton,19,Other ethnic group: Any other ethnic group,7,L13: Routine occupations,84
E05013536,South Acton,19,Other ethnic group: Any other ethnic group,8,L14.1 and L14.2: Never worked and long-term unemployed,154
E05013536,South Acton,19,Other ethnic group: Any other ethnic group,9,L15: Full-time students,92
E05013537,Southall Broadway,-8,Does not apply,-8,Does not apply,0
E05013537,Southall Broadway,-8,Does not apply,1,"L1, L2 and L3: Higher managerial, administrative and professional occupations",0
E05013537,Southall Broadway,-8,Does not apply,2,"L4, L5 and L6: Lower managerial, administrative and professional occupations",0
E05013537,Southall Broadway,-8,Does not apply,3,L7: Intermediate occupations,0
E05013537,Southall Broadway,-8,Does not apply,4,L8 and L9: Small employers and own account workers,0
E05013537,Southall Broadway,-8,Does not apply,5,L10 and L11: Lower supervisory and technical occupations,0
E05013537,Southall Broadway,-8,Does not apply,6,L12: Semi-routine occupations,0
E05013537,Southall Broadway,-8,Does not apply,7,L13: Routine occupations,0
E05013537,Southall Broadway,-8,Does not apply,8,L14.1 and L14.2: Never worked and long-term unemployed,0
E05013537,Southall Broadway,-8,Does not apply,9,L15: Full-time students,0
E05013537,Southall Broadway,1,"Asian, Asian British or Asian Welsh: Bangladeshi",-8,Does not apply,135
E05013537,Southall Broadway,1,"Asian, Asian British or Asian Welsh: Bangladeshi",1,"L1, L2 and L3: Higher managerial, administrative and professional occupations",4
E05013537,Southall Broadway,1,"Asian, Asian British or Asian Welsh: Bangladeshi",2,"L4, L5 and L6: Lower managerial, administrative and professional occupations",6
E05013537,Southall Broadway,1,"Asian, Asian British or Asian Welsh: Bangladeshi",3,L7: Intermediate occupations,5
E05013537,Southall Broadway,1,"Asian, Asian British or Asian Welsh: Bangladeshi",4,L8 and L9: Small employers and own account workers,11
E05013537,Southall Broadway,1,"Asian, Asian British or Asian Welsh: Bangladeshi",5,L10 and L11: Lower supervisory and technical occupations,18
E05013537,Southall Broadway,1,"Asian, Asian British or Asian Welsh: Bangladeshi",6,L12: Semi-routine occupations,21
E05013537,Southall Broadway,1,"Asian, Asian British or Asian Welsh: Bangladeshi",7,L13: Routine occupations,47
E05013537,Southall Broadway,1,"Asian, Asian British or Asian Welsh: Bangladeshi",8,L14.1 and L14.2: Never worked and long-term unemployed,84
E05013537,Southall Broadway,1,"Asian, Asian British or Asian Welsh: Bangladeshi",9,L15: Full-time students,34
E05013537,Southall Broadway,2,"Asian, Asian British or Asian Welsh: Chinese",-8,Does not apply,3
E05013537,Southall Broadway,2,"Asian, Asian British or Asian Welsh: Chinese",1,"L1, L2 and L3: Higher managerial, administrative and professional occupations",3
E05013537,Southall Broadway,2,"Asian, Asian British or Asian Welsh: Chinese",2,"L4, L5 and L6: Lower managerial, administrative and professional occupations",0
E05013537,Southall Broadway,2,"Asian, Asian British or Asian Welsh: Chinese",3,L7: Intermediate occupations,3
E05013537,Southall Broadway,2,"Asian, Asian British or Asian Welsh: Chinese",4,L8 and L9: Small employers and own account workers,0
E05013537,Southall Broadway,2,"Asian, Asian British or Asian Welsh: Chinese",5,L10 and L11: Lower supervisory and technical occupations,0
E05013537,Southall Broadway,2,"Asian, Asian British or Asian Welsh: Chinese",6,L12: Semi-routine occupations,1
E05013537,Southall Broadway,2,"Asian, Asian British or Asian Welsh: Chinese",7,L13: Routine occupations,1
E05013537,Southall Broadway,2,"Asian, Asian British or Asian Welsh: Chinese",8,L14.1 and L14.2: Never worked and long-term unemployed,3
E05013537,Southall Broadway,2,"Asian, Asian British or Asian Welsh: Chinese",9,L15: Full-time students,1
E05013537,Southall Broadway,3,"Asian, Asian British or Asian Welsh: Indian",-8,Does not apply,953
E05013537,Southall Broadway,3,"Asian, Asian British or Asian Welsh: Indian",1,"L1, L2 and L3: Higher managerial, administrative and professional occupations",228
E05013537,Southall Broadway,3,"Asian, Asian British or Asian Welsh: Indian",2,"L4, L5 and L6: Lower managerial, administrative and professional occupations",463
E05013537,Southall Broadway,3,"Asian, Asian British or Asian Welsh: Indian",3,L7: Intermediate occupations,390
E05013537,Southall Broadway,3,"Asian, Asian British or Asian Welsh: Indian",4,L8 and L9: Small employers and own account workers,312
E05013537,Southall Broadway,3,"Asian, Asian British or Asian Welsh: Indian",5,L10 and L11: Lower supervisory and technical occupations,324
E05013537,Southall Broadway,3,"Asian, Asian British or Asian Welsh: Indian",6,L12: Semi-routine occupations,506
E05013537,Southall Broadway,3,"Asian, Asian British or Asian Welsh: Indian",7,L13: Routine occupations,1259
E05013537,Southall Broadway,3,"Asian, Asian British or Asian Welsh: Indian",8,L14.1 and L14.2: Never worked and long-term unemployed,765
E05013537,Southall Broadway,3,"Asian, Asian British or Asian Welsh: Indian",9,L15: Full-time students,396
E05013537,Southall Broadway,4,"Asian, Asian British or Asian Welsh: Pakistani",-8,Does not apply,347
E05013537,Southall Broadway,4,"Asian, Asian British or Asian Welsh: Pakistani",1,"L1, L2 and L3: Higher managerial, administrative and professional occupations",66
E05013537,Southall Broadway,4,"Asian, Asian British or Asian Welsh: Pakistani",2,"L4, L5 and L6: Lower managerial, administrative and professional occupations",130
E05013537,Southall Broadway,4,"Asian, Asian British or Asian Welsh: Pakistani",3,L7: Intermediate occupations,108
E05013537,Southall Broadway,4,"Asian, Asian British or Asian Welsh: Pakistani",4,L8 and L9: Small employers and own account workers,106
E05013537,Southall Broadway,4,"Asian, Asian British or Asian Welsh: Pakistani",5,L10 and L11: Lower supervisory and technical occupations,49
E05013537,Southall Broadway,4,"Asian, Asian British or Asian Welsh: Pakistani",6,L12: Semi-routine occupations,133
E05013537,Southall Broadway,4,"Asian, Asian British or Asian Welsh: Pakistani",7,L13: Routine occupations,97
E05013537,Southall Broadway,4,"Asian, Asian British or Asian Welsh: Pakistani",8,L14.1 and L14.2: Never worked and long-term unemployed,277
E05013537,Southall Broadway,4,"Asian, Asian British or Asian Welsh: Pakistani",9,L15: Full-time students,140
E05013537,Southall Broadway,5,"Asian, Asian British or Asian Welsh: Other Asian",-8,Does not apply,262
E05013537,Southall Broadway,5,"Asian, Asian British or Asian Welsh: Other Asian",1,"L1, L2 and L3: Higher managerial, administrative and professional occupations",32
E05013537,Southall Broadway,5,"Asian, Asian British or Asian Welsh: Other Asian",2,"L4, L5 and L6: Lower managerial, administrative and professional occupations",75
E05013537,Southall Broadway,5,"Asian, Asian British or Asian Welsh: Other Asian",3,L7: Intermediate occupations,58
E05013537,Southall Broadway,5,"Asian, Asian British or Asian Welsh: Other Asian",4,L8 and L9: Small employers and own account workers,73
E05013537,Southall Broadway,5,"Asian, Asian British or Asian Welsh: Other Asian",5,L10 and L11: Lower supervisory and technical occupations,40
E05013537,Southall Broadway,5,"Asian, Asian British or Asian Welsh: Other Asian",6,L12: Semi-routine occupations,151
E05013537,Southall Broadway,5,"Asian, Asian British or Asian Welsh: Other Asian",7,L13: Routine occupations,162
E05013537,Southall Broadway,5,"Asian, Asian British or Asian Welsh: Other Asian",8,L14.1 and L14.2: Never worked and long-term unemployed,226
E05013537,Southall Broadway,5,"Asian, Asian British or Asian Welsh: Other Asian",9,L15: Full-time students,153
E05013537,Southall Broadway,6,"Black, Black British, Black Welsh, Caribbean or African: African",-8,Does not apply,129
E05013537,Southall Broadway,6,"Black, Black British, Black Welsh, Caribbean or African: African",1,"L1, L2 and L3: Higher managerial, administrative and professional occupations",16
E05013537,Southall Broadway,6,"Black, Black British, Black Welsh, Caribbean or African: African",2,"L4, L5 and L6: Lower managerial, administrative and professional occupations",23
E05013537,Southall Broadway,6,"Black, Black British, Black Welsh, Caribbean or African: African",3,L7: Intermediate occupations,26
E05013537,Southall Broadway,6,"Black, Black British, Black Welsh, Caribbean or African: African",4,L8 and L9: Small employers and own account workers,22
E05013537,Southall Broadway,6,"Black, Black British, Black Welsh, Caribbean or African: African",5,L10 and L11: Lower supervisory and technical occupations,3
E05013537,Southall Broadway,6,"Black, Black British, Black Welsh, Caribbean or African: African",6,L12: Semi-routine occupations,47
E05013537,Southall Broadway,6,"Black, Black British, Black Welsh, Caribbean or African: African",7,L13: Routine occupations,35
E05013537,Southall Broadway,6,"Black, Black British, Black Welsh, Caribbean or African: African",8,L14.1 and L14.2: Never worked and long-term unemployed,91
E05013537,Southall Broadway,6,"Black, Black British, Black Welsh, Caribbean or African: African",9,L15: Full-time students,55
E05013537,Southall Broadway,7,"Black, Black British, Black Welsh, Caribbean or African: Caribbean",-8,Does not apply,16
E05013537,Southall Broadway,7,"Black, Black British, Black Welsh, Caribbean or African: Caribbean",1,"L1, L2 and L3: Higher managerial, administrative and professional occupations",4
E05013537,Southall Broadway,7,"Black, Black British, Black Welsh, Caribbean or African: Caribbean",2,"L4, L5 and L6: Lower managerial, administrative and professional occupations",30
E05013537,Southall Broadway,7,"Black, Black British, Black Welsh, Caribbean or African: Caribbean",3,L7: Intermediate occupations,20
E05013537,Southall Broadway,7,"Black, Black British, Black Welsh, Caribbean or African: Caribbean",4,L8 and L9: Small employers and own account workers,9
E05013537,Southall Broadway,7,"Black, Black British, Black Welsh, Caribbean or African: Caribbean",5,L10 and L11: Lower supervisory and technical occupations,4
E05013537,Southall Broadway,7,"Black, Black British, Black Welsh, Caribbean or African: Caribbean",6,L12: Semi-routine occupations,9
E05013537,Southall Broadway,7,"Black, Black British, Black Welsh, Caribbean or African: Caribbean",7,L13: Routine occupations,22
E05013537,Southall Broadway,7,"Black, Black British, Black Welsh, Caribbean or African: Caribbean",8,L14.1 and L14.2: Never worked and long-term unemployed,24
E05013537,Southall Broadway,7,"Black, Black British, Black Welsh, Caribbean or African: Caribbean",9,L15: Full-time students,11
E05013537,Southall Broadway,8,"Black, Black British, Black Welsh, Caribbean or African: Other Black",-8,Does not apply,13
E05013537,Southall Broadway,8,"Black, Black British, Black Welsh, Caribbean or African: Other Black",1,"L1, L2 and L3: Higher managerial, administrative and professional occupations",0
E05013537,Southall Broadway,8,"Black, Black British, Black Welsh, Caribbean or African: Other Black",2,"L4, L5 and L6: Lower managerial, administrative and professional occupations",2
E05013537,Southall Broadway,8,"Black, Black British, Black Welsh, Caribbean or African: Other Black",3,L7: Intermediate occupations,0
E05013537,Southall Broadway,8,"Black, Black British, Black Welsh, Caribbean or African: Other Black",4,L8 and L9: Small employers and own account workers,5
E05013537,Southall Broadway,8,"Black, Black British, Black Welsh, Caribbean or African: Other Black",5,L10 and L11: Lower supervisory and technical occupations,4
E05013537,Southall Broadway,8,"Black, Black British, Black Welsh, Caribbean or African: Other Black",6,L12: Semi-routine occupations,3
E05013537,Southall Broadway,8,"Black, Black British, Black Welsh, Caribbean or African: Other Black",7,L13: Routine occupations,3
E05013537,Southall Broadway,8,"Black, Black British, Black Welsh, Caribbean or African: Other Black",8,L14.1 and L14.2: Never worked and long-term unemployed,16
E05013537,Southall Broadway,8,"Black, Black British, Black Welsh, Caribbean or African: Other Black",9,L15: Full-time students,1
E05013537,Southall Broadway,9,Mixed or Multiple ethnic groups: White and Asian,-8,Does not apply,23
E05013537,Southall Broadway,9,Mixed or Multiple ethnic groups: White and Asian,1,"L1, L2 and L3: Higher managerial, administrative and professional occupations",3
E05013537,Southall Broadway,9,Mixed or Multiple ethnic groups: White and Asian,2,"L4, L5 and L6: Lower managerial, administrative and professional occupations",3
E05013537,Southall Broadway,9,Mixed or Multiple ethnic groups: White and Asian,3,L7: Intermediate occupations,5
E05013537,Southall Broadway,9,Mixed or Multiple ethnic groups: White and Asian,4,L8 and L9: Small employers and own account workers,0
E05013537,Southall Broadway,9,Mixed or Multiple ethnic groups: White and Asian,5,L10 and L11: Lower supervisory and technical occupations,0
E05013537,Southall Broadway,9,Mixed or Multiple ethnic groups: White and Asian,6,L12: Semi-routine occupations,2
E05013537,Southall Broadway,9,Mixed or Multiple ethnic groups: White and Asian,7,L13: Routine occupations,2
E05013537,Southall Broadway,9,Mixed or Multiple ethnic groups: White and Asian,8,L14.1 and L14.2: Never worked and long-term unemployed,5
E05013537,Southall Broadway,9,Mixed or Multiple ethnic groups: White and Asian,9,L15: Full-time students,3
E05013537,Southall Broadway,10,Mixed or Multiple ethnic groups: White and Black African,-8,Does not apply,7
E05013537,Southall Broadway,10,Mixed or Multiple ethnic groups: White and Black African,1,"L1, L2 and L3: Higher managerial, administrative and professional occupations",0
E05013537,Southall Broadway,10,Mixed or Multiple ethnic groups: White and Black African,2,"L4, L5 and L6: Lower managerial, administrative and professional occupations",1
E05013537,Southall Broadway,10,Mixed or Multiple ethnic groups: White and Black African,3,L7: Intermediate occupations,0
E05013537,Southall Broadway,10,Mixed or Multiple ethnic groups: White and Black African,4,L8 and L9: Small employers and own account workers,0
E05013537,Southall Broadway,10,Mixed or Multiple ethnic groups: White and Black African,5,L10 and L11: Lower supervisory and technical occupations,0
E05013537,Southall Broadway,10,Mixed or Multiple ethnic groups: White and Black African,6,L12: Semi-routine occupations,0
E05013537,Southall Broadway,10,Mixed or Multiple ethnic groups: White and Black African,7,L13: Routine occupations,0
E05013537,Southall Broadway,10,Mixed or Multiple ethnic groups: White and Black African,8,L14.1 and L14.2: Never worked and long-term unemployed,2
E05013537,Southall Broadway,10,Mixed or Multiple ethnic groups: White and Black African,9,L15: Full-time students,1
E05013537,Southall Broadway,11,Mixed or Multiple ethnic groups: White and Black Caribbean,-8,Does not apply,6
E05013537,Southall Broadway,11,Mixed or Multiple ethnic groups: White and Black Caribbean,1,"L1, L2 and L3: Higher managerial, administrative and professional occupations",1
E05013537,Southall Broadway,11,Mixed or Multiple ethnic groups: White and Black Caribbean,2,"L4, L5 and L6: Lower managerial, administrative and professional occupations",3
E05013537,Southall Broadway,11,Mixed or Multiple ethnic groups: White and Black Caribbean,3,L7: Intermediate occupations,7
E05013537,Southall Broadway,11,Mixed or Multiple ethnic groups: White and Black Caribbean,4,L8 and L9: Small employers and own account workers,1
E05013537,Southall Broadway,11,Mixed or Multiple ethnic groups: White and Black Caribbean,5,L10 and L11: Lower supervisory and technical occupations,0
E05013537,Southall Broadway,11,Mixed or Multiple ethnic groups: White and Black Caribbean,6,L12: Semi-routine occupations,3
E05013537,Southall Broadway,11,Mixed or Multiple ethnic groups: White and Black Caribbean,7,L13: Routine occupations,6
E05013537,Southall Broadway,11,Mixed or Multiple ethnic groups: White and Black Caribbean,8,L14.1 and L14.2: Never worked and long-term unemployed,4
E05013537,Southall Broadway,11,Mixed or Multiple ethnic groups: White and Black Caribbean,9,L15: Full-time students,2
E05013537,Southall Broadway,12,Mixed or Multiple ethnic groups: Other Mixed or Multiple ethnic groups,-8,Does not apply,32
E05013537,Southall Broadway,12,Mixed or Multiple ethnic groups: Other Mixed or Multiple ethnic groups,1,"L1, L2 and L3: Higher managerial, administrative and professional occupations",4
E05013537,Southall Broadway,12,Mixed or Multiple ethnic groups: Other Mixed or Multiple ethnic groups,2,"L4, L5 and L6: Lower managerial, administrative and professional occupations",7
E05013537,Southall Broadway,12,Mixed or Multiple ethnic groups: Other Mixed or Multiple ethnic groups,3,L7: Intermediate occupations,3
E05013537,Southall Broadway,12,Mixed or Multiple ethnic groups: Other Mixed or Multiple ethnic groups,4,L8 and L9: Small employers and own account workers,3
E05013537,Southall Broadway,12,Mixed or Multiple ethnic groups: Other Mixed or Multiple ethnic groups,5,L10 and L11: Lower supervisory and technical occupations,3
E05013537,Southall Broadway,12,Mixed or Multiple ethnic groups: Other Mixed or Multiple ethnic groups,6,L12: Semi-routine occupations,2
E05013537,Southall Broadway,12,Mixed or Multiple ethnic groups: Other Mixed or Multiple ethnic groups,7,L13: Routine occupations,4
E05013537,Southall Broadway,12,Mixed or Multiple ethnic groups: Other Mixed or Multiple ethnic groups,8,L14.1 and L14.2: Never worked and long-term unemployed,3
E05013537,Southall Broadway,12,Mixed or Multiple ethnic groups: Other Mixed or Multiple ethnic groups,9,L15: Full-time students,6
E05013537,Southall Broadway,13,"White: English, Welsh, Scottish, Northern Irish or British",-8,Does not apply,43
E05013537,Southall Broadway,13,"White: English, Welsh, Scottish, Northern Irish or British",1,"L1, L2 and L3: Higher managerial, administrative and professional occupations",19
E05013537,Southall Broadway,13,"White: English, Welsh, Scottish, Northern Irish or British",2,"L4, L5 and L6: Lower managerial, administrative and professional occupations",36
E05013537,Southall Broadway,13,"White: English, Welsh, Scottish, Northern Irish or British",3,L7: Intermediate occupations,22
E05013537,Southall Broadway,13,"White: English, Welsh, Scottish, Northern Irish or British",4,L8 and L9: Small employers and own account workers,21
E05013537,Southall Broadway,13,"White: English, Welsh, Scottish, Northern Irish or British",5,L10 and L11: Lower supervisory and technical occupations,12
E05013537,Southall Broadway,13,"White: English, Welsh, Scottish, Northern Irish or British",6,L12: Semi-routine occupations,20
E05013537,Southall Broadway,13,"White: English, Welsh, Scottish, Northern Irish or British",7,L13: Routine occupations,30
E05013537,Southall Broadway,13,"White: English, Welsh, Scottish, Northern Irish or British",8,L14.1 and L14.2: Never worked and long-term unemployed,31
E05013537,Southall Broadway,13,"White: English, Welsh, Scottish, Northern Irish or British",9,L15: Full-time students,6
E05013537,Southall Broadway,14,White: Irish,-8,Does not apply,1
E05013537,Southall Broadway,14,White: Irish,1,"L1, L2 and L3: Higher managerial, administrative and professional occupations",4
E05013537,Southall Broadway,14,White: Irish,2,"L4, L5 and L6: Lower managerial, administrative and professional occupations",8
E05013537,Southall Broadway,14,White: Irish,3,L7: Intermediate occupations,1
E05013537,Southall Broadway,14,White: Irish,4,L8 and L9: Small employers and own account workers,2
E05013537,Southall Broadway,14,White: Irish,5,L10 and L11: Lower supervisory and technical occupations,1
E05013537,Southall Broadway,14,White: Irish,6,L12: Semi-routine occupations,2
E05013537,Southall Broadway,14,White: Irish,7,L13: Routine occupations,6
E05013537,Southall Broadway,14,White: Irish,8,L14.1 and L14.2: Never worked and long-term unemployed,6
E05013537,Southall Broadway,14,White: Irish,9,L15: Full-time students,1
E05013537,Southall Broadway,15,White: Gypsy or Irish Traveller,-8,Does not apply,0
E05013537,Southall Broadway,15,White: Gypsy or Irish Traveller,1,"L1, L2 and L3: Higher managerial, administrative and professional occupations",0
E05013537,Southall Broadway,15,White: Gypsy or Irish Traveller,2,"L4, L5 and L6: Lower managerial, administrative and professional occupations",0
E05013537,Southall Broadway,15,White: Gypsy or Irish Traveller,3,L7: Intermediate occupations,0
E05013537,Southall Broadway,15,White: Gypsy or Irish Traveller,4,L8 and L9: Small employers and own account workers,0
E05013537,Southall Broadway,15,White: Gypsy or Irish Traveller,5,L10 and L11: Lower supervisory and technical occupations,0
E05013537,Southall Broadway,15,White: Gypsy or Irish Traveller,6,L12: Semi-routine occupations,0
E05013537,Southall Broadway,15,White: Gypsy or Irish Traveller,7,L13: Routine occupations,0
E05013537,Southall Broadway,15,White: Gypsy or Irish Traveller,8,L14.1 and L14.2: Never worked and long-term unemployed,1
E05013537,Southall Broadway,15,White: Gypsy or Irish Traveller,9,L15: Full-time students,0
E05013537,Southall Broadway,16,White: Roma,-8,Does not apply,4
E05013537,Southall Broadway,16,White: Roma,1,"L1, L2 and L3: Higher managerial, administrative and professional occupations",0
E05013537,Southall Broadway,16,White: Roma,2,"L4, L5 and L6: Lower managerial, administrative and professional occupations",0
E05013537,Southall Broadway,16,White: Roma,3,L7: Intermediate occupations,1
E05013537,Southall Broadway,16,White: Roma,4,L8 and L9: Small employers and own account workers,0
E05013537,Southall Broadway,16,White: Roma,5,L10 and L11: Lower supervisory and technical occupations,0
E05013537,Southall Broadway,16,White: Roma,6,L12: Semi-routine occupations,1
E05013537,Southall Broadway,16,White: Roma,7,L13: Routine occupations,1
E05013537,Southall Broadway,16,White: Roma,8,L14.1 and L14.2: Never worked and long-term unemployed,3
E05013537,Southall Broadway,16,White: Roma,9,L15: Full-time students,0
E05013537,Southall Broadway,17,White: Other White,-8,Does not apply,29
E05013537,Southall Broadway,17,White: Other White,1,"L1, L2 and L3: Higher managerial, administrative and professional occupations",9
E05013537,Southall Broadway,17,White: Other White,2,"L4, L5 and L6: Lower managerial, administrative and professional occupations",11
E05013537,Southall Broadway,17,White: Other White,3,L7: Intermediate occupations,9
E05013537,Southall Broadway,17,White: Other White,4,L8 and L9: Small employers and own account workers,55
E05013537,Southall Broadway,17,White: Other White,5,L10 and L11: Lower supervisory and technical occupations,10
E05013537,Southall Broadway,17,White: Other White,6,L12: Semi-routine occupations,15
E05013537,Southall Broadway,17,White: Other White,7,L13: Routine occupations,32
E05013537,Southall Broadway,17,White: Other White,8,L14.1 and L14.2: Never worked and long-term unemployed,26
E05013537,Southall Broadway,17,White: Other White,9,L15: Full-time students,16
E05013537,Southall Broadway,18,Other ethnic group: Arab,-8,Does not apply,14
E05013537,Southall Broadway,18,Other ethnic group: Arab,1,"L1, L2 and L3: Higher managerial, administrative and professional occupations",2
E05013537,Southall Broadway,18,Other ethnic group: Arab,2,"L4, L5 and L6: Lower managerial, administrative and professional occupations",2
E05013537,Southall Broadway,18,Other ethnic group: Arab,3,L7: Intermediate occupations,1
E05013537,Southall Broadway,18,Other ethnic group: Arab,4,L8 and L9: Small employers and own account workers,4
E05013537,Southall Broadway,18,Other ethnic group: Arab,5,L10 and L11: Lower supervisory and technical occupations,2
E05013537,Southall Broadway,18,Other ethnic group: Arab,6,L12: Semi-routine occupations,0
E05013537,Southall Broadway,18,Other ethnic group: Arab,7,L13: Routine occupations,3
E05013537,Southall Broadway,18,Other ethnic group: Arab,8,L14.1 and L14.2: Never worked and long-term unemployed,14
E05013537,Southall Broadway,18,Other ethnic group: Arab,9,L15: Full-time students,8
E05013537,Southall Broadway,19,Other ethnic group: Any other ethnic group,-8,Does not apply,134
E05013537,Southall Broadway,19,Other ethnic group: Any other ethnic group,1,"L1, L2 and L3: Higher managerial, administrative and professional occupations",36
E05013537,Southall Broadway,19,Other ethnic group: Any other ethnic group,2,"L4, L5 and L6: Lower managerial, administrative and professional occupations",58
E05013537,Southall Broadway,19,Other ethnic group: Any other ethnic group,3,L7: Intermediate occupations,58
E05013537,Southall Broadway,19,Other ethnic group: Any other ethnic group,4,L8 and L9: Small employers and own account workers,65
E05013537,Southall Broadway,19,Other ethnic group: Any other ethnic group,5,L10 and L11: Lower supervisory and technical occupations,36
E05013537,Southall Broadway,19,Other ethnic group: Any other ethnic group,6,L12: Semi-routine occupations,80
E05013537,Southall Broadway,19,Other ethnic group: Any other ethnic group,7,L13: Routine occupations,110
E05013537,Southall Broadway,19,Other ethnic group: Any other ethnic group,8,L14.1 and L14.2: Never worked and long-term unemployed,156
E05013537,Southall Broadway,19,Other ethnic group: Any other ethnic group,9,L15: Full-time students,80
E05013538,Southall Green,-8,Does not apply,-8,Does not apply,0
E05013538,Southall Green,-8,Does not apply,1,"L1, L2 and L3: Higher managerial, administrative and professional occupations",0
E05013538,Southall Green,-8,Does not apply,2,"L4, L5 and L6: Lower managerial, administrative and professional occupations",0
E05013538,Southall Green,-8,Does not apply,3,L7: Intermediate occupations,0
E05013538,Southall Green,-8,Does not apply,4,L8 and L9: Small employers and own account workers,0
E05013538,Southall Green,-8,Does not apply,5,L10 and L11: Lower supervisory and technical occupations,0
E05013538,Southall Green,-8,Does not apply,6,L12: Semi-routine occupations,0
E05013538,Southall Green,-8,Does not apply,7,L13: Routine occupations,0
E05013538,Southall Green,-8,Does not apply,8,L14.1 and L14.2: Never worked and long-term unemployed,0
E05013538,Southall Green,-8,Does not apply,9,L15: Full-time students,0
E05013538,Southall Green,1,"Asian, Asian British or Asian Welsh: Bangladeshi",-8,Does not apply,96
E05013538,Southall Green,1,"Asian, Asian British or Asian Welsh: Bangladeshi",1,"L1, L2 and L3: Higher managerial, administrative and professional occupations",5
E05013538,Southall Green,1,"Asian, Asian British or Asian Welsh: Bangladeshi",2,"L4, L5 and L6: Lower managerial, administrative and professional occupations",6
E05013538,Southall Green,1,"Asian, Asian British or Asian Welsh: Bangladeshi",3,L7: Intermediate occupations,11
E05013538,Southall Green,1,"Asian, Asian British or Asian Welsh: Bangladeshi",4,L8 and L9: Small employers and own account workers,13
E05013538,Southall Green,1,"Asian, Asian British or Asian Welsh: Bangladeshi",5,L10 and L11: Lower supervisory and technical occupations,10
E05013538,Southall Green,1,"Asian, Asian British or Asian Welsh: Bangladeshi",6,L12: Semi-routine occupations,16
E05013538,Southall Green,1,"Asian, Asian British or Asian Welsh: Bangladeshi",7,L13: Routine occupations,46
E05013538,Southall Green,1,"Asian, Asian British or Asian Welsh: Bangladeshi",8,L14.1 and L14.2: Never worked and long-term unemployed,70
E05013538,Southall Green,1,"Asian, Asian British or Asian Welsh: Bangladeshi",9,L15: Full-time students,50
E05013538,Southall Green,2,"Asian, Asian British or Asian Welsh: Chinese",-8,Does not apply,0
E05013538,Southall Green,2,"Asian, Asian British or Asian Welsh: Chinese",1,"L1, L2 and L3: Higher managerial, administrative and professional occupations",4
E05013538,Southall Green,2,"Asian, Asian British or Asian Welsh: Chinese",2,"L4, L5 and L6: Lower managerial, administrative and professional occupations",2
E05013538,Southall Green,2,"Asian, Asian British or Asian Welsh: Chinese",3,L7: Intermediate occupations,1
E05013538,Southall Green,2,"Asian, Asian British or Asian Welsh: Chinese",4,L8 and L9: Small employers and own account workers,0
E05013538,Southall Green,2,"Asian, Asian British or Asian Welsh: Chinese",5,L10 and L11: Lower supervisory and technical occupations,4
E05013538,Southall Green,2,"Asian, Asian British or Asian Welsh: Chinese",6,L12: Semi-routine occupations,2
E05013538,Southall Green,2,"Asian, Asian British or Asian Welsh: Chinese",7,L13: Routine occupations,0
E05013538,Southall Green,2,"Asian, Asian British or Asian Welsh: Chinese",8,L14.1 and L14.2: Never worked and long-term unemployed,4
E05013538,Southall Green,2,"Asian, Asian British or Asian Welsh: Chinese",9,L15: Full-time students,1
E05013538,Southall Green,3,"Asian, Asian British or Asian Welsh: Indian",-8,Does not apply,1661
E05013538,Southall Green,3,"Asian, Asian British or Asian Welsh: Indian",1,"L1, L2 and L3: Higher managerial, administrative and professional occupations",305
E05013538,Southall Green,3,"Asian, Asian British or Asian Welsh: Indian",2,"L4, L5 and L6: Lower managerial, administrative and professional occupations",589
E05013538,Southall Green,3,"Asian, Asian British or Asian Welsh: Indian",3,L7: Intermediate occupations,514
E05013538,Southall Green,3,"Asian, Asian British or Asian Welsh: Indian",4,L8 and L9: Small employers and own account workers,526
E05013538,Southall Green,3,"Asian, Asian British or Asian Welsh: Indian",5,L10 and L11: Lower supervisory and technical occupations,414
E05013538,Southall Green,3,"Asian, Asian British or Asian Welsh: Indian",6,L12: Semi-routine occupations,759
E05013538,Southall Green,3,"Asian, Asian British or Asian Welsh: Indian",7,L13: Routine occupations,1827
E05013538,Southall Green,3,"Asian, Asian British or Asian Welsh: Indian",8,L14.1 and L14.2: Never worked and long-term unemployed,1194
E05013538,Southall Green,3,"Asian, Asian British or Asian Welsh: Indian",9,L15: Full-time students,642
E05013538,Southall Green,4,"Asian, Asian British or Asian Welsh: Pakistani",-8,Does not apply,296
E05013538,Southall Green,4,"Asian, Asian British or Asian Welsh: Pakistani",1,"L1, L2 and L3: Higher managerial, administrative and professional occupations",44
E05013538,Southall Green,4,"Asian, Asian British or Asian Welsh: Pakistani",2,"L4, L5 and L6: Lower managerial, administrative and professional occupations",106
E05013538,Southall Green,4,"Asian, Asian British or Asian Welsh: Pakistani",3,L7: Intermediate occupations,85
E05013538,Southall Green,4,"Asian, Asian British or Asian Welsh: Pakistani",4,L8 and L9: Small employers and own account workers,100
E05013538,Southall Green,4,"Asian, Asian British or Asian Welsh: Pakistani",5,L10 and L11: Lower supervisory and technical occupations,46
E05013538,Southall Green,4,"Asian, Asian British or Asian Welsh: Pakistani",6,L12: Semi-routine occupations,112
E05013538,Southall Green,4,"Asian, Asian British or Asian Welsh: Pakistani",7,L13: Routine occupations,109
E05013538,Southall Green,4,"Asian, Asian British or Asian Welsh: Pakistani",8,L14.1 and L14.2: Never worked and long-term unemployed,245
E05013538,Southall Green,4,"Asian, Asian British or Asian Welsh: Pakistani",9,L15: Full-time students,141
E05013538,Southall Green,5,"Asian, Asian British or Asian Welsh: Other Asian",-8,Does not apply,407
E05013538,Southall Green,5,"Asian, Asian British or Asian Welsh: Other Asian",1,"L1, L2 and L3: Higher managerial, administrative and professional occupations",44
E05013538,Southall Green,5,"Asian, Asian British or Asian Welsh: Other Asian",2,"L4, L5 and L6: Lower managerial, administrative and professional occupations",73
E05013538,Southall Green,5,"Asian, Asian British or Asian Welsh: Other Asian",3,L7: Intermediate occupations,55
E05013538,Southall Green,5,"Asian, Asian British or Asian Welsh: Other Asian",4,L8 and L9: Small employers and own account workers,99
E05013538,Southall Green,5,"Asian, Asian British or Asian Welsh: Other Asian",5,L10 and L11: Lower supervisory and technical occupations,39
E05013538,Southall Green,5,"Asian, Asian British or Asian Welsh: Other Asian",6,L12: Semi-routine occupations,185
E05013538,Southall Green,5,"Asian, Asian British or Asian Welsh: Other Asian",7,L13: Routine occupations,166
E05013538,Southall Green,5,"Asian, Asian British or Asian Welsh: Other Asian",8,L14.1 and L14.2: Never worked and long-term unemployed,326
E05013538,Southall Green,5,"Asian, Asian British or Asian Welsh: Other Asian",9,L15: Full-time students,131
E05013538,Southall Green,6,"Black, Black British, Black Welsh, Caribbean or African: African",-8,Does not apply,205
E05013538,Southall Green,6,"Black, Black British, Black Welsh, Caribbean or African: African",1,"L1, L2 and L3: Higher managerial, administrative and professional occupations",15
E05013538,Southall Green,6,"Black, Black British, Black Welsh, Caribbean or African: African",2,"L4, L5 and L6: Lower managerial, administrative and professional occupations",57
E05013538,Southall Green,6,"Black, Black British, Black Welsh, Caribbean or African: African",3,L7: Intermediate occupations,38
E05013538,Southall Green,6,"Black, Black British, Black Welsh, Caribbean or African: African",4,L8 and L9: Small employers and own account workers,62
E05013538,Southall Green,6,"Black, Black British, Black Welsh, Caribbean or African: African",5,L10 and L11: Lower supervisory and technical occupations,15
E05013538,Southall Green,6,"Black, Black British, Black Welsh, Caribbean or African: African",6,L12: Semi-routine occupations,83
E05013538,Southall Green,6,"Black, Black British, Black Welsh, Caribbean or African: African",7,L13: Routine occupations,64
E05013538,Southall Green,6,"Black, Black British, Black Welsh, Caribbean or African: African",8,L14.1 and L14.2: Never worked and long-term unemployed,117
E05013538,Southall Green,6,"Black, Black British, Black Welsh, Caribbean or African: African",9,L15: Full-time students,126
E05013538,Southall Green,7,"Black, Black British, Black Welsh, Caribbean or African: Caribbean",-8,Does not apply,50
E05013538,Southall Green,7,"Black, Black British, Black Welsh, Caribbean or African: Caribbean",1,"L1, L2 and L3: Higher managerial, administrative and professional occupations",18
E05013538,Southall Green,7,"Black, Black British, Black Welsh, Caribbean or African: Caribbean",2,"L4, L5 and L6: Lower managerial, administrative and professional occupations",39
E05013538,Southall Green,7,"Black, Black British, Black Welsh, Caribbean or African: Caribbean",3,L7: Intermediate occupations,39
E05013538,Southall Green,7,"Black, Black British, Black Welsh, Caribbean or African: Caribbean",4,L8 and L9: Small employers and own account workers,15
E05013538,Southall Green,7,"Black, Black British, Black Welsh, Caribbean or African: Caribbean",5,L10 and L11: Lower supervisory and technical occupations,16
E05013538,Southall Green,7,"Black, Black British, Black Welsh, Caribbean or African: Caribbean",6,L12: Semi-routine occupations,41
E05013538,Southall Green,7,"Black, Black British, Black Welsh, Caribbean or African: Caribbean",7,L13: Routine occupations,39
E05013538,Southall Green,7,"Black, Black British, Black Welsh, Caribbean or African: Caribbean",8,L14.1 and L14.2: Never worked and long-term unemployed,46
E05013538,Southall Green,7,"Black, Black British, Black Welsh, Caribbean or African: Caribbean",9,L15: Full-time students,19
E05013538,Southall Green,8,"Black, Black British, Black Welsh, Caribbean or African: Other Black",-8,Does not apply,37
E05013538,Southall Green,8,"Black, Black British, Black Welsh, Caribbean or African: Other Black",1,"L1, L2 and L3: Higher managerial, administrative and professional occupations",3
E05013538,Southall Green,8,"Black, Black British, Black Welsh, Caribbean or African: Other Black",2,"L4, L5 and L6: Lower managerial, administrative and professional occupations",8
E05013538,Southall Green,8,"Black, Black British, Black Welsh, Caribbean or African: Other Black",3,L7: Intermediate occupations,10
E05013538,Southall Green,8,"Black, Black British, Black Welsh, Caribbean or African: Other Black",4,L8 and L9: Small employers and own account workers,5
E05013538,Southall Green,8,"Black, Black British, Black Welsh, Caribbean or African: Other Black",5,L10 and L11: Lower supervisory and technical occupations,1
E05013538,Southall Green,8,"Black, Black British, Black Welsh, Caribbean or African: Other Black",6,L12: Semi-routine occupations,6
E05013538,Southall Green,8,"Black, Black British, Black Welsh, Caribbean or African: Other Black",7,L13: Routine occupations,7
E05013538,Southall Green,8,"Black, Black British, Black Welsh, Caribbean or African: Other Black",8,L14.1 and L14.2: Never worked and long-term unemployed,8
E05013538,Southall Green,8,"Black, Black British, Black Welsh, Caribbean or African: Other Black",9,L15: Full-time students,8
E05013538,Southall Green,9,Mixed or Multiple ethnic groups: White and Asian,-8,Does not apply,56
E05013538,Southall Green,9,Mixed or Multiple ethnic groups: White and Asian,1,"L1, L2 and L3: Higher managerial, administrative and professional occupations",2
E05013538,Southall Green,9,Mixed or Multiple ethnic groups: White and Asian,2,"L4, L5 and L6: Lower managerial, administrative and professional occupations",4
E05013538,Southall Green,9,Mixed or Multiple ethnic groups: White and Asian,3,L7: Intermediate occupations,4
E05013538,Southall Green,9,Mixed or Multiple ethnic groups: White and Asian,4,L8 and L9: Small employers and own account workers,4
E05013538,Southall Green,9,Mixed or Multiple ethnic groups: White and Asian,5,L10 and L11: Lower supervisory and technical occupations,5
E05013538,Southall Green,9,Mixed or Multiple ethnic groups: White and Asian,6,L12: Semi-routine occupations,10
E05013538,Southall Green,9,Mixed or Multiple ethnic groups: White and Asian,7,L13: Routine occupations,8
E05013538,Southall Green,9,Mixed or Multiple ethnic groups: White and Asian,8,L14.1 and L14.2: Never worked and long-term unemployed,8
E05013538,Southall Green,9,Mixed or Multiple ethnic groups: White and Asian,9,L15: Full-time students,8
E05013538,Southall Green,10,Mixed or Multiple ethnic groups: White and Black African,-8,Does not apply,14
E05013538,Southall Green,10,Mixed or Multiple ethnic groups: White and Black African,1,"L1, L2 and L3: Higher managerial, administrative and professional occupations",1
E05013538,Southall Green,10,Mixed or Multiple ethnic groups: White and Black African,2,"L4, L5 and L6: Lower managerial, administrative and professional occupations",3
E05013538,Southall Green,10,Mixed or Multiple ethnic groups: White and Black African,3,L7: Intermediate occupations,1
E05013538,Southall Green,10,Mixed or Multiple ethnic groups: White and Black African,4,L8 and L9: Small employers and own account workers,0
E05013538,Southall Green,10,Mixed or Multiple ethnic groups: White and Black African,5,L10 and L11: Lower supervisory and technical occupations,2
E05013538,Southall Green,10,Mixed or Multiple ethnic groups: White and Black African,6,L12: Semi-routine occupations,2
E05013538,Southall Green,10,Mixed or Multiple ethnic groups: White and Black African,7,L13: Routine occupations,5
E05013538,Southall Green,10,Mixed or Multiple ethnic groups: White and Black African,8,L14.1 and L14.2: Never worked and long-term unemployed,6
E05013538,Southall Green,10,Mixed or Multiple ethnic groups: White and Black African,9,L15: Full-time students,1
E05013538,Southall Green,11,Mixed or Multiple ethnic groups: White and Black Caribbean,-8,Does not apply,19
E05013538,Southall Green,11,Mixed or Multiple ethnic groups: White and Black Caribbean,1,"L1, L2 and L3: Higher managerial, administrative and professional occupations",0
E05013538,Southall Green,11,Mixed or Multiple ethnic groups: White and Black Caribbean,2,"L4, L5 and L6: Lower managerial, administrative and professional occupations",6
E05013538,Southall Green,11,Mixed or Multiple ethnic groups: White and Black Caribbean,3,L7: Intermediate occupations,0
E05013538,Southall Green,11,Mixed or Multiple ethnic groups: White and Black Caribbean,4,L8 and L9: Small employers and own account workers,2
E05013538,Southall Green,11,Mixed or Multiple ethnic groups: White and Black Caribbean,5,L10 and L11: Lower supervisory and technical occupations,0
E05013538,Southall Green,11,Mixed or Multiple ethnic groups: White and Black Caribbean,6,L12: Semi-routine occupations,3
E05013538,Southall Green,11,Mixed or Multiple ethnic groups: White and Black Caribbean,7,L13: Routine occupations,7
E05013538,Southall Green,11,Mixed or Multiple ethnic groups: White and Black Caribbean,8,L14.1 and L14.2: Never worked and long-term unemployed,8
E05013538,Southall Green,11,Mixed or Multiple ethnic groups: White and Black Caribbean,9,L15: Full-time students,3
E05013538,Southall Green,12,Mixed or Multiple ethnic groups: Other Mixed or Multiple ethnic groups,-8,Does not apply,54
E05013538,Southall Green,12,Mixed or Multiple ethnic groups: Other Mixed or Multiple ethnic groups,1,"L1, L2 and L3: Higher managerial, administrative and professional occupations",2
E05013538,Southall Green,12,Mixed or Multiple ethnic groups: Other Mixed or Multiple ethnic groups,2,"L4, L5 and L6: Lower managerial, administrative and professional occupations",11
E05013538,Southall Green,12,Mixed or Multiple ethnic groups: Other Mixed or Multiple ethnic groups,3,L7: Intermediate occupations,6
E05013538,Southall Green,12,Mixed or Multiple ethnic groups: Other Mixed or Multiple ethnic groups,4,L8 and L9: Small employers and own account workers,6
E05013538,Southall Green,12,Mixed or Multiple ethnic groups: Other Mixed or Multiple ethnic groups,5,L10 and L11: Lower supervisory and technical occupations,1
E05013538,Southall Green,12,Mixed or Multiple ethnic groups: Other Mixed or Multiple ethnic groups,6,L12: Semi-routine occupations,5
E05013538,Southall Green,12,Mixed or Multiple ethnic groups: Other Mixed or Multiple ethnic groups,7,L13: Routine occupations,4
E05013538,Southall Green,12,Mixed or Multiple ethnic groups: Other Mixed or Multiple ethnic groups,8,L14.1 and L14.2: Never worked and long-term unemployed,5
E05013538,Southall Green,12,Mixed or Multiple ethnic groups: Other Mixed or Multiple ethnic groups,9,L15: Full-time students,12
E05013538,Southall Green,13,"White: English, Welsh, Scottish, Northern Irish or British",-8,Does not apply,67
E05013538,Southall Green,13,"White: English, Welsh, Scottish, Northern Irish or British",1,"L1, L2 and L3: Higher managerial, administrative and professional occupations",24
E05013538,Southall Green,13,"White: English, Welsh, Scottish, Northern Irish or British",2,"L4, L5 and L6: Lower managerial, administrative and professional occupations",57
E05013538,Southall Green,13,"White: English, Welsh, Scottish, Northern Irish or British",3,L7: Intermediate occupations,45
E05013538,Southall Green,13,"White: English, Welsh, Scottish, Northern Irish or British",4,L8 and L9: Small employers and own account workers,23
E05013538,Southall Green,13,"White: English, Welsh, Scottish, Northern Irish or British",5,L10 and L11: Lower supervisory and technical occupations,19
E05013538,Southall Green,13,"White: English, Welsh, Scottish, Northern Irish or British",6,L12: Semi-routine occupations,51
E05013538,Southall Green,13,"White: English, Welsh, Scottish, Northern Irish or British",7,L13: Routine occupations,51
E05013538,Southall Green,13,"White: English, Welsh, Scottish, Northern Irish or British",8,L14.1 and L14.2: Never worked and long-term unemployed,50
E05013538,Southall Green,13,"White: English, Welsh, Scottish, Northern Irish or British",9,L15: Full-time students,12
E05013538,Southall Green,14,White: Irish,-8,Does not apply,2
E05013538,Southall Green,14,White: Irish,1,"L1, L2 and L3: Higher managerial, administrative and professional occupations",0
E05013538,Southall Green,14,White: Irish,2,"L4, L5 and L6: Lower managerial, administrative and professional occupations",12
E05013538,Southall Green,14,White: Irish,3,L7: Intermediate occupations,4
E05013538,Southall Green,14,White: Irish,4,L8 and L9: Small employers and own account workers,7
E05013538,Southall Green,14,White: Irish,5,L10 and L11: Lower supervisory and technical occupations,6
E05013538,Southall Green,14,White: Irish,6,L12: Semi-routine occupations,5
E05013538,Southall Green,14,White: Irish,7,L13: Routine occupations,4
E05013538,Southall Green,14,White: Irish,8,L14.1 and L14.2: Never worked and long-term unemployed,3
E05013538,Southall Green,14,White: Irish,9,L15: Full-time students,0
E05013538,Southall Green,15,White: Gypsy or Irish Traveller,-8,Does not apply,2
E05013538,Southall Green,15,White: Gypsy or Irish Traveller,1,"L1, L2 and L3: Higher managerial, administrative and professional occupations",0
E05013538,Southall Green,15,White: Gypsy or Irish Traveller,2,"L4, L5 and L6: Lower managerial, administrative and professional occupations",1
E05013538,Southall Green,15,White: Gypsy or Irish Traveller,3,L7: Intermediate occupations,0
E05013538,Southall Green,15,White: Gypsy or Irish Traveller,4,L8 and L9: Small employers and own account workers,3
E05013538,Southall Green,15,White: Gypsy or Irish Traveller,5,L10 and L11: Lower supervisory and technical occupations,0
E05013538,Southall Green,15,White: Gypsy or Irish Traveller,6,L12: Semi-routine occupations,0
E05013538,Southall Green,15,White: Gypsy or Irish Traveller,7,L13: Routine occupations,0
E05013538,Southall Green,15,White: Gypsy or Irish Traveller,8,L14.1 and L14.2: Never worked and long-term unemployed,0
E05013538,Southall Green,15,White: Gypsy or Irish Traveller,9,L15: Full-time students,0
E05013538,Southall Green,16,White: Roma,-8,Does not apply,0
E05013538,Southall Green,16,White: Roma,1,"L1, L2 and L3: Higher managerial, administrative and professional occupations",0
E05013538,Southall Green,16,White: Roma,2,"L4, L5 and L6: Lower managerial, administrative and professional occupations",1
E05013538,Southall Green,16,White: Roma,3,L7: Intermediate occupations,0
E05013538,Southall Green,16,White: Roma,4,L8 and L9: Small employers and own account workers,0
E05013538,Southall Green,16,White: Roma,5,L10 and L11: Lower supervisory and technical occupations,1
E05013538,Southall Green,16,White: Roma,6,L12: Semi-routine occupations,1
E05013538,Southall Green,16,White: Roma,7,L13: Routine occupations,0
E05013538,Southall Green,16,White: Roma,8,L14.1 and L14.2: Never worked and long-term unemployed,0
E05013538,Southall Green,16,White: Roma,9,L15: Full-time students,0
E05013538,Southall Green,17,White: Other White,-8,Does not apply,37
E05013538,Southall Green,17,White: Other White,1,"L1, L2 and L3: Higher managerial, administrative and professional occupations",29
E05013538,Southall Green,17,White: Other White,2,"L4, L5 and L6: Lower managerial, administrative and professional occupations",43
E05013538,Southall Green,17,White: Other White,3,L7: Intermediate occupations,25
E05013538,Southall Green,17,White: Other White,4,L8 and L9: Small employers and own account workers,56
E05013538,Southall Green,17,White: Other White,5,L10 and L11: Lower supervisory and technical occupations,15
E05013538,Southall Green,17,White: Other White,6,L12: Semi-routine occupations,34
E05013538,Southall Green,17,White: Other White,7,L13: Routine occupations,64
E05013538,Southall Green,17,White: Other White,8,L14.1 and L14.2: Never worked and long-term unemployed,32
E05013538,Southall Green,17,White: Other White,9,L15: Full-time students,23
E05013538,Southall Green,18,Other ethnic group: Arab,-8,Does not apply,46
E05013538,Southall Green,18,Other ethnic group: Arab,1,"L1, L2 and L3: Higher managerial, administrative and professional occupations",6
E05013538,Southall Green,18,Other ethnic group: Arab,2,"L4, L5 and L6: Lower managerial, administrative and professional occupations",6
E05013538,Southall Green,18,Other ethnic group: Arab,3,L7: Intermediate occupations,2
E05013538,Southall Green,18,Other ethnic group: Arab,4,L8 and L9: Small employers and own account workers,9
E05013538,Southall Green,18,Other ethnic group: Arab,5,L10 and L11: Lower supervisory and technical occupations,4
E05013538,Southall Green,18,Other ethnic group: Arab,6,L12: Semi-routine occupations,5
E05013538,Southall Green,18,Other ethnic group: Arab,7,L13: Routine occupations,12
E05013538,Southall Green,18,Other ethnic group: Arab,8,L14.1 and L14.2: Never worked and long-term unemployed,27
E05013538,Southall Green,18,Other ethnic group: Arab,9,L15: Full-time students,21
E05013538,Southall Green,19,Other ethnic group: Any other ethnic group,-8,Does not apply,358
E05013538,Southall Green,19,Other ethnic group: Any other ethnic group,1,"L1, L2 and L3: Higher managerial, administrative and professional occupations",57
E05013538,Southall Green,19,Other ethnic group: Any other ethnic group,2,"L4, L5 and L6: Lower managerial, administrative and professional occupations",104
E05013538,Southall Green,19,Other ethnic group: Any other ethnic group,3,L7: Intermediate occupations,73
E05013538,Southall Green,19,Other ethnic group: Any other ethnic group,4,L8 and L9: Small employers and own account workers,133
E05013538,Southall Green,19,Other ethnic group: Any other ethnic group,5,L10 and L11: Lower supervisory and technical occupations,56
E05013538,Southall Green,19,Other ethnic group: Any other ethnic group,6,L12: Semi-routine occupations,160
E05013538,Southall Green,19,Other ethnic group: Any other ethnic group,7,L13: Routine occupations,238
E05013538,Southall Green,19,Other ethnic group: Any other ethnic group,8,L14.1 and L14.2: Never worked and long-term unemployed,392
E05013538,Southall Green,19,Other ethnic group: Any other ethnic group,9,L15: Full-time students,107
E05013539,Southall West,-8,Does not apply,-8,Does not apply,0
E05013539,Southall West,-8,Does not apply,1,"L1, L2 and L3: Higher managerial, administrative and professional occupations",0
E05013539,Southall West,-8,Does not apply,2,"L4, L5 and L6: Lower managerial, administrative and professional occupations",0
E05013539,Southall West,-8,Does not apply,3,L7: Intermediate occupations,0
E05013539,Southall West,-8,Does not apply,4,L8 and L9: Small employers and own account workers,0
E05013539,Southall West,-8,Does not apply,5,L10 and L11: Lower supervisory and technical occupations,0
E05013539,Southall West,-8,Does not apply,6,L12: Semi-routine occupations,0
E05013539,Southall West,-8,Does not apply,7,L13: Routine occupations,0
E05013539,Southall West,-8,Does not apply,8,L14.1 and L14.2: Never worked and long-term unemployed,0
E05013539,Southall West,-8,Does not apply,9,L15: Full-time students,0
E05013539,Southall West,1,"Asian, Asian British or Asian Welsh: Bangladeshi",-8,Does not apply,139
E05013539,Southall West,1,"Asian, Asian British or Asian Welsh: Bangladeshi",1,"L1, L2 and L3: Higher managerial, administrative and professional occupations",1
E05013539,Southall West,1,"Asian, Asian British or Asian Welsh: Bangladeshi",2,"L4, L5 and L6: Lower managerial, administrative and professional occupations",17
E05013539,Southall West,1,"Asian, Asian British or Asian Welsh: Bangladeshi",3,L7: Intermediate occupations,14
E05013539,Southall West,1,"Asian, Asian British or Asian Welsh: Bangladeshi",4,L8 and L9: Small employers and own account workers,18
E05013539,Southall West,1,"Asian, Asian British or Asian Welsh: Bangladeshi",5,L10 and L11: Lower supervisory and technical occupations,8
E05013539,Southall West,1,"Asian, Asian British or Asian Welsh: Bangladeshi",6,L12: Semi-routine occupations,35
E05013539,Southall West,1,"Asian, Asian British or Asian Welsh: Bangladeshi",7,L13: Routine occupations,51
E05013539,Southall West,1,"Asian, Asian British or Asian Welsh: Bangladeshi",8,L14.1 and L14.2: Never worked and long-term unemployed,95
E05013539,Southall West,1,"Asian, Asian British or Asian Welsh: Bangladeshi",9,L15: Full-time students,58
E05013539,Southall West,2,"Asian, Asian British or Asian Welsh: Chinese",-8,Does not apply,0
E05013539,Southall West,2,"Asian, Asian British or Asian Welsh: Chinese",1,"L1, L2 and L3: Higher managerial, administrative and professional occupations",1
E05013539,Southall West,2,"Asian, Asian British or Asian Welsh: Chinese",2,"L4, L5 and L6: Lower managerial, administrative and professional occupations",1
E05013539,Southall West,2,"Asian, Asian British or Asian Welsh: Chinese",3,L7: Intermediate occupations,2
E05013539,Southall West,2,"Asian, Asian British or Asian Welsh: Chinese",4,L8 and L9: Small employers and own account workers,1
E05013539,Southall West,2,"Asian, Asian British or Asian Welsh: Chinese",5,L10 and L11: Lower supervisory and technical occupations,1
E05013539,Southall West,2,"Asian, Asian British or Asian Welsh: Chinese",6,L12: Semi-routine occupations,2
E05013539,Southall West,2,"Asian, Asian British or Asian Welsh: Chinese",7,L13: Routine occupations,0
E05013539,Southall West,2,"Asian, Asian British or Asian Welsh: Chinese",8,L14.1 and L14.2: Never worked and long-term unemployed,0
E05013539,Southall West,2,"Asian, Asian British or Asian Welsh: Chinese",9,L15: Full-time students,0
E05013539,Southall West,3,"Asian, Asian British or Asian Welsh: Indian",-8,Does not apply,518
E05013539,Southall West,3,"Asian, Asian British or Asian Welsh: Indian",1,"L1, L2 and L3: Higher managerial, administrative and professional occupations",134
E05013539,Southall West,3,"Asian, Asian British or Asian Welsh: Indian",2,"L4, L5 and L6: Lower managerial, administrative and professional occupations",236
E05013539,Southall West,3,"Asian, Asian British or Asian Welsh: Indian",3,L7: Intermediate occupations,215
E05013539,Southall West,3,"Asian, Asian British or Asian Welsh: Indian",4,L8 and L9: Small employers and own account workers,149
E05013539,Southall West,3,"Asian, Asian British or Asian Welsh: Indian",5,L10 and L11: Lower supervisory and technical occupations,154
E05013539,Southall West,3,"Asian, Asian British or Asian Welsh: Indian",6,L12: Semi-routine occupations,284
E05013539,Southall West,3,"Asian, Asian British or Asian Welsh: Indian",7,L13: Routine occupations,644
E05013539,Southall West,3,"Asian, Asian British or Asian Welsh: Indian",8,L14.1 and L14.2: Never worked and long-term unemployed,422
E05013539,Southall West,3,"Asian, Asian British or Asian Welsh: Indian",9,L15: Full-time students,199
E05013539,Southall West,4,"Asian, Asian British or Asian Welsh: Pakistani",-8,Does not apply,163
E05013539,Southall West,4,"Asian, Asian British or Asian Welsh: Pakistani",1,"L1, L2 and L3: Higher managerial, administrative and professional occupations",25
E05013539,Southall West,4,"Asian, Asian British or Asian Welsh: Pakistani",2,"L4, L5 and L6: Lower managerial, administrative and professional occupations",56
E05013539,Southall West,4,"Asian, Asian British or Asian Welsh: Pakistani",3,L7: Intermediate occupations,49
E05013539,Southall West,4,"Asian, Asian British or Asian Welsh: Pakistani",4,L8 and L9: Small employers and own account workers,54
E05013539,Southall West,4,"Asian, Asian British or Asian Welsh: Pakistani",5,L10 and L11: Lower supervisory and technical occupations,17
E05013539,Southall West,4,"Asian, Asian British or Asian Welsh: Pakistani",6,L12: Semi-routine occupations,59
E05013539,Southall West,4,"Asian, Asian British or Asian Welsh: Pakistani",7,L13: Routine occupations,49
E05013539,Southall West,4,"Asian, Asian British or Asian Welsh: Pakistani",8,L14.1 and L14.2: Never worked and long-term unemployed,144
E05013539,Southall West,4,"Asian, Asian British or Asian Welsh: Pakistani",9,L15: Full-time students,77
E05013539,Southall West,5,"Asian, Asian British or Asian Welsh: Other Asian",-8,Does not apply,225
E05013539,Southall West,5,"Asian, Asian British or Asian Welsh: Other Asian",1,"L1, L2 and L3: Higher managerial, administrative and professional occupations",21
E05013539,Southall West,5,"Asian, Asian British or Asian Welsh: Other Asian",2,"L4, L5 and L6: Lower managerial, administrative and professional occupations",45
E05013539,Southall West,5,"Asian, Asian British or Asian Welsh: Other Asian",3,L7: Intermediate occupations,29
E05013539,Southall West,5,"Asian, Asian British or Asian Welsh: Other Asian",4,L8 and L9: Small employers and own account workers,66
E05013539,Southall West,5,"Asian, Asian British or Asian Welsh: Other Asian",5,L10 and L11: Lower supervisory and technical occupations,25
E05013539,Southall West,5,"Asian, Asian British or Asian Welsh: Other Asian",6,L12: Semi-routine occupations,108
E05013539,Southall West,5,"Asian, Asian British or Asian Welsh: Other Asian",7,L13: Routine occupations,117
E05013539,Southall West,5,"Asian, Asian British or Asian Welsh: Other Asian",8,L14.1 and L14.2: Never worked and long-term unemployed,168
E05013539,Southall West,5,"Asian, Asian British or Asian Welsh: Other Asian",9,L15: Full-time students,69
E05013539,Southall West,6,"Black, Black British, Black Welsh, Caribbean or African: African",-8,Does not apply,137
E05013539,Southall West,6,"Black, Black British, Black Welsh, Caribbean or African: African",1,"L1, L2 and L3: Higher managerial, administrative and professional occupations",20
E05013539,Southall West,6,"Black, Black British, Black Welsh, Caribbean or African: African",2,"L4, L5 and L6: Lower managerial, administrative and professional occupations",21
E05013539,Southall West,6,"Black, Black British, Black Welsh, Caribbean or African: African",3,L7: Intermediate occupations,10
E05013539,Southall West,6,"Black, Black British, Black Welsh, Caribbean or African: African",4,L8 and L9: Small employers and own account workers,17
E05013539,Southall West,6,"Black, Black British, Black Welsh, Caribbean or African: African",5,L10 and L11: Lower supervisory and technical occupations,4
E05013539,Southall West,6,"Black, Black British, Black Welsh, Caribbean or African: African",6,L12: Semi-routine occupations,34
E05013539,Southall West,6,"Black, Black British, Black Welsh, Caribbean or African: African",7,L13: Routine occupations,40
E05013539,Southall West,6,"Black, Black British, Black Welsh, Caribbean or African: African",8,L14.1 and L14.2: Never worked and long-term unemployed,43
E05013539,Southall West,6,"Black, Black British, Black Welsh, Caribbean or African: African",9,L15: Full-time students,64
E05013539,Southall West,7,"Black, Black British, Black Welsh, Caribbean or African: Caribbean",-8,Does not apply,14
E05013539,Southall West,7,"Black, Black British, Black Welsh, Caribbean or African: Caribbean",1,"L1, L2 and L3: Higher managerial, administrative and professional occupations",4
E05013539,Southall West,7,"Black, Black British, Black Welsh, Caribbean or African: Caribbean",2,"L4, L5 and L6: Lower managerial, administrative and professional occupations",11
E05013539,Southall West,7,"Black, Black British, Black Welsh, Caribbean or African: Caribbean",3,L7: Intermediate occupations,17
E05013539,Southall West,7,"Black, Black British, Black Welsh, Caribbean or African: Caribbean",4,L8 and L9: Small employers and own account workers,7
E05013539,Southall West,7,"Black, Black British, Black Welsh, Caribbean or African: Caribbean",5,L10 and L11: Lower supervisory and technical occupations,5
E05013539,Southall West,7,"Black, Black British, Black Welsh, Caribbean or African: Caribbean",6,L12: Semi-routine occupations,7
E05013539,Southall West,7,"Black, Black British, Black Welsh, Caribbean or African: Caribbean",7,L13: Routine occupations,12
E05013539,Southall West,7,"Black, Black British, Black Welsh, Caribbean or African: Caribbean",8,L14.1 and L14.2: Never worked and long-term unemployed,11
E05013539,Southall West,7,"Black, Black British, Black Welsh, Caribbean or African: Caribbean",9,L15: Full-time students,7
E05013539,Southall West,8,"Black, Black British, Black Welsh, Caribbean or African: Other Black",-8,Does not apply,25
E05013539,Southall West,8,"Black, Black British, Black Welsh, Caribbean or African: Other Black",1,"L1, L2 and L3: Higher managerial, administrative and professional occupations",3
E05013539,Southall West,8,"Black, Black British, Black Welsh, Caribbean or African: Other Black",2,"L4, L5 and L6: Lower managerial, administrative and professional occupations",2
E05013539,Southall West,8,"Black, Black British, Black Welsh, Caribbean or African: Other Black",3,L7: Intermediate occupations,0
E05013539,Southall West,8,"Black, Black British, Black Welsh, Caribbean or African: Other Black",4,L8 and L9: Small employers and own account workers,3
E05013539,Southall West,8,"Black, Black British, Black Welsh, Caribbean or African: Other Black",5,L10 and L11: Lower supervisory and technical occupations,3
E05013539,Southall West,8,"Black, Black British, Black Welsh, Caribbean or African: Other Black",6,L12: Semi-routine occupations,5
E05013539,Southall West,8,"Black, Black British, Black Welsh, Caribbean or African: Other Black",7,L13: Routine occupations,5
E05013539,Southall West,8,"Black, Black British, Black Welsh, Caribbean or African: Other Black",8,L14.1 and L14.2: Never worked and long-term unemployed,2
E05013539,Southall West,8,"Black, Black British, Black Welsh, Caribbean or African: Other Black",9,L15: Full-time students,2
E05013539,Southall West,9,Mixed or Multiple ethnic groups: White and Asian,-8,Does not apply,14
E05013539,Southall West,9,Mixed or Multiple ethnic groups: White and Asian,1,"L1, L2 and L3: Higher managerial, administrative and professional occupations",0
E05013539,Southall West,9,Mixed or Multiple ethnic groups: White and Asian,2,"L4, L5 and L6: Lower managerial, administrative and professional occupations",3
E05013539,Southall West,9,Mixed or Multiple ethnic groups: White and Asian,3,L7: Intermediate occupations,6
E05013539,Southall West,9,Mixed or Multiple ethnic groups: White and Asian,4,L8 and L9: Small employers and own account workers,3
E05013539,Southall West,9,Mixed or Multiple ethnic groups: White and Asian,5,L10 and L11: Lower supervisory and technical occupations,1
E05013539,Southall West,9,Mixed or Multiple ethnic groups: White and Asian,6,L12: Semi-routine occupations,2
E05013539,Southall West,9,Mixed or Multiple ethnic groups: White and Asian,7,L13: Routine occupations,3
E05013539,Southall West,9,Mixed or Multiple ethnic groups: White and Asian,8,L14.1 and L14.2: Never worked and long-term unemployed,0
E05013539,Southall West,9,Mixed or Multiple ethnic groups: White and Asian,9,L15: Full-time students,4
E05013539,Southall West,10,Mixed or Multiple ethnic groups: White and Black African,-8,Does not apply,10
E05013539,Southall West,10,Mixed or Multiple ethnic groups: White and Black African,1,"L1, L2 and L3: Higher managerial, administrative and professional occupations",0
E05013539,Southall West,10,Mixed or Multiple ethnic groups: White and Black African,2,"L4, L5 and L6: Lower managerial, administrative and professional occupations",1
E05013539,Southall West,10,Mixed or Multiple ethnic groups: White and Black African,3,L7: Intermediate occupations,1
E05013539,Southall West,10,Mixed or Multiple ethnic groups: White and Black African,4,L8 and L9: Small employers and own account workers,0
E05013539,Southall West,10,Mixed or Multiple ethnic groups: White and Black African,5,L10 and L11: Lower supervisory and technical occupations,0
E05013539,Southall West,10,Mixed or Multiple ethnic groups: White and Black African,6,L12: Semi-routine occupations,0
E05013539,Southall West,10,Mixed or Multiple ethnic groups: White and Black African,7,L13: Routine occupations,3
E05013539,Southall West,10,Mixed or Multiple ethnic groups: White and Black African,8,L14.1 and L14.2: Never worked and long-term unemployed,4
E05013539,Southall West,10,Mixed or Multiple ethnic groups: White and Black African,9,L15: Full-time students,4
E05013539,Southall West,11,Mixed or Multiple ethnic groups: White and Black Caribbean,-8,Does not apply,12
E05013539,Southall West,11,Mixed or Multiple ethnic groups: White and Black Caribbean,1,"L1, L2 and L3: Higher managerial, administrative and professional occupations",0
E05013539,Southall West,11,Mixed or Multiple ethnic groups: White and Black Caribbean,2,"L4, L5 and L6: Lower managerial, administrative and professional occupations",5
E05013539,Southall West,11,Mixed or Multiple ethnic groups: White and Black Caribbean,3,L7: Intermediate occupations,2
E05013539,Southall West,11,Mixed or Multiple ethnic groups: White and Black Caribbean,4,L8 and L9: Small employers and own account workers,0
E05013539,Southall West,11,Mixed or Multiple ethnic groups: White and Black Caribbean,5,L10 and L11: Lower supervisory and technical occupations,0
E05013539,Southall West,11,Mixed or Multiple ethnic groups: White and Black Caribbean,6,L12: Semi-routine occupations,2
E05013539,Southall West,11,Mixed or Multiple ethnic groups: White and Black Caribbean,7,L13: Routine occupations,0
E05013539,Southall West,11,Mixed or Multiple ethnic groups: White and Black Caribbean,8,L14.1 and L14.2: Never worked and long-term unemployed,1
E05013539,Southall West,11,Mixed or Multiple ethnic groups: White and Black Caribbean,9,L15: Full-time students,3
E05013539,Southall West,12,Mixed or Multiple ethnic groups: Other Mixed or Multiple ethnic groups,-8,Does not apply,16
E05013539,Southall West,12,Mixed or Multiple ethnic groups: Other Mixed or Multiple ethnic groups,1,"L1, L2 and L3: Higher managerial, administrative and professional occupations",2
E05013539,Southall West,12,Mixed or Multiple ethnic groups: Other Mixed or Multiple ethnic groups,2,"L4, L5 and L6: Lower managerial, administrative and professional occupations",3
E05013539,Southall West,12,Mixed or Multiple ethnic groups: Other Mixed or Multiple ethnic groups,3,L7: Intermediate occupations,3
E05013539,Southall West,12,Mixed or Multiple ethnic groups: Other Mixed or Multiple ethnic groups,4,L8 and L9: Small employers and own account workers,2
E05013539,Southall West,12,Mixed or Multiple ethnic groups: Other Mixed or Multiple ethnic groups,5,L10 and L11: Lower supervisory and technical occupations,1
E05013539,Southall West,12,Mixed or Multiple ethnic groups: Other Mixed or Multiple ethnic groups,6,L12: Semi-routine occupations,4
E05013539,Southall West,12,Mixed or Multiple ethnic groups: Other Mixed or Multiple ethnic groups,7,L13: Routine occupations,1
E05013539,Southall West,12,Mixed or Multiple ethnic groups: Other Mixed or Multiple ethnic groups,8,L14.1 and L14.2: Never worked and long-term unemployed,3
E05013539,Southall West,12,Mixed or Multiple ethnic groups: Other Mixed or Multiple ethnic groups,9,L15: Full-time students,5
E05013539,Southall West,13,"White: English, Welsh, Scottish, Northern Irish or British",-8,Does not apply,26
E05013539,Southall West,13,"White: English, Welsh, Scottish, Northern Irish or British",1,"L1, L2 and L3: Higher managerial, administrative and professional occupations",10
E05013539,Southall West,13,"White: English, Welsh, Scottish, Northern Irish or British",2,"L4, L5 and L6: Lower managerial, administrative and professional occupations",24
E05013539,Southall West,13,"White: English, Welsh, Scottish, Northern Irish or British",3,L7: Intermediate occupations,11
E05013539,Southall West,13,"White: English, Welsh, Scottish, Northern Irish or British",4,L8 and L9: Small employers and own account workers,13
E05013539,Southall West,13,"White: English, Welsh, Scottish, Northern Irish or British",5,L10 and L11: Lower supervisory and technical occupations,20
E05013539,Southall West,13,"White: English, Welsh, Scottish, Northern Irish or British",6,L12: Semi-routine occupations,20
E05013539,Southall West,13,"White: English, Welsh, Scottish, Northern Irish or British",7,L13: Routine occupations,22
E05013539,Southall West,13,"White: English, Welsh, Scottish, Northern Irish or British",8,L14.1 and L14.2: Never worked and long-term unemployed,17
E05013539,Southall West,13,"White: English, Welsh, Scottish, Northern Irish or British",9,L15: Full-time students,3
E05013539,Southall West,14,White: Irish,-8,Does not apply,1
E05013539,Southall West,14,White: Irish,1,"L1, L2 and L3: Higher managerial, administrative and professional occupations",0
E05013539,Southall West,14,White: Irish,2,"L4, L5 and L6: Lower managerial, administrative and professional occupations",4
E05013539,Southall West,14,White: Irish,3,L7: Intermediate occupations,1
E05013539,Southall West,14,White: Irish,4,L8 and L9: Small employers and own account workers,3
E05013539,Southall West,14,White: Irish,5,L10 and L11: Lower supervisory and technical occupations,0
E05013539,Southall West,14,White: Irish,6,L12: Semi-routine occupations,0
E05013539,Southall West,14,White: Irish,7,L13: Routine occupations,0
E05013539,Southall West,14,White: Irish,8,L14.1 and L14.2: Never worked and long-term unemployed,0
E05013539,Southall West,14,White: Irish,9,L15: Full-time students,1
E05013539,Southall West,15,White: Gypsy or Irish Traveller,-8,Does not apply,2
E05013539,Southall West,15,White: Gypsy or Irish Traveller,1,"L1, L2 and L3: Higher managerial, administrative and professional occupations",0
E05013539,Southall West,15,White: Gypsy or Irish Traveller,2,"L4, L5 and L6: Lower managerial, administrative and professional occupations",0
E05013539,Southall West,15,White: Gypsy or Irish Traveller,3,L7: Intermediate occupations,0
E05013539,Southall West,15,White: Gypsy or Irish Traveller,4,L8 and L9: Small employers and own account workers,2
E05013539,Southall West,15,White: Gypsy or Irish Traveller,5,L10 and L11: Lower supervisory and technical occupations,0
E05013539,Southall West,15,White: Gypsy or Irish Traveller,6,L12: Semi-routine occupations,0
E05013539,Southall West,15,White: Gypsy or Irish Traveller,7,L13: Routine occupations,0
E05013539,Southall West,15,White: Gypsy or Irish Traveller,8,L14.1 and L14.2: Never worked and long-term unemployed,1
E05013539,Southall West,15,White: Gypsy or Irish Traveller,9,L15: Full-time students,0
E05013539,Southall West,16,White: Roma,-8,Does not apply,0
E05013539,Southall West,16,White: Roma,1,"L1, L2 and L3: Higher managerial, administrative and professional occupations",0
E05013539,Southall West,16,White: Roma,2,"L4, L5 and L6: Lower managerial, administrative and professional occupations",1
E05013539,Southall West,16,White: Roma,3,L7: Intermediate occupations,0
E05013539,Southall West,16,White: Roma,4,L8 and L9: Small employers and own account workers,0
E05013539,Southall West,16,White: Roma,5,L10 and L11: Lower supervisory and technical occupations,1
E05013539,Southall West,16,White: Roma,6,L12: Semi-routine occupations,0
E05013539,Southall West,16,White: Roma,7,L13: Routine occupations,1
E05013539,Southall West,16,White: Roma,8,L14.1 and L14.2: Never worked and long-term unemployed,0
E05013539,Southall West,16,White: Roma,9,L15: Full-time students,0
E05013539,Southall West,17,White: Other White,-8,Does not apply,25
E05013539,Southall West,17,White: Other White,1,"L1, L2 and L3: Higher managerial, administrative and professional occupations",4
E05013539,Southall West,17,White: Other White,2,"L4, L5 and L6: Lower managerial, administrative and professional occupations",18
E05013539,Southall West,17,White: Other White,3,L7: Intermediate occupations,7
E05013539,Southall West,17,White: Other White,4,L8 and L9: Small employers and own account workers,15
E05013539,Southall West,17,White: Other White,5,L10 and L11: Lower supervisory and technical occupations,3
E05013539,Southall West,17,White: Other White,6,L12: Semi-routine occupations,7
E05013539,Southall West,17,White: Other White,7,L13: Routine occupations,16
E05013539,Southall West,17,White: Other White,8,L14.1 and L14.2: Never worked and long-term unemployed,14
E05013539,Southall West,17,White: Other White,9,L15: Full-time students,9
E05013539,Southall West,18,Other ethnic group: Arab,-8,Does not apply,23
E05013539,Southall West,18,Other ethnic group: Arab,1,"L1, L2 and L3: Higher managerial, administrative and professional occupations",3
E05013539,Southall West,18,Other ethnic group: Arab,2,"L4, L5 and L6: Lower managerial, administrative and professional occupations",3
E05013539,Southall West,18,Other ethnic group: Arab,3,L7: Intermediate occupations,2
E05013539,Southall West,18,Other ethnic group: Arab,4,L8 and L9: Small employers and own account workers,1
E05013539,Southall West,18,Other ethnic group: Arab,5,L10 and L11: Lower supervisory and technical occupations,2
E05013539,Southall West,18,Other ethnic group: Arab,6,L12: Semi-routine occupations,5
E05013539,Southall West,18,Other ethnic group: Arab,7,L13: Routine occupations,2
E05013539,Southall West,18,Other ethnic group: Arab,8,L14.1 and L14.2: Never worked and long-term unemployed,10
E05013539,Southall West,18,Other ethnic group: Arab,9,L15: Full-time students,6
E05013539,Southall West,19,Other ethnic group: Any other ethnic group,-8,Does not apply,108
E05013539,Southall West,19,Other ethnic group: Any other ethnic group,1,"L1, L2 and L3: Higher managerial, administrative and professional occupations",46
E05013539,Southall West,19,Other ethnic group: Any other ethnic group,2,"L4, L5 and L6: Lower managerial, administrative and professional occupations",44
E05013539,Southall West,19,Other ethnic group: Any other ethnic group,3,L7: Intermediate occupations,28
E05013539,Southall West,19,Other ethnic group: Any other ethnic group,4,L8 and L9: Small employers and own account workers,38
E05013539,Southall West,19,Other ethnic group: Any other ethnic group,5,L10 and L11: Lower supervisory and technical occupations,26
E05013539,Southall West,19,Other ethnic group: Any other ethnic group,6,L12: Semi-routine occupations,47
E05013539,Southall West,19,Other ethnic group: Any other ethnic group,7,L13: Routine occupations,116
E05013539,Southall West,19,Other ethnic group: Any other ethnic group,8,L14.1 and L14.2: Never worked and long-term unemployed,104
E05013539,Southall West,19,Other ethnic group: Any other ethnic group,9,L15: Full-time students,40
E05013540,Southfield,-8,Does not apply,-8,Does not apply,0
E05013540,Southfield,-8,Does not apply,1,"L1, L2 and L3: Higher managerial, administrative and professional occupations",0
E05013540,Southfield,-8,Does not apply,2,"L4, L5 and L6: Lower managerial, administrative and professional occupations",0
E05013540,Southfield,-8,Does not apply,3,L7: Intermediate occupations,0
E05013540,Southfield,-8,Does not apply,4,L8 and L9: Small employers and own account workers,0
E05013540,Southfield,-8,Does not apply,5,L10 and L11: Lower supervisory and technical occupations,0
E05013540,Southfield,-8,Does not apply,6,L12: Semi-routine occupations,0
E05013540,Southfield,-8,Does not apply,7,L13: Routine occupations,0
E05013540,Southfield,-8,Does not apply,8,L14.1 and L14.2: Never worked and long-term unemployed,0
E05013540,Southfield,-8,Does not apply,9,L15: Full-time students,0
E05013540,Southfield,1,"Asian, Asian British or Asian Welsh: Bangladeshi",-8,Does not apply,2
E05013540,Southfield,1,"Asian, Asian British or Asian Welsh: Bangladeshi",1,"L1, L2 and L3: Higher managerial, administrative and professional occupations",10
E05013540,Southfield,1,"Asian, Asian British or Asian Welsh: Bangladeshi",2,"L4, L5 and L6: Lower managerial, administrative and professional occupations",7
E05013540,Southfield,1,"Asian, Asian British or Asian Welsh: Bangladeshi",3,L7: Intermediate occupations,4
E05013540,Southfield,1,"Asian, Asian British or Asian Welsh: Bangladeshi",4,L8 and L9: Small employers and own account workers,1
E05013540,Southfield,1,"Asian, Asian British or Asian Welsh: Bangladeshi",5,L10 and L11: Lower supervisory and technical occupations,2
E05013540,Southfield,1,"Asian, Asian British or Asian Welsh: Bangladeshi",6,L12: Semi-routine occupations,1
E05013540,Southfield,1,"Asian, Asian British or Asian Welsh: Bangladeshi",7,L13: Routine occupations,2
E05013540,Southfield,1,"Asian, Asian British or Asian Welsh: Bangladeshi",8,L14.1 and L14.2: Never worked and long-term unemployed,3
E05013540,Southfield,1,"Asian, Asian British or Asian Welsh: Bangladeshi",9,L15: Full-time students,2
E05013540,Southfield,2,"Asian, Asian British or Asian Welsh: Chinese",-8,Does not apply,20
E05013540,Southfield,2,"Asian, Asian British or Asian Welsh: Chinese",1,"L1, L2 and L3: Higher managerial, administrative and professional occupations",104
E05013540,Southfield,2,"Asian, Asian British or Asian Welsh: Chinese",2,"L4, L5 and L6: Lower managerial, administrative and professional occupations",53
E05013540,Southfield,2,"Asian, Asian British or Asian Welsh: Chinese",3,L7: Intermediate occupations,22
E05013540,Southfield,2,"Asian, Asian British or Asian Welsh: Chinese",4,L8 and L9: Small employers and own account workers,21
E05013540,Southfield,2,"Asian, Asian British or Asian Welsh: Chinese",5,L10 and L11: Lower supervisory and technical occupations,5
E05013540,Southfield,2,"Asian, Asian British or Asian Welsh: Chinese",6,L12: Semi-routine occupations,12
E05013540,Southfield,2,"Asian, Asian British or Asian Welsh: Chinese",7,L13: Routine occupations,6
E05013540,Southfield,2,"Asian, Asian British or Asian Welsh: Chinese",8,L14.1 and L14.2: Never worked and long-term unemployed,13
E05013540,Southfield,2,"Asian, Asian British or Asian Welsh: Chinese",9,L15: Full-time students,8
E05013540,Southfield,3,"Asian, Asian British or Asian Welsh: Indian",-8,Does not apply,83
E05013540,Southfield,3,"Asian, Asian British or Asian Welsh: Indian",1,"L1, L2 and L3: Higher managerial, administrative and professional occupations",144
E05013540,Southfield,3,"Asian, Asian British or Asian Welsh: Indian",2,"L4, L5 and L6: Lower managerial, administrative and professional occupations",100
E05013540,Southfield,3,"Asian, Asian British or Asian Welsh: Indian",3,L7: Intermediate occupations,30
E05013540,Southfield,3,"Asian, Asian British or Asian Welsh: Indian",4,L8 and L9: Small employers and own account workers,49
E05013540,Southfield,3,"Asian, Asian British or Asian Welsh: Indian",5,L10 and L11: Lower supervisory and technical occupations,16
E05013540,Southfield,3,"Asian, Asian British or Asian Welsh: Indian",6,L12: Semi-routine occupations,24
E05013540,Southfield,3,"Asian, Asian British or Asian Welsh: Indian",7,L13: Routine occupations,36
E05013540,Southfield,3,"Asian, Asian British or Asian Welsh: Indian",8,L14.1 and L14.2: Never worked and long-term unemployed,42
E05013540,Southfield,3,"Asian, Asian British or Asian Welsh: Indian",9,L15: Full-time students,18
E05013540,Southfield,4,"Asian, Asian British or Asian Welsh: Pakistani",-8,Does not apply,29
E05013540,Southfield,4,"Asian, Asian British or Asian Welsh: Pakistani",1,"L1, L2 and L3: Higher managerial, administrative and professional occupations",31
E05013540,Southfield,4,"Asian, Asian British or Asian Welsh: Pakistani",2,"L4, L5 and L6: Lower managerial, administrative and professional occupations",35
E05013540,Southfield,4,"Asian, Asian British or Asian Welsh: Pakistani",3,L7: Intermediate occupations,9
E05013540,Southfield,4,"Asian, Asian British or Asian Welsh: Pakistani",4,L8 and L9: Small employers and own account workers,6
E05013540,Southfield,4,"Asian, Asian British or Asian Welsh: Pakistani",5,L10 and L11: Lower supervisory and technical occupations,4
E05013540,Southfield,4,"Asian, Asian British or Asian Welsh: Pakistani",6,L12: Semi-routine occupations,9
E05013540,Southfield,4,"Asian, Asian British or Asian Welsh: Pakistani",7,L13: Routine occupations,13
E05013540,Southfield,4,"Asian, Asian British or Asian Welsh: Pakistani",8,L14.1 and L14.2: Never worked and long-term unemployed,23
E05013540,Southfield,4,"Asian, Asian British or Asian Welsh: Pakistani",9,L15: Full-time students,7
E05013540,Southfield,5,"Asian, Asian British or Asian Welsh: Other Asian",-8,Does not apply,87
E05013540,Southfield,5,"Asian, Asian British or Asian Welsh: Other Asian",1,"L1, L2 and L3: Higher managerial, administrative and professional occupations",83
E05013540,Southfield,5,"Asian, Asian British or Asian Welsh: Other Asian",2,"L4, L5 and L6: Lower managerial, administrative and professional occupations",95
E05013540,Southfield,5,"Asian, Asian British or Asian Welsh: Other Asian",3,L7: Intermediate occupations,42
E05013540,Southfield,5,"Asian, Asian British or Asian Welsh: Other Asian",4,L8 and L9: Small employers and own account workers,48
E05013540,Southfield,5,"Asian, Asian British or Asian Welsh: Other Asian",5,L10 and L11: Lower supervisory and technical occupations,23
E05013540,Southfield,5,"Asian, Asian British or Asian Welsh: Other Asian",6,L12: Semi-routine occupations,53
E05013540,Southfield,5,"Asian, Asian British or Asian Welsh: Other Asian",7,L13: Routine occupations,53
E05013540,Southfield,5,"Asian, Asian British or Asian Welsh: Other Asian",8,L14.1 and L14.2: Never worked and long-term unemployed,84
E05013540,Southfield,5,"Asian, Asian British or Asian Welsh: Other Asian",9,L15: Full-time students,34
E05013540,Southfield,6,"Black, Black British, Black Welsh, Caribbean or African: African",-8,Does not apply,112
E05013540,Southfield,6,"Black, Black British, Black Welsh, Caribbean or African: African",1,"L1, L2 and L3: Higher managerial, administrative and professional occupations",41
E05013540,Southfield,6,"Black, Black British, Black Welsh, Caribbean or African: African",2,"L4, L5 and L6: Lower managerial, administrative and professional occupations",95
E05013540,Southfield,6,"Black, Black British, Black Welsh, Caribbean or African: African",3,L7: Intermediate occupations,31
E05013540,Southfield,6,"Black, Black British, Black Welsh, Caribbean or African: African",4,L8 and L9: Small employers and own account workers,31
E05013540,Southfield,6,"Black, Black British, Black Welsh, Caribbean or African: African",5,L10 and L11: Lower supervisory and technical occupations,8
E05013540,Southfield,6,"Black, Black British, Black Welsh, Caribbean or African: African",6,L12: Semi-routine occupations,38
E05013540,Southfield,6,"Black, Black British, Black Welsh, Caribbean or African: African",7,L13: Routine occupations,30
E05013540,Southfield,6,"Black, Black British, Black Welsh, Caribbean or African: African",8,L14.1 and L14.2: Never worked and long-term unemployed,69
E05013540,Southfield,6,"Black, Black British, Black Welsh, Caribbean or African: African",9,L15: Full-time students,74
E05013540,Southfield,7,"Black, Black British, Black Welsh, Caribbean or African: Caribbean",-8,Does not apply,113
E05013540,Southfield,7,"Black, Black British, Black Welsh, Caribbean or African: Caribbean",1,"L1, L2 and L3: Higher managerial, administrative and professional occupations",48
E05013540,Southfield,7,"Black, Black British, Black Welsh, Caribbean or African: Caribbean",2,"L4, L5 and L6: Lower managerial, administrative and professional occupations",70
E05013540,Southfield,7,"Black, Black British, Black Welsh, Caribbean or African: Caribbean",3,L7: Intermediate occupations,53
E05013540,Southfield,7,"Black, Black British, Black Welsh, Caribbean or African: Caribbean",4,L8 and L9: Small employers and own account workers,28
E05013540,Southfield,7,"Black, Black British, Black Welsh, Caribbean or African: Caribbean",5,L10 and L11: Lower supervisory and technical occupations,13
E05013540,Southfield,7,"Black, Black British, Black Welsh, Caribbean or African: Caribbean",6,L12: Semi-routine occupations,46
E05013540,Southfield,7,"Black, Black British, Black Welsh, Caribbean or African: Caribbean",7,L13: Routine occupations,46
E05013540,Southfield,7,"Black, Black British, Black Welsh, Caribbean or African: Caribbean",8,L14.1 and L14.2: Never worked and long-term unemployed,39
E05013540,Southfield,7,"Black, Black British, Black Welsh, Caribbean or African: Caribbean",9,L15: Full-time students,16
E05013540,Southfield,8,"Black, Black British, Black Welsh, Caribbean or African: Other Black",-8,Does not apply,31
E05013540,Southfield,8,"Black, Black British, Black Welsh, Caribbean or African: Other Black",1,"L1, L2 and L3: Higher managerial, administrative and professional occupations",5
E05013540,Southfield,8,"Black, Black British, Black Welsh, Caribbean or African: Other Black",2,"L4, L5 and L6: Lower managerial, administrative and professional occupations",17
E05013540,Southfield,8,"Black, Black British, Black Welsh, Caribbean or African: Other Black",3,L7: Intermediate occupations,9
E05013540,Southfield,8,"Black, Black British, Black Welsh, Caribbean or African: Other Black",4,L8 and L9: Small employers and own account workers,5
E05013540,Southfield,8,"Black, Black British, Black Welsh, Caribbean or African: Other Black",5,L10 and L11: Lower supervisory and technical occupations,1
E05013540,Southfield,8,"Black, Black British, Black Welsh, Caribbean or African: Other Black",6,L12: Semi-routine occupations,14
E05013540,Southfield,8,"Black, Black British, Black Welsh, Caribbean or African: Other Black",7,L13: Routine occupations,5
E05013540,Southfield,8,"Black, Black British, Black Welsh, Caribbean or African: Other Black",8,L14.1 and L14.2: Never worked and long-term unemployed,10
E05013540,Southfield,8,"Black, Black British, Black Welsh, Caribbean or African: Other Black",9,L15: Full-time students,10
E05013540,Southfield,9,Mixed or Multiple ethnic groups: White and Asian,-8,Does not apply,184
E05013540,Southfield,9,Mixed or Multiple ethnic groups: White and Asian,1,"L1, L2 and L3: Higher managerial, administrative and professional occupations",45
E05013540,Southfield,9,Mixed or Multiple ethnic groups: White and Asian,2,"L4, L5 and L6: Lower managerial, administrative and professional occupations",43
E05013540,Southfield,9,Mixed or Multiple ethnic groups: White and Asian,3,L7: Intermediate occupations,14
E05013540,Southfield,9,Mixed or Multiple ethnic groups: White and Asian,4,L8 and L9: Small employers and own account workers,17
E05013540,Southfield,9,Mixed or Multiple ethnic groups: White and Asian,5,L10 and L11: Lower supervisory and technical occupations,4
E05013540,Southfield,9,Mixed or Multiple ethnic groups: White and Asian,6,L12: Semi-routine occupations,9
E05013540,Southfield,9,Mixed or Multiple ethnic groups: White and Asian,7,L13: Routine occupations,4
E05013540,Southfield,9,Mixed or Multiple ethnic groups: White and Asian,8,L14.1 and L14.2: Never worked and long-term unemployed,9
E05013540,Southfield,9,Mixed or Multiple ethnic groups: White and Asian,9,L15: Full-time students,41
E05013540,Southfield,10,Mixed or Multiple ethnic groups: White and Black African,-8,Does not apply,51
E05013540,Southfield,10,Mixed or Multiple ethnic groups: White and Black African,1,"L1, L2 and L3: Higher managerial, administrative and professional occupations",15
E05013540,Southfield,10,Mixed or Multiple ethnic groups: White and Black African,2,"L4, L5 and L6: Lower managerial, administrative and professional occupations",24
E05013540,Southfield,10,Mixed or Multiple ethnic groups: White and Black African,3,L7: Intermediate occupations,6
E05013540,Southfield,10,Mixed or Multiple ethnic groups: White and Black African,4,L8 and L9: Small employers and own account workers,5
E05013540,Southfield,10,Mixed or Multiple ethnic groups: White and Black African,5,L10 and L11: Lower supervisory and technical occupations,2
E05013540,Southfield,10,Mixed or Multiple ethnic groups: White and Black African,6,L12: Semi-routine occupations,5
E05013540,Southfield,10,Mixed or Multiple ethnic groups: White and Black African,7,L13: Routine occupations,4
E05013540,Southfield,10,Mixed or Multiple ethnic groups: White and Black African,8,L14.1 and L14.2: Never worked and long-term unemployed,5
E05013540,Southfield,10,Mixed or Multiple ethnic groups: White and Black African,9,L15: Full-time students,13
E05013540,Southfield,11,Mixed or Multiple ethnic groups: White and Black Caribbean,-8,Does not apply,51
E05013540,Southfield,11,Mixed or Multiple ethnic groups: White and Black Caribbean,1,"L1, L2 and L3: Higher managerial, administrative and professional occupations",24
E05013540,Southfield,11,Mixed or Multiple ethnic groups: White and Black Caribbean,2,"L4, L5 and L6: Lower managerial, administrative and professional occupations",23
E05013540,Southfield,11,Mixed or Multiple ethnic groups: White and Black Caribbean,3,L7: Intermediate occupations,11
E05013540,Southfield,11,Mixed or Multiple ethnic groups: White and Black Caribbean,4,L8 and L9: Small employers and own account workers,8
E05013540,Southfield,11,Mixed or Multiple ethnic groups: White and Black Caribbean,5,L10 and L11: Lower supervisory and technical occupations,15
E05013540,Southfield,11,Mixed or Multiple ethnic groups: White and Black Caribbean,6,L12: Semi-routine occupations,12
E05013540,Southfield,11,Mixed or Multiple ethnic groups: White and Black Caribbean,7,L13: Routine occupations,7
E05013540,Southfield,11,Mixed or Multiple ethnic groups: White and Black Caribbean,8,L14.1 and L14.2: Never worked and long-term unemployed,9
E05013540,Southfield,11,Mixed or Multiple ethnic groups: White and Black Caribbean,9,L15: Full-time students,11
E05013540,Southfield,12,Mixed or Multiple ethnic groups: Other Mixed or Multiple ethnic groups,-8,Does not apply,166
E05013540,Southfield,12,Mixed or Multiple ethnic groups: Other Mixed or Multiple ethnic groups,1,"L1, L2 and L3: Higher managerial, administrative and professional occupations",63
E05013540,Southfield,12,Mixed or Multiple ethnic groups: Other Mixed or Multiple ethnic groups,2,"L4, L5 and L6: Lower managerial, administrative and professional occupations",77
E05013540,Southfield,12,Mixed or Multiple ethnic groups: Other Mixed or Multiple ethnic groups,3,L7: Intermediate occupations,17
E05013540,Southfield,12,Mixed or Multiple ethnic groups: Other Mixed or Multiple ethnic groups,4,L8 and L9: Small employers and own account workers,20
E05013540,Southfield,12,Mixed or Multiple ethnic groups: Other Mixed or Multiple ethnic groups,5,L10 and L11: Lower supervisory and technical occupations,3
E05013540,Southfield,12,Mixed or Multiple ethnic groups: Other Mixed or Multiple ethnic groups,6,L12: Semi-routine occupations,9
E05013540,Southfield,12,Mixed or Multiple ethnic groups: Other Mixed or Multiple ethnic groups,7,L13: Routine occupations,15
E05013540,Southfield,12,Mixed or Multiple ethnic groups: Other Mixed or Multiple ethnic groups,8,L14.1 and L14.2: Never worked and long-term unemployed,19
E05013540,Southfield,12,Mixed or Multiple ethnic groups: Other Mixed or Multiple ethnic groups,9,L15: Full-time students,26
E05013540,Southfield,13,"White: English, Welsh, Scottish, Northern Irish or British",-8,Does not apply,1300
E05013540,Southfield,13,"White: English, Welsh, Scottish, Northern Irish or British",1,"L1, L2 and L3: Higher managerial, administrative and professional occupations",2067
E05013540,Southfield,13,"White: English, Welsh, Scottish, Northern Irish or British",2,"L4, L5 and L6: Lower managerial, administrative and professional occupations",1835
E05013540,Southfield,13,"White: English, Welsh, Scottish, Northern Irish or British",3,L7: Intermediate occupations,502
E05013540,Southfield,13,"White: English, Welsh, Scottish, Northern Irish or British",4,L8 and L9: Small employers and own account workers,657
E05013540,Southfield,13,"White: English, Welsh, Scottish, Northern Irish or British",5,L10 and L11: Lower supervisory and technical occupations,151
E05013540,Southfield,13,"White: English, Welsh, Scottish, Northern Irish or British",6,L12: Semi-routine occupations,236
E05013540,Southfield,13,"White: English, Welsh, Scottish, Northern Irish or British",7,L13: Routine occupations,199
E05013540,Southfield,13,"White: English, Welsh, Scottish, Northern Irish or British",8,L14.1 and L14.2: Never worked and long-term unemployed,225
E05013540,Southfield,13,"White: English, Welsh, Scottish, Northern Irish or British",9,L15: Full-time students,328
E05013540,Southfield,14,White: Irish,-8,Does not apply,30
E05013540,Southfield,14,White: Irish,1,"L1, L2 and L3: Higher managerial, administrative and professional occupations",125
E05013540,Southfield,14,White: Irish,2,"L4, L5 and L6: Lower managerial, administrative and professional occupations",112
E05013540,Southfield,14,White: Irish,3,L7: Intermediate occupations,42
E05013540,Southfield,14,White: Irish,4,L8 and L9: Small employers and own account workers,53
E05013540,Southfield,14,White: Irish,5,L10 and L11: Lower supervisory and technical occupations,8
E05013540,Southfield,14,White: Irish,6,L12: Semi-routine occupations,33
E05013540,Southfield,14,White: Irish,7,L13: Routine occupations,31
E05013540,Southfield,14,White: Irish,8,L14.1 and L14.2: Never worked and long-term unemployed,25
E05013540,Southfield,14,White: Irish,9,L15: Full-time students,12
E05013540,Southfield,15,White: Gypsy or Irish Traveller,-8,Does not apply,0
E05013540,Southfield,15,White: Gypsy or Irish Traveller,1,"L1, L2 and L3: Higher managerial, administrative and professional occupations",0
E05013540,Southfield,15,White: Gypsy or Irish Traveller,2,"L4, L5 and L6: Lower managerial, administrative and professional occupations",0
E05013540,Southfield,15,White: Gypsy or Irish Traveller,3,L7: Intermediate occupations,0
E05013540,Southfield,15,White: Gypsy or Irish Traveller,4,L8 and L9: Small employers and own account workers,0
E05013540,Southfield,15,White: Gypsy or Irish Traveller,5,L10 and L11: Lower supervisory and technical occupations,0
E05013540,Southfield,15,White: Gypsy or Irish Traveller,6,L12: Semi-routine occupations,0
E05013540,Southfield,15,White: Gypsy or Irish Traveller,7,L13: Routine occupations,0
E05013540,Southfield,15,White: Gypsy or Irish Traveller,8,L14.1 and L14.2: Never worked and long-term unemployed,0
E05013540,Southfield,15,White: Gypsy or Irish Traveller,9,L15: Full-time students,0
E05013540,Southfield,16,White: Roma,-8,Does not apply,4
E05013540,Southfield,16,White: Roma,1,"L1, L2 and L3: Higher managerial, administrative and professional occupations",16
E05013540,Southfield,16,White: Roma,2,"L4, L5 and L6: Lower managerial, administrative and professional occupations",12
E05013540,Southfield,16,White: Roma,3,L7: Intermediate occupations,2
E05013540,Southfield,16,White: Roma,4,L8 and L9: Small employers and own account workers,9
E05013540,Southfield,16,White: Roma,5,L10 and L11: Lower supervisory and technical occupations,8
E05013540,Southfield,16,White: Roma,6,L12: Semi-routine occupations,6
E05013540,Southfield,16,White: Roma,7,L13: Routine occupations,16
E05013540,Southfield,16,White: Roma,8,L14.1 and L14.2: Never worked and long-term unemployed,5
E05013540,Southfield,16,White: Roma,9,L15: Full-time students,8
E05013540,Southfield,17,White: Other White,-8,Does not apply,531
E05013540,Southfield,17,White: Other White,1,"L1, L2 and L3: Higher managerial, administrative and professional occupations",1003
E05013540,Southfield,17,White: Other White,2,"L4, L5 and L6: Lower managerial, administrative and professional occupations",759
E05013540,Southfield,17,White: Other White,3,L7: Intermediate occupations,234
E05013540,Southfield,17,White: Other White,4,L8 and L9: Small employers and own account workers,441
E05013540,Southfield,17,White: Other White,5,L10 and L11: Lower supervisory and technical occupations,105
E05013540,Southfield,17,White: Other White,6,L12: Semi-routine occupations,137
E05013540,Southfield,17,White: Other White,7,L13: Routine occupations,179
E05013540,Southfield,17,White: Other White,8,L14.1 and L14.2: Never worked and long-term unemployed,112
E05013540,Southfield,17,White: Other White,9,L15: Full-time students,161
E05013540,Southfield,18,Other ethnic group: Arab,-8,Does not apply,73
E05013540,Southfield,18,Other ethnic group: Arab,1,"L1, L2 and L3: Higher managerial, administrative and professional occupations",42
E05013540,Southfield,18,Other ethnic group: Arab,2,"L4, L5 and L6: Lower managerial, administrative and professional occupations",43
E05013540,Southfield,18,Other ethnic group: Arab,3,L7: Intermediate occupations,22
E05013540,Southfield,18,Other ethnic group: Arab,4,L8 and L9: Small employers and own account workers,26
E05013540,Southfield,18,Other ethnic group: Arab,5,L10 and L11: Lower supervisory and technical occupations,8
E05013540,Southfield,18,Other ethnic group: Arab,6,L12: Semi-routine occupations,19
E05013540,Southfield,18,Other ethnic group: Arab,7,L13: Routine occupations,22
E05013540,Southfield,18,Other ethnic group: Arab,8,L14.1 and L14.2: Never worked and long-term unemployed,86
E05013540,Southfield,18,Other ethnic group: Arab,9,L15: Full-time students,43
E05013540,Southfield,19,Other ethnic group: Any other ethnic group,-8,Does not apply,83
E05013540,Southfield,19,Other ethnic group: Any other ethnic group,1,"L1, L2 and L3: Higher managerial, administrative and professional occupations",124
E05013540,Southfield,19,Other ethnic group: Any other ethnic group,2,"L4, L5 and L6: Lower managerial, administrative and professional occupations",92
E05013540,Southfield,19,Other ethnic group: Any other ethnic group,3,L7: Intermediate occupations,39
E05013540,Southfield,19,Other ethnic group: Any other ethnic group,4,L8 and L9: Small employers and own account workers,59
E05013540,Southfield,19,Other ethnic group: Any other ethnic group,5,L10 and L11: Lower supervisory and technical occupations,13
E05013540,Southfield,19,Other ethnic group: Any other ethnic group,6,L12: Semi-routine occupations,36
E05013540,Southfield,19,Other ethnic group: Any other ethnic group,7,L13: Routine occupations,40
E05013540,Southfield,19,Other ethnic group: Any other ethnic group,8,L14.1 and L14.2: Never worked and long-term unemployed,60
E05013540,Southfield,19,Other ethnic group: Any other ethnic group,9,L15: Full-time students,26
E05013541,Walpole,-8,Does not apply,-8,Does not apply,0
E05013541,Walpole,-8,Does not apply,1,"L1, L2 and L3: Higher managerial, administrative and professional occupations",0
E05013541,Walpole,-8,Does not apply,2,"L4, L5 and L6: Lower managerial, administrative and professional occupations",0
E05013541,Walpole,-8,Does not apply,3,L7: Intermediate occupations,0
E05013541,Walpole,-8,Does not apply,4,L8 and L9: Small employers and own account workers,0
E05013541,Walpole,-8,Does not apply,5,L10 and L11: Lower supervisory and technical occupations,0
E05013541,Walpole,-8,Does not apply,6,L12: Semi-routine occupations,0
E05013541,Walpole,-8,Does not apply,7,L13: Routine occupations,0
E05013541,Walpole,-8,Does not apply,8,L14.1 and L14.2: Never worked and long-term unemployed,0
E05013541,Walpole,-8,Does not apply,9,L15: Full-time students,0
E05013541,Walpole,1,"Asian, Asian British or Asian Welsh: Bangladeshi",-8,Does not apply,10
E05013541,Walpole,1,"Asian, Asian British or Asian Welsh: Bangladeshi",1,"L1, L2 and L3: Higher managerial, administrative and professional occupations",3
E05013541,Walpole,1,"Asian, Asian British or Asian Welsh: Bangladeshi",2,"L4, L5 and L6: Lower managerial, administrative and professional occupations",8
E05013541,Walpole,1,"Asian, Asian British or Asian Welsh: Bangladeshi",3,L7: Intermediate occupations,3
E05013541,Walpole,1,"Asian, Asian British or Asian Welsh: Bangladeshi",4,L8 and L9: Small employers and own account workers,2
E05013541,Walpole,1,"Asian, Asian British or Asian Welsh: Bangladeshi",5,L10 and L11: Lower supervisory and technical occupations,5
E05013541,Walpole,1,"Asian, Asian British or Asian Welsh: Bangladeshi",6,L12: Semi-routine occupations,9
E05013541,Walpole,1,"Asian, Asian British or Asian Welsh: Bangladeshi",7,L13: Routine occupations,7
E05013541,Walpole,1,"Asian, Asian British or Asian Welsh: Bangladeshi",8,L14.1 and L14.2: Never worked and long-term unemployed,13
E05013541,Walpole,1,"Asian, Asian British or Asian Welsh: Bangladeshi",9,L15: Full-time students,3
E05013541,Walpole,2,"Asian, Asian British or Asian Welsh: Chinese",-8,Does not apply,28
E05013541,Walpole,2,"Asian, Asian British or Asian Welsh: Chinese",1,"L1, L2 and L3: Higher managerial, administrative and professional occupations",74
E05013541,Walpole,2,"Asian, Asian British or Asian Welsh: Chinese",2,"L4, L5 and L6: Lower managerial, administrative and professional occupations",46
E05013541,Walpole,2,"Asian, Asian British or Asian Welsh: Chinese",3,L7: Intermediate occupations,12
E05013541,Walpole,2,"Asian, Asian British or Asian Welsh: Chinese",4,L8 and L9: Small employers and own account workers,18
E05013541,Walpole,2,"Asian, Asian British or Asian Welsh: Chinese",5,L10 and L11: Lower supervisory and technical occupations,7
E05013541,Walpole,2,"Asian, Asian British or Asian Welsh: Chinese",6,L12: Semi-routine occupations,7
E05013541,Walpole,2,"Asian, Asian British or Asian Welsh: Chinese",7,L13: Routine occupations,9
E05013541,Walpole,2,"Asian, Asian British or Asian Welsh: Chinese",8,L14.1 and L14.2: Never worked and long-term unemployed,17
E05013541,Walpole,2,"Asian, Asian British or Asian Welsh: Chinese",9,L15: Full-time students,7
E05013541,Walpole,3,"Asian, Asian British or Asian Welsh: Indian",-8,Does not apply,120
E05013541,Walpole,3,"Asian, Asian British or Asian Welsh: Indian",1,"L1, L2 and L3: Higher managerial, administrative and professional occupations",197
E05013541,Walpole,3,"Asian, Asian British or Asian Welsh: Indian",2,"L4, L5 and L6: Lower managerial, administrative and professional occupations",169
E05013541,Walpole,3,"Asian, Asian British or Asian Welsh: Indian",3,L7: Intermediate occupations,70
E05013541,Walpole,3,"Asian, Asian British or Asian Welsh: Indian",4,L8 and L9: Small employers and own account workers,54
E05013541,Walpole,3,"Asian, Asian British or Asian Welsh: Indian",5,L10 and L11: Lower supervisory and technical occupations,19
E05013541,Walpole,3,"Asian, Asian British or Asian Welsh: Indian",6,L12: Semi-routine occupations,51
E05013541,Walpole,3,"Asian, Asian British or Asian Welsh: Indian",7,L13: Routine occupations,51
E05013541,Walpole,3,"Asian, Asian British or Asian Welsh: Indian",8,L14.1 and L14.2: Never worked and long-term unemployed,86
E05013541,Walpole,3,"Asian, Asian British or Asian Welsh: Indian",9,L15: Full-time students,38
E05013541,Walpole,4,"Asian, Asian British or Asian Welsh: Pakistani",-8,Does not apply,44
E05013541,Walpole,4,"Asian, Asian British or Asian Welsh: Pakistani",1,"L1, L2 and L3: Higher managerial, administrative and professional occupations",42
E05013541,Walpole,4,"Asian, Asian British or Asian Welsh: Pakistani",2,"L4, L5 and L6: Lower managerial, administrative and professional occupations",51
E05013541,Walpole,4,"Asian, Asian British or Asian Welsh: Pakistani",3,L7: Intermediate occupations,32
E05013541,Walpole,4,"Asian, Asian British or Asian Welsh: Pakistani",4,L8 and L9: Small employers and own account workers,38
E05013541,Walpole,4,"Asian, Asian British or Asian Welsh: Pakistani",5,L10 and L11: Lower supervisory and technical occupations,12
E05013541,Walpole,4,"Asian, Asian British or Asian Welsh: Pakistani",6,L12: Semi-routine occupations,21
E05013541,Walpole,4,"Asian, Asian British or Asian Welsh: Pakistani",7,L13: Routine occupations,12
E05013541,Walpole,4,"Asian, Asian British or Asian Welsh: Pakistani",8,L14.1 and L14.2: Never worked and long-term unemployed,37
E05013541,Walpole,4,"Asian, Asian British or Asian Welsh: Pakistani",9,L15: Full-time students,18
E05013541,Walpole,5,"Asian, Asian British or Asian Welsh: Other Asian",-8,Does not apply,90
E05013541,Walpole,5,"Asian, Asian British or Asian Welsh: Other Asian",1,"L1, L2 and L3: Higher managerial, administrative and professional occupations",91
E05013541,Walpole,5,"Asian, Asian British or Asian Welsh: Other Asian",2,"L4, L5 and L6: Lower managerial, administrative and professional occupations",111
E05013541,Walpole,5,"Asian, Asian British or Asian Welsh: Other Asian",3,L7: Intermediate occupations,48
E05013541,Walpole,5,"Asian, Asian British or Asian Welsh: Other Asian",4,L8 and L9: Small employers and own account workers,57
E05013541,Walpole,5,"Asian, Asian British or Asian Welsh: Other Asian",5,L10 and L11: Lower supervisory and technical occupations,18
E05013541,Walpole,5,"Asian, Asian British or Asian Welsh: Other Asian",6,L12: Semi-routine occupations,51
E05013541,Walpole,5,"Asian, Asian British or Asian Welsh: Other Asian",7,L13: Routine occupations,24
E05013541,Walpole,5,"Asian, Asian British or Asian Welsh: Other Asian",8,L14.1 and L14.2: Never worked and long-term unemployed,86
E05013541,Walpole,5,"Asian, Asian British or Asian Welsh: Other Asian",9,L15: Full-time students,32
E05013541,Walpole,6,"Black, Black British, Black Welsh, Caribbean or African: African",-8,Does not apply,128
E05013541,Walpole,6,"Black, Black British, Black Welsh, Caribbean or African: African",1,"L1, L2 and L3: Higher managerial, administrative and professional occupations",29
E05013541,Walpole,6,"Black, Black British, Black Welsh, Caribbean or African: African",2,"L4, L5 and L6: Lower managerial, administrative and professional occupations",53
E05013541,Walpole,6,"Black, Black British, Black Welsh, Caribbean or African: African",3,L7: Intermediate occupations,36
E05013541,Walpole,6,"Black, Black British, Black Welsh, Caribbean or African: African",4,L8 and L9: Small employers and own account workers,30
E05013541,Walpole,6,"Black, Black British, Black Welsh, Caribbean or African: African",5,L10 and L11: Lower supervisory and technical occupations,9
E05013541,Walpole,6,"Black, Black British, Black Welsh, Caribbean or African: African",6,L12: Semi-routine occupations,45
E05013541,Walpole,6,"Black, Black British, Black Welsh, Caribbean or African: African",7,L13: Routine occupations,40
E05013541,Walpole,6,"Black, Black British, Black Welsh, Caribbean or African: African",8,L14.1 and L14.2: Never worked and long-term unemployed,101
E05013541,Walpole,6,"Black, Black British, Black Welsh, Caribbean or African: African",9,L15: Full-time students,43
E05013541,Walpole,7,"Black, Black British, Black Welsh, Caribbean or African: Caribbean",-8,Does not apply,35
E05013541,Walpole,7,"Black, Black British, Black Welsh, Caribbean or African: Caribbean",1,"L1, L2 and L3: Higher managerial, administrative and professional occupations",30
E05013541,Walpole,7,"Black, Black British, Black Welsh, Caribbean or African: Caribbean",2,"L4, L5 and L6: Lower managerial, administrative and professional occupations",72
E05013541,Walpole,7,"Black, Black British, Black Welsh, Caribbean or African: Caribbean",3,L7: Intermediate occupations,34
E05013541,Walpole,7,"Black, Black British, Black Welsh, Caribbean or African: Caribbean",4,L8 and L9: Small employers and own account workers,29
E05013541,Walpole,7,"Black, Black British, Black Welsh, Caribbean or African: Caribbean",5,L10 and L11: Lower supervisory and technical occupations,21
E05013541,Walpole,7,"Black, Black British, Black Welsh, Caribbean or African: Caribbean",6,L12: Semi-routine occupations,21
E05013541,Walpole,7,"Black, Black British, Black Welsh, Caribbean or African: Caribbean",7,L13: Routine occupations,36
E05013541,Walpole,7,"Black, Black British, Black Welsh, Caribbean or African: Caribbean",8,L14.1 and L14.2: Never worked and long-term unemployed,48
E05013541,Walpole,7,"Black, Black British, Black Welsh, Caribbean or African: Caribbean",9,L15: Full-time students,18
E05013541,Walpole,8,"Black, Black British, Black Welsh, Caribbean or African: Other Black",-8,Does not apply,21
E05013541,Walpole,8,"Black, Black British, Black Welsh, Caribbean or African: Other Black",1,"L1, L2 and L3: Higher managerial, administrative and professional occupations",8
E05013541,Walpole,8,"Black, Black British, Black Welsh, Caribbean or African: Other Black",2,"L4, L5 and L6: Lower managerial, administrative and professional occupations",12
E05013541,Walpole,8,"Black, Black British, Black Welsh, Caribbean or African: Other Black",3,L7: Intermediate occupations,2
E05013541,Walpole,8,"Black, Black British, Black Welsh, Caribbean or African: Other Black",4,L8 and L9: Small employers and own account workers,6
E05013541,Walpole,8,"Black, Black British, Black Welsh, Caribbean or African: Other Black",5,L10 and L11: Lower supervisory and technical occupations,2
E05013541,Walpole,8,"Black, Black British, Black Welsh, Caribbean or African: Other Black",6,L12: Semi-routine occupations,6
E05013541,Walpole,8,"Black, Black British, Black Welsh, Caribbean or African: Other Black",7,L13: Routine occupations,8
E05013541,Walpole,8,"Black, Black British, Black Welsh, Caribbean or African: Other Black",8,L14.1 and L14.2: Never worked and long-term unemployed,10
E05013541,Walpole,8,"Black, Black British, Black Welsh, Caribbean or African: Other Black",9,L15: Full-time students,10
E05013541,Walpole,9,Mixed or Multiple ethnic groups: White and Asian,-8,Does not apply,193
E05013541,Walpole,9,Mixed or Multiple ethnic groups: White and Asian,1,"L1, L2 and L3: Higher managerial, administrative and professional occupations",47
E05013541,Walpole,9,Mixed or Multiple ethnic groups: White and Asian,2,"L4, L5 and L6: Lower managerial, administrative and professional occupations",37
E05013541,Walpole,9,Mixed or Multiple ethnic groups: White and Asian,3,L7: Intermediate occupations,18
E05013541,Walpole,9,Mixed or Multiple ethnic groups: White and Asian,4,L8 and L9: Small employers and own account workers,12
E05013541,Walpole,9,Mixed or Multiple ethnic groups: White and Asian,5,L10 and L11: Lower supervisory and technical occupations,1
E05013541,Walpole,9,Mixed or Multiple ethnic groups: White and Asian,6,L12: Semi-routine occupations,2
E05013541,Walpole,9,Mixed or Multiple ethnic groups: White and Asian,7,L13: Routine occupations,6
E05013541,Walpole,9,Mixed or Multiple ethnic groups: White and Asian,8,L14.1 and L14.2: Never worked and long-term unemployed,11
E05013541,Walpole,9,Mixed or Multiple ethnic groups: White and Asian,9,L15: Full-time students,25
E05013541,Walpole,10,Mixed or Multiple ethnic groups: White and Black African,-8,Does not apply,54
E05013541,Walpole,10,Mixed or Multiple ethnic groups: White and Black African,1,"L1, L2 and L3: Higher managerial, administrative and professional occupations",10
E05013541,Walpole,10,Mixed or Multiple ethnic groups: White and Black African,2,"L4, L5 and L6: Lower managerial, administrative and professional occupations",11
E05013541,Walpole,10,Mixed or Multiple ethnic groups: White and Black African,3,L7: Intermediate occupations,7
E05013541,Walpole,10,Mixed or Multiple ethnic groups: White and Black African,4,L8 and L9: Small employers and own account workers,9
E05013541,Walpole,10,Mixed or Multiple ethnic groups: White and Black African,5,L10 and L11: Lower supervisory and technical occupations,9
E05013541,Walpole,10,Mixed or Multiple ethnic groups: White and Black African,6,L12: Semi-routine occupations,6
E05013541,Walpole,10,Mixed or Multiple ethnic groups: White and Black African,7,L13: Routine occupations,5
E05013541,Walpole,10,Mixed or Multiple ethnic groups: White and Black African,8,L14.1 and L14.2: Never worked and long-term unemployed,8
E05013541,Walpole,10,Mixed or Multiple ethnic groups: White and Black African,9,L15: Full-time students,13
E05013541,Walpole,11,Mixed or Multiple ethnic groups: White and Black Caribbean,-8,Does not apply,65
E05013541,Walpole,11,Mixed or Multiple ethnic groups: White and Black Caribbean,1,"L1, L2 and L3: Higher managerial, administrative and professional occupations",10
E05013541,Walpole,11,Mixed or Multiple ethnic groups: White and Black Caribbean,2,"L4, L5 and L6: Lower managerial, administrative and professional occupations",22
E05013541,Walpole,11,Mixed or Multiple ethnic groups: White and Black Caribbean,3,L7: Intermediate occupations,11
E05013541,Walpole,11,Mixed or Multiple ethnic groups: White and Black Caribbean,4,L8 and L9: Small employers and own account workers,8
E05013541,Walpole,11,Mixed or Multiple ethnic groups: White and Black Caribbean,5,L10 and L11: Lower supervisory and technical occupations,3
E05013541,Walpole,11,Mixed or Multiple ethnic groups: White and Black Caribbean,6,L12: Semi-routine occupations,7
E05013541,Walpole,11,Mixed or Multiple ethnic groups: White and Black Caribbean,7,L13: Routine occupations,5
E05013541,Walpole,11,Mixed or Multiple ethnic groups: White and Black Caribbean,8,L14.1 and L14.2: Never worked and long-term unemployed,13
E05013541,Walpole,11,Mixed or Multiple ethnic groups: White and Black Caribbean,9,L15: Full-time students,13
E05013541,Walpole,12,Mixed or Multiple ethnic groups: Other Mixed or Multiple ethnic groups,-8,Does not apply,119
E05013541,Walpole,12,Mixed or Multiple ethnic groups: Other Mixed or Multiple ethnic groups,1,"L1, L2 and L3: Higher managerial, administrative and professional occupations",41
E05013541,Walpole,12,Mixed or Multiple ethnic groups: Other Mixed or Multiple ethnic groups,2,"L4, L5 and L6: Lower managerial, administrative and professional occupations",58
E05013541,Walpole,12,Mixed or Multiple ethnic groups: Other Mixed or Multiple ethnic groups,3,L7: Intermediate occupations,15
E05013541,Walpole,12,Mixed or Multiple ethnic groups: Other Mixed or Multiple ethnic groups,4,L8 and L9: Small employers and own account workers,22
E05013541,Walpole,12,Mixed or Multiple ethnic groups: Other Mixed or Multiple ethnic groups,5,L10 and L11: Lower supervisory and technical occupations,6
E05013541,Walpole,12,Mixed or Multiple ethnic groups: Other Mixed or Multiple ethnic groups,6,L12: Semi-routine occupations,10
E05013541,Walpole,12,Mixed or Multiple ethnic groups: Other Mixed or Multiple ethnic groups,7,L13: Routine occupations,10
E05013541,Walpole,12,Mixed or Multiple ethnic groups: Other Mixed or Multiple ethnic groups,8,L14.1 and L14.2: Never worked and long-term unemployed,18
E05013541,Walpole,12,Mixed or Multiple ethnic groups: Other Mixed or Multiple ethnic groups,9,L15: Full-time students,24
E05013541,Walpole,13,"White: English, Welsh, Scottish, Northern Irish or British",-8,Does not apply,1151
E05013541,Walpole,13,"White: English, Welsh, Scottish, Northern Irish or British",1,"L1, L2 and L3: Higher managerial, administrative and professional occupations",1598
E05013541,Walpole,13,"White: English, Welsh, Scottish, Northern Irish or British",2,"L4, L5 and L6: Lower managerial, administrative and professional occupations",1635
E05013541,Walpole,13,"White: English, Welsh, Scottish, Northern Irish or British",3,L7: Intermediate occupations,474
E05013541,Walpole,13,"White: English, Welsh, Scottish, Northern Irish or British",4,L8 and L9: Small employers and own account workers,529
E05013541,Walpole,13,"White: English, Welsh, Scottish, Northern Irish or British",5,L10 and L11: Lower supervisory and technical occupations,121
E05013541,Walpole,13,"White: English, Welsh, Scottish, Northern Irish or British",6,L12: Semi-routine occupations,196
E05013541,Walpole,13,"White: English, Welsh, Scottish, Northern Irish or British",7,L13: Routine occupations,208
E05013541,Walpole,13,"White: English, Welsh, Scottish, Northern Irish or British",8,L14.1 and L14.2: Never worked and long-term unemployed,198
E05013541,Walpole,13,"White: English, Welsh, Scottish, Northern Irish or British",9,L15: Full-time students,297
E05013541,Walpole,14,White: Irish,-8,Does not apply,43
E05013541,Walpole,14,White: Irish,1,"L1, L2 and L3: Higher managerial, administrative and professional occupations",144
E05013541,Walpole,14,White: Irish,2,"L4, L5 and L6: Lower managerial, administrative and professional occupations",173
E05013541,Walpole,14,White: Irish,3,L7: Intermediate occupations,59
E05013541,Walpole,14,White: Irish,4,L8 and L9: Small employers and own account workers,56
E05013541,Walpole,14,White: Irish,5,L10 and L11: Lower supervisory and technical occupations,17
E05013541,Walpole,14,White: Irish,6,L12: Semi-routine occupations,26
E05013541,Walpole,14,White: Irish,7,L13: Routine occupations,37
E05013541,Walpole,14,White: Irish,8,L14.1 and L14.2: Never worked and long-term unemployed,47
E05013541,Walpole,14,White: Irish,9,L15: Full-time students,18
E05013541,Walpole,15,White: Gypsy or Irish Traveller,-8,Does not apply,0
E05013541,Walpole,15,White: Gypsy or Irish Traveller,1,"L1, L2 and L3: Higher managerial, administrative and professional occupations",0
E05013541,Walpole,15,White: Gypsy or Irish Traveller,2,"L4, L5 and L6: Lower managerial, administrative and professional occupations",0
E05013541,Walpole,15,White: Gypsy or Irish Traveller,3,L7: Intermediate occupations,1
E05013541,Walpole,15,White: Gypsy or Irish Traveller,4,L8 and L9: Small employers and own account workers,1
E05013541,Walpole,15,White: Gypsy or Irish Traveller,5,L10 and L11: Lower supervisory and technical occupations,0
E05013541,Walpole,15,White: Gypsy or Irish Traveller,6,L12: Semi-routine occupations,0
E05013541,Walpole,15,White: Gypsy or Irish Traveller,7,L13: Routine occupations,0
E05013541,Walpole,15,White: Gypsy or Irish Traveller,8,L14.1 and L14.2: Never worked and long-term unemployed,0
E05013541,Walpole,15,White: Gypsy or Irish Traveller,9,L15: Full-time students,0
E05013541,Walpole,16,White: Roma,-8,Does not apply,8
E05013541,Walpole,16,White: Roma,1,"L1, L2 and L3: Higher managerial, administrative and professional occupations",3
E05013541,Walpole,16,White: Roma,2,"L4, L5 and L6: Lower managerial, administrative and professional occupations",9
E05013541,Walpole,16,White: Roma,3,L7: Intermediate occupations,4
E05013541,Walpole,16,White: Roma,4,L8 and L9: Small employers and own account workers,8
E05013541,Walpole,16,White: Roma,5,L10 and L11: Lower supervisory and technical occupations,12
E05013541,Walpole,16,White: Roma,6,L12: Semi-routine occupations,3
E05013541,Walpole,16,White: Roma,7,L13: Routine occupations,11
E05013541,Walpole,16,White: Roma,8,L14.1 and L14.2: Never worked and long-term unemployed,5
E05013541,Walpole,16,White: Roma,9,L15: Full-time students,5
E05013541,Walpole,17,White: Other White,-8,Does not apply,370
E05013541,Walpole,17,White: Other White,1,"L1, L2 and L3: Higher managerial, administrative and professional occupations",526
E05013541,Walpole,17,White: Other White,2,"L4, L5 and L6: Lower managerial, administrative and professional occupations",609
E05013541,Walpole,17,White: Other White,3,L7: Intermediate occupations,228
E05013541,Walpole,17,White: Other White,4,L8 and L9: Small employers and own account workers,460
E05013541,Walpole,17,White: Other White,5,L10 and L11: Lower supervisory and technical occupations,72
E05013541,Walpole,17,White: Other White,6,L12: Semi-routine occupations,133
E05013541,Walpole,17,White: Other White,7,L13: Routine occupations,180
E05013541,Walpole,17,White: Other White,8,L14.1 and L14.2: Never worked and long-term unemployed,97
E05013541,Walpole,17,White: Other White,9,L15: Full-time students,145
E05013541,Walpole,18,Other ethnic group: Arab,-8,Does not apply,71
E05013541,Walpole,18,Other ethnic group: Arab,1,"L1, L2 and L3: Higher managerial, administrative and professional occupations",34
E05013541,Walpole,18,Other ethnic group: Arab,2,"L4, L5 and L6: Lower managerial, administrative and professional occupations",37
E05013541,Walpole,18,Other ethnic group: Arab,3,L7: Intermediate occupations,14
E05013541,Walpole,18,Other ethnic group: Arab,4,L8 and L9: Small employers and own account workers,19
E05013541,Walpole,18,Other ethnic group: Arab,5,L10 and L11: Lower supervisory and technical occupations,21
E05013541,Walpole,18,Other ethnic group: Arab,6,L12: Semi-routine occupations,11
E05013541,Walpole,18,Other ethnic group: Arab,7,L13: Routine occupations,21
E05013541,Walpole,18,Other ethnic group: Arab,8,L14.1 and L14.2: Never worked and long-term unemployed,75
E05013541,Walpole,18,Other ethnic group: Arab,9,L15: Full-time students,20
E05013541,Walpole,19,Other ethnic group: Any other ethnic group,-8,Does not apply,75
E05013541,Walpole,19,Other ethnic group: Any other ethnic group,1,"L1, L2 and L3: Higher managerial, administrative and professional occupations",85
E05013541,Walpole,19,Other ethnic group: Any other ethnic group,2,"L4, L5 and L6: Lower managerial, administrative and professional occupations",94
E05013541,Walpole,19,Other ethnic group: Any other ethnic group,3,L7: Intermediate occupations,34
E05013541,Walpole,19,Other ethnic group: Any other ethnic group,4,L8 and L9: Small employers and own account workers,51
E05013541,Walpole,19,Other ethnic group: Any other ethnic group,5,L10 and L11: Lower supervisory and technical occupations,22
E05013541,Walpole,19,Other ethnic group: Any other ethnic group,6,L12: Semi-routine occupations,35
E05013541,Walpole,19,Other ethnic group: Any other ethnic group,7,L13: Routine occupations,45
E05013541,Walpole,19,Other ethnic group: Any other ethnic group,8,L14.1 and L14.2: Never worked and long-term unemployed,86
E05013541,Walpole,19,Other ethnic group: Any other ethnic group,9,L15: Full-time students,34
